Fitter report for WhackAMole
Mon May 11 13:50:20 2026
Quartus Prime Version 20.1.1 Build 720 11/11/2020 SJ Lite Edition


---------------------
; Table of Contents ;
---------------------
  1. Legal Notice
  2. Fitter Summary
  3. Fitter Settings
  4. Parallel Compilation
  5. Fitter Netlist Optimizations
  6. Incremental Compilation Preservation Summary
  7. Incremental Compilation Partition Settings
  8. Incremental Compilation Placement Preservation
  9. Pin-Out File
 10. Fitter Resource Usage Summary
 11. Fitter Partition Statistics
 12. Input Pins
 13. Output Pins
 14. I/O Bank Usage
 15. All Package Pins
 16. I/O Assignment Warnings
 17. Fitter Resource Utilization by Entity
 18. Delay Chain Summary
 19. Pad To Core Delay Chain Fanout
 20. Control Signals
 21. Global & Other Fast Signals
 22. Fitter RAM Summary
 23. Routing Usage Summary
 24. I/O Rules Summary
 25. I/O Rules Details
 26. I/O Rules Matrix
 27. Fitter Device Options
 28. Operating Settings and Conditions
 29. Estimated Delay Added for Hold Timing Summary
 30. Estimated Delay Added for Hold Timing Details
 31. Fitter Messages
 32. Fitter Suppressed Messages



----------------
; Legal Notice ;
----------------
Copyright (C) 2020  Intel Corporation. All rights reserved.
Your use of Intel Corporation's design tools, logic functions 
and other software and tools, and any partner logic 
functions, and any output files from any of the foregoing 
(including device programming or simulation files), and any 
associated documentation or information are expressly subject 
to the terms and conditions of the Intel Program License 
Subscription Agreement, the Intel Quartus Prime License Agreement,
the Intel FPGA IP License Agreement, or other applicable license
agreement, including, without limitation, that your use is for
the sole purpose of programming logic devices manufactured by
Intel and sold by Intel or its authorized distributors.  Please
refer to the applicable agreement for further details, at
https://fpgasoftware.intel.com/eula.



+-------------------------------------------------------------------------------+
; Fitter Summary                                                                ;
+---------------------------------+---------------------------------------------+
; Fitter Status                   ; Successful - Mon May 11 13:50:20 2026       ;
; Quartus Prime Version           ; 20.1.1 Build 720 11/11/2020 SJ Lite Edition ;
; Revision Name                   ; WhackAMole                                  ;
; Top-level Entity Name           ; WhackAMole                                  ;
; Family                          ; Cyclone V                                   ;
; Device                          ; 5CEBA4F23C7                                 ;
; Timing Models                   ; Final                                       ;
; Logic utilization (in ALMs)     ; 528 / 18,480 ( 3 % )                        ;
; Total registers                 ; 256                                         ;
; Total pins                      ; 54 / 224 ( 24 % )                           ;
; Total virtual pins              ; 0                                           ;
; Total block memory bits         ; 320 / 3,153,920 ( < 1 % )                   ;
; Total RAM Blocks                ; 2 / 308 ( < 1 % )                           ;
; Total DSP Blocks                ; 0 / 66 ( 0 % )                              ;
; Total HSSI RX PCSs              ; 0                                           ;
; Total HSSI PMA RX Deserializers ; 0                                           ;
; Total HSSI TX PCSs              ; 0                                           ;
; Total HSSI PMA TX Serializers   ; 0                                           ;
; Total PLLs                      ; 0 / 4 ( 0 % )                               ;
; Total DLLs                      ; 0 / 4 ( 0 % )                               ;
+---------------------------------+---------------------------------------------+


+----------------------------------------------------------------------------------------------------------------------------------------------------+
; Fitter Settings                                                                                                                                    ;
+--------------------------------------------------------------------+---------------------------------------+---------------------------------------+
; Option                                                             ; Setting                               ; Default Value                         ;
+--------------------------------------------------------------------+---------------------------------------+---------------------------------------+
; Device                                                             ; 5CEBA4F23C7                           ;                                       ;
; Minimum Core Junction Temperature                                  ; 0                                     ;                                       ;
; Maximum Core Junction Temperature                                  ; 85                                    ;                                       ;
; Use smart compilation                                              ; Off                                   ; Off                                   ;
; Enable parallel Assembler and Timing Analyzer during compilation   ; On                                    ; On                                    ;
; Enable compact report table                                        ; Off                                   ; Off                                   ;
; Router Timing Optimization Level                                   ; Normal                                ; Normal                                ;
; Perform Clocking Topology Analysis During Routing                  ; Off                                   ; Off                                   ;
; Placement Effort Multiplier                                        ; 1.0                                   ; 1.0                                   ;
; Device initialization clock source                                 ; INIT_INTOSC                           ; INIT_INTOSC                           ;
; Optimize Hold Timing                                               ; All Paths                             ; All Paths                             ;
; Optimize Multi-Corner Timing                                       ; On                                    ; On                                    ;
; Auto RAM to MLAB Conversion                                        ; On                                    ; On                                    ;
; Equivalent RAM and MLAB Power Up                                   ; Auto                                  ; Auto                                  ;
; Equivalent RAM and MLAB Paused Read Capabilities                   ; Care                                  ; Care                                  ;
; Power Optimization During Fitting                                  ; Normal compilation                    ; Normal compilation                    ;
; SSN Optimization                                                   ; Off                                   ; Off                                   ;
; Optimize Timing                                                    ; Normal compilation                    ; Normal compilation                    ;
; Optimize Timing for ECOs                                           ; Off                                   ; Off                                   ;
; Regenerate Full Fit Report During ECO Compiles                     ; Off                                   ; Off                                   ;
; Optimize IOC Register Placement for Timing                         ; Normal                                ; Normal                                ;
; Final Placement Optimizations                                      ; Automatically                         ; Automatically                         ;
; Fitter Aggressive Routability Optimizations                        ; Automatically                         ; Automatically                         ;
; Fitter Initial Placement Seed                                      ; 1                                     ; 1                                     ;
; Periphery to Core Placement and Routing Optimization               ; Off                                   ; Off                                   ;
; Weak Pull-Up Resistor                                              ; Off                                   ; Off                                   ;
; Enable Bus-Hold Circuitry                                          ; Off                                   ; Off                                   ;
; Auto Packed Registers                                              ; Auto                                  ; Auto                                  ;
; Auto Delay Chains                                                  ; On                                    ; On                                    ;
; Auto Delay Chains for High Fanout Input Pins                       ; Off                                   ; Off                                   ;
; Treat Bidirectional Pin as Output Pin                              ; Off                                   ; Off                                   ;
; Perform Physical Synthesis for Combinational Logic for Fitting     ; Off                                   ; Off                                   ;
; Perform Physical Synthesis for Combinational Logic for Performance ; Off                                   ; Off                                   ;
; Perform Register Duplication for Performance                       ; Off                                   ; Off                                   ;
; Perform Register Retiming for Performance                          ; Off                                   ; Off                                   ;
; Perform Asynchronous Signal Pipelining                             ; Off                                   ; Off                                   ;
; Fitter Effort                                                      ; Auto Fit                              ; Auto Fit                              ;
; Physical Synthesis Effort Level                                    ; Normal                                ; Normal                                ;
; Logic Cell Insertion - Logic Duplication                           ; Auto                                  ; Auto                                  ;
; Auto Register Duplication                                          ; Auto                                  ; Auto                                  ;
; Auto Global Clock                                                  ; On                                    ; On                                    ;
; Auto Global Register Control Signals                               ; On                                    ; On                                    ;
; Reserve all unused pins                                            ; As input tri-stated with weak pull-up ; As input tri-stated with weak pull-up ;
; Synchronizer Identification                                        ; Auto                                  ; Auto                                  ;
; Enable Beneficial Skew Optimization                                ; On                                    ; On                                    ;
; Optimize Design for Metastability                                  ; On                                    ; On                                    ;
; Active Serial clock source                                         ; FREQ_100MHz                           ; FREQ_100MHz                           ;
; Force Fitter to Avoid Periphery Placement Warnings                 ; Off                                   ; Off                                   ;
; Clamping Diode                                                     ; Off                                   ; Off                                   ;
; Enable input tri-state on active configuration pins in user mode   ; Off                                   ; Off                                   ;
; Advanced Physical Optimization                                     ; On                                    ; On                                    ;
+--------------------------------------------------------------------+---------------------------------------+---------------------------------------+


+------------------------------------------+
; Parallel Compilation                     ;
+----------------------------+-------------+
; Processors                 ; Number      ;
+----------------------------+-------------+
; Number detected on machine ; 8           ;
; Maximum allowed            ; 4           ;
;                            ;             ;
; Average used               ; 1.09        ;
; Maximum used               ; 4           ;
;                            ;             ;
; Usage by Processor         ; % Time Used ;
;     Processor 1            ; 100.0%      ;
;     Processor 2            ;   3.2%      ;
;     Processor 3            ;   3.1%      ;
;     Processor 4            ;   3.1%      ;
+----------------------------+-------------+


+---------------------------------------------------------------------------------------------------------------------------------------------------------------------------------------------------------------------------------------------------------------+
; Fitter Netlist Optimizations                                                                                                                                                                                                                                  ;
+---------------------------------------+------------+---------------------------------------------------+----------------------------+-----------+----------------+-------------------------------------------------+------------------+-----------------------+
; Node                                  ; Action     ; Operation                                         ; Reason                     ; Node Port ; Node Port Name ; Destination Node                                ; Destination Port ; Destination Port Name ;
+---------------------------------------+------------+---------------------------------------------------+----------------------------+-----------+----------------+-------------------------------------------------+------------------+-----------------------+
; clk~inputCLKENA0                      ; Created    ; Placement                                         ; Fitter Periphery Placement ;           ;                ;                                                 ;                  ;                       ;
; GameController:game_inst|gameLevel[0] ; Duplicated ; Router Logic Cell Insertion and Logic Duplication ; Routability optimization   ;           ;                ; GameController:game_inst|gameLevel[0]~DUPLICATE ;                  ;                       ;
; GameController:game_inst|roundRunning ; Duplicated ; Router Logic Cell Insertion and Logic Duplication ; Routability optimization   ;           ;                ; GameController:game_inst|roundRunning~DUPLICATE ;                  ;                       ;
+---------------------------------------+------------+---------------------------------------------------+----------------------------+-----------+----------------+-------------------------------------------------+------------------+-----------------------+


+---------------------------------------------------------------------------------------------------+
; Incremental Compilation Preservation Summary                                                      ;
+---------------------+---------------------+----------------------------+--------------------------+
; Type                ; Total [A + B]       ; From Design Partitions [A] ; From Rapid Recompile [B] ;
+---------------------+---------------------+----------------------------+--------------------------+
; Placement (by node) ;                     ;                            ;                          ;
;     -- Requested    ; 0.00 % ( 0 / 1404 ) ; 0.00 % ( 0 / 1404 )        ; 0.00 % ( 0 / 1404 )      ;
;     -- Achieved     ; 0.00 % ( 0 / 1404 ) ; 0.00 % ( 0 / 1404 )        ; 0.00 % ( 0 / 1404 )      ;
;                     ;                     ;                            ;                          ;
; Routing (by net)    ;                     ;                            ;                          ;
;     -- Requested    ; 0.00 % ( 0 / 0 )    ; 0.00 % ( 0 / 0 )           ; 0.00 % ( 0 / 0 )         ;
;     -- Achieved     ; 0.00 % ( 0 / 0 )    ; 0.00 % ( 0 / 0 )           ; 0.00 % ( 0 / 0 )         ;
+---------------------+---------------------+----------------------------+--------------------------+


+----------------------------------------------------------------------------------------------------------------------------------------------------------------------------------------+
; Incremental Compilation Partition Settings                                                                                                                                             ;
+--------------------------------+----------------+-------------------+-------------------------+------------------------+------------------------------+--------------------------------+
; Partition Name                 ; Partition Type ; Netlist Type Used ; Preservation Level Used ; Netlist Type Requested ; Preservation Level Requested ; Contents                       ;
+--------------------------------+----------------+-------------------+-------------------------+------------------------+------------------------------+--------------------------------+
; Top                            ; User-created   ; Source File       ; N/A                     ; Source File            ; N/A                          ;                                ;
; hard_block:auto_generated_inst ; Auto-generated ; Source File       ; N/A                     ; Source File            ; N/A                          ; hard_block:auto_generated_inst ;
+--------------------------------+----------------+-------------------+-------------------------+------------------------+------------------------------+--------------------------------+


+------------------------------------------------------------------------------------------------------------------------------------+
; Incremental Compilation Placement Preservation                                                                                     ;
+--------------------------------+-----------------------+-------------------------+-------------------+---------------------+-------+
; Partition Name                 ; Preservation Achieved ; Preservation Level Used ; Netlist Type Used ; Preservation Method ; Notes ;
+--------------------------------+-----------------------+-------------------------+-------------------+---------------------+-------+
; Top                            ; 0.00 % ( 0 / 1404 )   ; N/A                     ; Source File       ; N/A                 ;       ;
; hard_block:auto_generated_inst ; 0.00 % ( 0 / 0 )      ; N/A                     ; Source File       ; N/A                 ;       ;
+--------------------------------+-----------------------+-------------------------+-------------------+---------------------+-------+


+--------------+
; Pin-Out File ;
+--------------+
The pin-out file can be found in C:/ADD/AdvancedDigitalDesignFinal/syn/output_files/WhackAMole.pin.


+-------------------------------------------------------------------------------------------+
; Fitter Resource Usage Summary                                                             ;
+-------------------------------------------------------------+---------------------+-------+
; Resource                                                    ; Usage               ; %     ;
+-------------------------------------------------------------+---------------------+-------+
; Logic utilization (ALMs needed / total ALMs on device)      ; 528 / 18,480        ; 3 %   ;
; ALMs needed [=A-B+C]                                        ; 528                 ;       ;
;     [A] ALMs used in final placement [=a+b+c+d]             ; 551 / 18,480        ; 3 %   ;
;         [a] ALMs used for LUT logic and registers           ; 95                  ;       ;
;         [b] ALMs used for LUT logic                         ; 424                 ;       ;
;         [c] ALMs used for registers                         ; 32                  ;       ;
;         [d] ALMs used for memory (up to half of total ALMs) ; 0                   ;       ;
;     [B] Estimate of ALMs recoverable by dense packing       ; 23 / 18,480         ; < 1 % ;
;     [C] Estimate of ALMs unavailable [=a+b+c+d]             ; 0 / 18,480          ; 0 %   ;
;         [a] Due to location constrained logic               ; 0                   ;       ;
;         [b] Due to LAB-wide signal conflicts                ; 0                   ;       ;
;         [c] Due to LAB input limits                         ; 0                   ;       ;
;         [d] Due to virtual I/Os                             ; 0                   ;       ;
;                                                             ;                     ;       ;
; Difficulty packing design                                   ; Low                 ;       ;
;                                                             ;                     ;       ;
; Total LABs:  partially or completely used                   ; 71 / 1,848          ; 4 %   ;
;     -- Logic LABs                                           ; 71                  ;       ;
;     -- Memory LABs (up to half of total LABs)               ; 0                   ;       ;
;                                                             ;                     ;       ;
; Combinational ALUT usage for logic                          ; 1,001               ;       ;
;     -- 7 input functions                                    ; 1                   ;       ;
;     -- 6 input functions                                    ; 68                  ;       ;
;     -- 5 input functions                                    ; 59                  ;       ;
;     -- 4 input functions                                    ; 173                 ;       ;
;     -- <=3 input functions                                  ; 700                 ;       ;
; Combinational ALUT usage for route-throughs                 ; 12                  ;       ;
;                                                             ;                     ;       ;
; Dedicated logic registers                                   ; 256                 ;       ;
;     -- By type:                                             ;                     ;       ;
;         -- Primary logic registers                          ; 253 / 36,960        ; < 1 % ;
;         -- Secondary logic registers                        ; 3 / 36,960          ; < 1 % ;
;     -- By function:                                         ;                     ;       ;
;         -- Design implementation registers                  ; 254                 ;       ;
;         -- Routing optimization registers                   ; 2                   ;       ;
;                                                             ;                     ;       ;
; Virtual pins                                                ; 0                   ;       ;
; I/O pins                                                    ; 54 / 224            ; 24 %  ;
;     -- Clock pins                                           ; 4 / 9               ; 44 %  ;
;     -- Dedicated input pins                                 ; 0 / 11              ; 0 %   ;
;                                                             ;                     ;       ;
; M10K blocks                                                 ; 2 / 308             ; < 1 % ;
; Total MLAB memory bits                                      ; 0                   ;       ;
; Total block memory bits                                     ; 320 / 3,153,920     ; < 1 % ;
; Total block memory implementation bits                      ; 20,480 / 3,153,920  ; < 1 % ;
;                                                             ;                     ;       ;
; Total DSP Blocks                                            ; 0 / 66              ; 0 %   ;
;                                                             ;                     ;       ;
; Fractional PLLs                                             ; 0 / 4               ; 0 %   ;
; Global signals                                              ; 1                   ;       ;
;     -- Global clocks                                        ; 1 / 16              ; 6 %   ;
;     -- Quadrant clocks                                      ; 0 / 88              ; 0 %   ;
; SERDES Transmitters                                         ; 0 / 68              ; 0 %   ;
; SERDES Receivers                                            ; 0 / 68              ; 0 %   ;
; JTAGs                                                       ; 0 / 1               ; 0 %   ;
; ASMI blocks                                                 ; 0 / 1               ; 0 %   ;
; CRC blocks                                                  ; 0 / 1               ; 0 %   ;
; Remote update blocks                                        ; 0 / 1               ; 0 %   ;
; Oscillator blocks                                           ; 0 / 1               ; 0 %   ;
; Impedance control blocks                                    ; 0 / 3               ; 0 %   ;
; Average interconnect usage (total/H/V)                      ; 0.6% / 0.7% / 0.5%  ;       ;
; Peak interconnect usage (total/H/V)                         ; 9.7% / 10.7% / 6.8% ;       ;
; Maximum fan-out                                             ; 258                 ;       ;
; Highest non-global fan-out                                  ; 147                 ;       ;
; Total fan-out                                               ; 4028                ;       ;
; Average fan-out                                             ; 2.92                ;       ;
+-------------------------------------------------------------+---------------------+-------+


+----------------------------------------------------------------------------------------------------------------------+
; Fitter Partition Statistics                                                                                          ;
+-------------------------------------------------------------+-----------------------+--------------------------------+
; Statistic                                                   ; Top                   ; hard_block:auto_generated_inst ;
+-------------------------------------------------------------+-----------------------+--------------------------------+
; Logic utilization (ALMs needed / total ALMs on device)      ; 528 / 18480 ( 3 % )   ; 0 / 18480 ( 0 % )              ;
; ALMs needed [=A-B+C]                                        ; 528                   ; 0                              ;
;     [A] ALMs used in final placement [=a+b+c+d]             ; 551 / 18480 ( 3 % )   ; 0 / 18480 ( 0 % )              ;
;         [a] ALMs used for LUT logic and registers           ; 95                    ; 0                              ;
;         [b] ALMs used for LUT logic                         ; 424                   ; 0                              ;
;         [c] ALMs used for registers                         ; 32                    ; 0                              ;
;         [d] ALMs used for memory (up to half of total ALMs) ; 0                     ; 0                              ;
;     [B] Estimate of ALMs recoverable by dense packing       ; 23 / 18480 ( < 1 % )  ; 0 / 18480 ( 0 % )              ;
;     [C] Estimate of ALMs unavailable [=a+b+c+d]             ; 0 / 18480 ( 0 % )     ; 0 / 18480 ( 0 % )              ;
;         [a] Due to location constrained logic               ; 0                     ; 0                              ;
;         [b] Due to LAB-wide signal conflicts                ; 0                     ; 0                              ;
;         [c] Due to LAB input limits                         ; 0                     ; 0                              ;
;         [d] Due to virtual I/Os                             ; 0                     ; 0                              ;
;                                                             ;                       ;                                ;
; Difficulty packing design                                   ; Low                   ; Low                            ;
;                                                             ;                       ;                                ;
; Total LABs:  partially or completely used                   ; 71 / 1848 ( 4 % )     ; 0 / 1848 ( 0 % )               ;
;     -- Logic LABs                                           ; 71                    ; 0                              ;
;     -- Memory LABs (up to half of total LABs)               ; 0                     ; 0                              ;
;                                                             ;                       ;                                ;
; Combinational ALUT usage for logic                          ; 1001                  ; 0                              ;
;     -- 7 input functions                                    ; 1                     ; 0                              ;
;     -- 6 input functions                                    ; 68                    ; 0                              ;
;     -- 5 input functions                                    ; 59                    ; 0                              ;
;     -- 4 input functions                                    ; 173                   ; 0                              ;
;     -- <=3 input functions                                  ; 700                   ; 0                              ;
; Combinational ALUT usage for route-throughs                 ; 12                    ; 0                              ;
; Memory ALUT usage                                           ; 0                     ; 0                              ;
;     -- 64-address deep                                      ; 0                     ; 0                              ;
;     -- 32-address deep                                      ; 0                     ; 0                              ;
;                                                             ;                       ;                                ;
; Dedicated logic registers                                   ; 0                     ; 0                              ;
;     -- By type:                                             ;                       ;                                ;
;         -- Primary logic registers                          ; 253 / 36960 ( < 1 % ) ; 0 / 36960 ( 0 % )              ;
;         -- Secondary logic registers                        ; 3 / 36960 ( < 1 % )   ; 0 / 36960 ( 0 % )              ;
;     -- By function:                                         ;                       ;                                ;
;         -- Design implementation registers                  ; 254                   ; 0                              ;
;         -- Routing optimization registers                   ; 2                     ; 0                              ;
;                                                             ;                       ;                                ;
;                                                             ;                       ;                                ;
; Virtual pins                                                ; 0                     ; 0                              ;
; I/O pins                                                    ; 54                    ; 0                              ;
; I/O registers                                               ; 0                     ; 0                              ;
; Total block memory bits                                     ; 320                   ; 0                              ;
; Total block memory implementation bits                      ; 20480                 ; 0                              ;
; M10K block                                                  ; 2 / 308 ( < 1 % )     ; 0 / 308 ( 0 % )                ;
; Clock enable block                                          ; 1 / 104 ( < 1 % )     ; 0 / 104 ( 0 % )                ;
;                                                             ;                       ;                                ;
; Connections                                                 ;                       ;                                ;
;     -- Input Connections                                    ; 0                     ; 0                              ;
;     -- Registered Input Connections                         ; 0                     ; 0                              ;
;     -- Output Connections                                   ; 0                     ; 0                              ;
;     -- Registered Output Connections                        ; 0                     ; 0                              ;
;                                                             ;                       ;                                ;
; Internal Connections                                        ;                       ;                                ;
;     -- Total Connections                                    ; 4077                  ; 0                              ;
;     -- Registered Connections                               ; 883                   ; 0                              ;
;                                                             ;                       ;                                ;
; External Connections                                        ;                       ;                                ;
;     -- Top                                                  ; 0                     ; 0                              ;
;     -- hard_block:auto_generated_inst                       ; 0                     ; 0                              ;
;                                                             ;                       ;                                ;
; Partition Interface                                         ;                       ;                                ;
;     -- Input Ports                                          ; 10                    ; 0                              ;
;     -- Output Ports                                         ; 44                    ; 0                              ;
;     -- Bidir Ports                                          ; 0                     ; 0                              ;
;                                                             ;                       ;                                ;
; Registered Ports                                            ;                       ;                                ;
;     -- Registered Input Ports                               ; 0                     ; 0                              ;
;     -- Registered Output Ports                              ; 0                     ; 0                              ;
;                                                             ;                       ;                                ;
; Port Connectivity                                           ;                       ;                                ;
;     -- Input Ports driven by GND                            ; 0                     ; 0                              ;
;     -- Output Ports driven by GND                           ; 0                     ; 0                              ;
;     -- Input Ports driven by VCC                            ; 0                     ; 0                              ;
;     -- Output Ports driven by VCC                           ; 0                     ; 0                              ;
;     -- Input Ports with no Source                           ; 0                     ; 0                              ;
;     -- Output Ports with no Source                          ; 0                     ; 0                              ;
;     -- Input Ports with no Fanout                           ; 0                     ; 0                              ;
;     -- Output Ports with no Fanout                          ; 0                     ; 0                              ;
+-------------------------------------------------------------+-----------------------+--------------------------------+


+--------------------------------------------------------------------------------------------------------------------------------------------------------------------------------------------------------------------------------------------------------------------------------------------------+
; Input Pins                                                                                                                                                                                                                                                                                       ;
+-------------------+-------+----------+--------------+--------------+--------------+-----------------------+--------------------+--------+----------------+-----------------+----------+--------------+--------------+-------------+---------------------------+----------------------+-----------+
; Name              ; Pin # ; I/O Bank ; X coordinate ; Y coordinate ; Z coordinate ; Combinational Fan-Out ; Registered Fan-Out ; Global ; Input Register ; PCI I/O Enabled ; Bus Hold ; Weak Pull Up ; I/O Standard ; Termination ; Termination Control Block ; Location assigned by ; Slew Rate ;
+-------------------+-------+----------+--------------+--------------+--------------+-----------------------+--------------------+--------+----------------+-----------------+----------+--------------+--------------+-------------+---------------------------+----------------------+-----------+
; Button0           ; M6    ; 3A       ; 14           ; 0            ; 17           ; 2                     ; 0                  ; no     ; no             ; no              ; no       ; Off          ; 2.5 V        ; Off         ; --                        ; User                 ; no        ;
; Button1           ; M7    ; 3A       ; 14           ; 0            ; 0            ; 2                     ; 0                  ; no     ; no             ; no              ; no       ; Off          ; 2.5 V        ; Off         ; --                        ; User                 ; no        ;
; Button2           ; W9    ; 3A       ; 11           ; 0            ; 34           ; 2                     ; 0                  ; no     ; no             ; no              ; no       ; Off          ; 2.5 V        ; Off         ; --                        ; User                 ; no        ;
; Button3           ; U7    ; 3A       ; 10           ; 0            ; 91           ; 2                     ; 0                  ; no     ; no             ; no              ; no       ; Off          ; 2.5 V        ; Off         ; --                        ; User                 ; no        ;
; PasswordDigits[0] ; AA14  ; 4A       ; 34           ; 0            ; 51           ; 2                     ; 0                  ; no     ; no             ; no              ; no       ; Off          ; 2.5 V        ; Off         ; --                        ; User                 ; no        ;
; PasswordDigits[1] ; AA13  ; 4A       ; 34           ; 0            ; 34           ; 2                     ; 0                  ; no     ; no             ; no              ; no       ; Off          ; 2.5 V        ; Off         ; --                        ; User                 ; no        ;
; PasswordDigits[2] ; AB13  ; 4A       ; 33           ; 0            ; 91           ; 2                     ; 0                  ; no     ; no             ; no              ; no       ; Off          ; 2.5 V        ; Off         ; --                        ; User                 ; no        ;
; PasswordDigits[3] ; AB12  ; 4A       ; 33           ; 0            ; 74           ; 2                     ; 0                  ; no     ; no             ; no              ; no       ; Off          ; 2.5 V        ; Off         ; --                        ; User                 ; no        ;
; ResetSwitch       ; U13   ; 4A       ; 33           ; 0            ; 40           ; 147                   ; 0                  ; no     ; no             ; no              ; no       ; Off          ; 2.5 V        ; Off         ; --                        ; User                 ; no        ;
; clk               ; M9    ; 3B       ; 22           ; 0            ; 0            ; 258                   ; 0                  ; yes    ; no             ; no              ; no       ; Off          ; 2.5 V        ; Off         ; --                        ; User                 ; no        ;
+-------------------+-------+----------+--------------+--------------+--------------+-----------------------+--------------------+--------+----------------+-----------------+----------+--------------+--------------+-------------+---------------------------+----------------------+-----------+


+--------------------------------------------------------------------------------------------------------------------------------------------------------------------------------------------------------------------------------------------------------------------------------------------------------------------------------------------------------------------------------------------------------------------------------------------------------------------------------------------------+
; Output Pins                                                                                                                                                                                                                                                                                                                                                                                                                                                                                      ;
+-------------+-------+----------+--------------+--------------+--------------+-----------------+------------------------+-----------+-----------------+------------+---------------+----------+--------------+--------------+------------------+-----------------------------------+---------------------------+----------------------------+-----------------------------+---------------------+-----------------------------+----------------------+----------------------+---------------------+
; Name        ; Pin # ; I/O Bank ; X coordinate ; Y coordinate ; Z coordinate ; Output Register ; Output Enable Register ; Slew Rate ; PCI I/O Enabled ; Open Drain ; TRI Primitive ; Bus Hold ; Weak Pull Up ; I/O Standard ; Current Strength ; Termination                       ; Termination Control Block ; Output Buffer Pre-emphasis ; Voltage Output Differential ; Output Buffer Delay ; Output Buffer Delay Control ; Location assigned by ; Output Enable Source ; Output Enable Group ;
+-------------+-------+----------+--------------+--------------+--------------+-----------------+------------------------+-----------+-----------------+------------+---------------+----------+--------------+--------------+------------------+-----------------------------------+---------------------------+----------------------------+-----------------------------+---------------------+-----------------------------+----------------------+----------------------+---------------------+
; Display0[0] ; W19   ; 4A       ; 44           ; 0            ; 0            ; no              ; no                     ; 1         ; no              ; no         ; no            ; no       ; Off          ; 2.5 V        ; Default          ; Series 50 Ohm without Calibration ; --                        ; no                         ; no                          ; 0                   ; Off                         ; User                 ; -                    ; -                   ;
; Display0[1] ; C2    ; 2A       ; 0            ; 21           ; 37           ; no              ; no                     ; 1         ; no              ; no         ; no            ; no       ; Off          ; 2.5 V        ; Default          ; Series 50 Ohm without Calibration ; --                        ; no                         ; no                          ; 0                   ; Off                         ; User                 ; -                    ; -                   ;
; Display0[2] ; C1    ; 2A       ; 0            ; 21           ; 54           ; no              ; no                     ; 1         ; no              ; no         ; no            ; no       ; Off          ; 2.5 V        ; Default          ; Series 50 Ohm without Calibration ; --                        ; no                         ; no                          ; 0                   ; Off                         ; User                 ; -                    ; -                   ;
; Display0[3] ; P14   ; 4A       ; 50           ; 0            ; 17           ; no              ; no                     ; 1         ; no              ; no         ; no            ; no       ; Off          ; 2.5 V        ; Default          ; Series 50 Ohm without Calibration ; --                        ; no                         ; no                          ; 0                   ; Off                         ; User                 ; -                    ; -                   ;
; Display0[4] ; T14   ; 4A       ; 43           ; 0            ; 17           ; no              ; no                     ; 1         ; no              ; no         ; no            ; no       ; Off          ; 2.5 V        ; Default          ; Series 50 Ohm without Calibration ; --                        ; no                         ; no                          ; 0                   ; Off                         ; User                 ; -                    ; -                   ;
; Display0[5] ; M8    ; 3B       ; 22           ; 0            ; 17           ; no              ; no                     ; 1         ; no              ; no         ; no            ; no       ; Off          ; 2.5 V        ; Default          ; Series 50 Ohm without Calibration ; --                        ; no                         ; no                          ; 0                   ; Off                         ; User                 ; -                    ; -                   ;
; Display0[6] ; N9    ; 3B       ; 29           ; 0            ; 0            ; no              ; no                     ; 1         ; no              ; no         ; no            ; no       ; Off          ; 2.5 V        ; Default          ; Series 50 Ohm without Calibration ; --                        ; no                         ; no                          ; 0                   ; Off                         ; User                 ; -                    ; -                   ;
; Display1[0] ; P9    ; 3B       ; 29           ; 0            ; 17           ; no              ; no                     ; 1         ; no              ; no         ; no            ; no       ; Off          ; 2.5 V        ; Default          ; Series 50 Ohm without Calibration ; --                        ; no                         ; no                          ; 0                   ; Off                         ; User                 ; -                    ; -                   ;
; Display1[1] ; Y15   ; 4A       ; 36           ; 0            ; 0            ; no              ; no                     ; 1         ; no              ; no         ; no            ; no       ; Off          ; 2.5 V        ; Default          ; Series 50 Ohm without Calibration ; --                        ; no                         ; no                          ; 0                   ; Off                         ; User                 ; -                    ; -                   ;
; Display1[2] ; U15   ; 4A       ; 43           ; 0            ; 0            ; no              ; no                     ; 1         ; no              ; no         ; no            ; no       ; Off          ; 2.5 V        ; Default          ; Series 50 Ohm without Calibration ; --                        ; no                         ; no                          ; 0                   ; Off                         ; User                 ; -                    ; -                   ;
; Display1[3] ; U16   ; 4A       ; 52           ; 0            ; 17           ; no              ; no                     ; 1         ; no              ; no         ; no            ; no       ; Off          ; 2.5 V        ; Default          ; Series 50 Ohm without Calibration ; --                        ; no                         ; no                          ; 0                   ; Off                         ; User                 ; -                    ; -                   ;
; Display1[4] ; V20   ; 4A       ; 44           ; 0            ; 17           ; no              ; no                     ; 1         ; no              ; no         ; no            ; no       ; Off          ; 2.5 V        ; Default          ; Series 50 Ohm without Calibration ; --                        ; no                         ; no                          ; 0                   ; Off                         ; User                 ; -                    ; -                   ;
; Display1[5] ; Y20   ; 4A       ; 48           ; 0            ; 57           ; no              ; no                     ; 1         ; no              ; no         ; no            ; no       ; Off          ; 2.5 V        ; Default          ; Series 50 Ohm without Calibration ; --                        ; no                         ; no                          ; 0                   ; Off                         ; User                 ; -                    ; -                   ;
; Display1[6] ; U20   ; 4A       ; 52           ; 0            ; 34           ; no              ; no                     ; 1         ; no              ; no         ; no            ; no       ; Off          ; 2.5 V        ; Default          ; Series 50 Ohm without Calibration ; --                        ; no                         ; no                          ; 0                   ; Off                         ; User                 ; -                    ; -                   ;
; Display2[0] ; V19   ; 4A       ; 51           ; 0            ; 17           ; no              ; no                     ; 1         ; no              ; no         ; no            ; no       ; Off          ; 2.5 V        ; Default          ; Series 50 Ohm without Calibration ; --                        ; no                         ; no                          ; 0                   ; Off                         ; User                 ; -                    ; -                   ;
; Display2[1] ; V18   ; 4A       ; 51           ; 0            ; 0            ; no              ; no                     ; 1         ; no              ; no         ; no            ; no       ; Off          ; 2.5 V        ; Default          ; Series 50 Ohm without Calibration ; --                        ; no                         ; no                          ; 0                   ; Off                         ; User                 ; -                    ; -                   ;
; Display2[2] ; U17   ; 4A       ; 52           ; 0            ; 0            ; no              ; no                     ; 1         ; no              ; no         ; no            ; no       ; Off          ; 2.5 V        ; Default          ; Series 50 Ohm without Calibration ; --                        ; no                         ; no                          ; 0                   ; Off                         ; User                 ; -                    ; -                   ;
; Display2[3] ; V16   ; 4A       ; 46           ; 0            ; 17           ; no              ; no                     ; 1         ; no              ; no         ; no            ; no       ; Off          ; 2.5 V        ; Default          ; Series 50 Ohm without Calibration ; --                        ; no                         ; no                          ; 0                   ; Off                         ; User                 ; -                    ; -                   ;
; Display2[4] ; Y17   ; 4A       ; 40           ; 0            ; 40           ; no              ; no                     ; 1         ; no              ; no         ; no            ; no       ; Off          ; 2.5 V        ; Default          ; Series 50 Ohm without Calibration ; --                        ; no                         ; no                          ; 0                   ; Off                         ; User                 ; -                    ; -                   ;
; Display2[5] ; W16   ; 4A       ; 46           ; 0            ; 0            ; no              ; no                     ; 1         ; no              ; no         ; no            ; no       ; Off          ; 2.5 V        ; Default          ; Series 50 Ohm without Calibration ; --                        ; no                         ; no                          ; 0                   ; Off                         ; User                 ; -                    ; -                   ;
; Display2[6] ; Y16   ; 4A       ; 40           ; 0            ; 57           ; no              ; no                     ; 1         ; no              ; no         ; no            ; no       ; Off          ; 2.5 V        ; Default          ; Series 50 Ohm without Calibration ; --                        ; no                         ; no                          ; 0                   ; Off                         ; User                 ; -                    ; -                   ;
; Display3[0] ; AB21  ; 4A       ; 40           ; 0            ; 74           ; no              ; no                     ; 1         ; no              ; no         ; no            ; no       ; Off          ; 2.5 V        ; Default          ; Series 50 Ohm without Calibration ; --                        ; no                         ; no                          ; 0                   ; Off                         ; User                 ; -                    ; -                   ;
; Display3[1] ; AB22  ; 4A       ; 46           ; 0            ; 51           ; no              ; no                     ; 1         ; no              ; no         ; no            ; no       ; Off          ; 2.5 V        ; Default          ; Series 50 Ohm without Calibration ; --                        ; no                         ; no                          ; 0                   ; Off                         ; User                 ; -                    ; -                   ;
; Display3[2] ; V14   ; 4A       ; 38           ; 0            ; 17           ; no              ; no                     ; 1         ; no              ; no         ; no            ; no       ; Off          ; 2.5 V        ; Default          ; Series 50 Ohm without Calibration ; --                        ; no                         ; no                          ; 0                   ; Off                         ; User                 ; -                    ; -                   ;
; Display3[3] ; Y14   ; 4A       ; 36           ; 0            ; 17           ; no              ; no                     ; 1         ; no              ; no         ; no            ; no       ; Off          ; 2.5 V        ; Default          ; Series 50 Ohm without Calibration ; --                        ; no                         ; no                          ; 0                   ; Off                         ; User                 ; -                    ; -                   ;
; Display3[4] ; AA10  ; 3B       ; 22           ; 0            ; 51           ; no              ; no                     ; 1         ; no              ; no         ; no            ; no       ; Off          ; 2.5 V        ; Default          ; Series 50 Ohm without Calibration ; --                        ; no                         ; no                          ; 0                   ; Off                         ; User                 ; -                    ; -                   ;
; Display3[5] ; AB17  ; 4A       ; 38           ; 0            ; 51           ; no              ; no                     ; 1         ; no              ; no         ; no            ; no       ; Off          ; 2.5 V        ; Default          ; Series 50 Ohm without Calibration ; --                        ; no                         ; no                          ; 0                   ; Off                         ; User                 ; -                    ; -                   ;
; Display3[6] ; Y19   ; 4A       ; 48           ; 0            ; 40           ; no              ; no                     ; 1         ; no              ; no         ; no            ; no       ; Off          ; 2.5 V        ; Default          ; Series 50 Ohm without Calibration ; --                        ; no                         ; no                          ; 0                   ; Off                         ; User                 ; -                    ; -                   ;
; Display4[0] ; U22   ; 4A       ; 51           ; 0            ; 51           ; no              ; no                     ; 1         ; no              ; no         ; no            ; no       ; Off          ; 2.5 V        ; Default          ; Series 50 Ohm without Calibration ; --                        ; no                         ; no                          ; 0                   ; Off                         ; User                 ; -                    ; -                   ;
; Display4[1] ; AA17  ; 4A       ; 43           ; 0            ; 51           ; no              ; no                     ; 1         ; no              ; no         ; no            ; no       ; Off          ; 2.5 V        ; Default          ; Series 50 Ohm without Calibration ; --                        ; no                         ; no                          ; 0                   ; Off                         ; User                 ; -                    ; -                   ;
; Display4[2] ; AB18  ; 4A       ; 38           ; 0            ; 34           ; no              ; no                     ; 1         ; no              ; no         ; no            ; no       ; Off          ; 2.5 V        ; Default          ; Series 50 Ohm without Calibration ; --                        ; no                         ; no                          ; 0                   ; Off                         ; User                 ; -                    ; -                   ;
; Display4[3] ; AA18  ; 4A       ; 43           ; 0            ; 34           ; no              ; no                     ; 1         ; no              ; no         ; no            ; no       ; Off          ; 2.5 V        ; Default          ; Series 50 Ohm without Calibration ; --                        ; no                         ; no                          ; 0                   ; Off                         ; User                 ; -                    ; -                   ;
; Display4[4] ; AA19  ; 4A       ; 44           ; 0            ; 51           ; no              ; no                     ; 1         ; no              ; no         ; no            ; no       ; Off          ; 2.5 V        ; Default          ; Series 50 Ohm without Calibration ; --                        ; no                         ; no                          ; 0                   ; Off                         ; User                 ; -                    ; -                   ;
; Display4[5] ; AB20  ; 4A       ; 40           ; 0            ; 91           ; no              ; no                     ; 1         ; no              ; no         ; no            ; no       ; Off          ; 2.5 V        ; Default          ; Series 50 Ohm without Calibration ; --                        ; no                         ; no                          ; 0                   ; Off                         ; User                 ; -                    ; -                   ;
; Display4[6] ; AA20  ; 4A       ; 44           ; 0            ; 34           ; no              ; no                     ; 1         ; no              ; no         ; no            ; no       ; Off          ; 2.5 V        ; Default          ; Series 50 Ohm without Calibration ; --                        ; no                         ; no                          ; 0                   ; Off                         ; User                 ; -                    ; -                   ;
; Display5[0] ; AA22  ; 4A       ; 46           ; 0            ; 34           ; no              ; no                     ; 1         ; no              ; no         ; no            ; no       ; Off          ; 2.5 V        ; Default          ; Series 50 Ohm without Calibration ; --                        ; no                         ; no                          ; 0                   ; Off                         ; User                 ; -                    ; -                   ;
; Display5[1] ; Y21   ; 4A       ; 50           ; 0            ; 51           ; no              ; no                     ; 1         ; no              ; no         ; no            ; no       ; Off          ; 2.5 V        ; Default          ; Series 50 Ohm without Calibration ; --                        ; no                         ; no                          ; 0                   ; Off                         ; User                 ; -                    ; -                   ;
; Display5[2] ; Y22   ; 4A       ; 48           ; 0            ; 91           ; no              ; no                     ; 1         ; no              ; no         ; no            ; no       ; Off          ; 2.5 V        ; Default          ; Series 50 Ohm without Calibration ; --                        ; no                         ; no                          ; 0                   ; Off                         ; User                 ; -                    ; -                   ;
; Display5[3] ; W21   ; 4A       ; 50           ; 0            ; 34           ; no              ; no                     ; 1         ; no              ; no         ; no            ; no       ; Off          ; 2.5 V        ; Default          ; Series 50 Ohm without Calibration ; --                        ; no                         ; no                          ; 0                   ; Off                         ; User                 ; -                    ; -                   ;
; Display5[4] ; W22   ; 4A       ; 48           ; 0            ; 74           ; no              ; no                     ; 1         ; no              ; no         ; no            ; no       ; Off          ; 2.5 V        ; Default          ; Series 50 Ohm without Calibration ; --                        ; no                         ; no                          ; 0                   ; Off                         ; User                 ; -                    ; -                   ;
; Display5[5] ; V21   ; 4A       ; 51           ; 0            ; 34           ; no              ; no                     ; 1         ; no              ; no         ; no            ; no       ; Off          ; 2.5 V        ; Default          ; Series 50 Ohm without Calibration ; --                        ; no                         ; no                          ; 0                   ; Off                         ; User                 ; -                    ; -                   ;
; Display5[6] ; U21   ; 4A       ; 52           ; 0            ; 51           ; no              ; no                     ; 1         ; no              ; no         ; no            ; no       ; Off          ; 2.5 V        ; Default          ; Series 50 Ohm without Calibration ; --                        ; no                         ; no                          ; 0                   ; Off                         ; User                 ; -                    ; -                   ;
; LoggedIn    ; AA1   ; 2A       ; 0            ; 18           ; 94           ; no              ; no                     ; 1         ; no              ; no         ; no            ; no       ; Off          ; 2.5 V        ; Default          ; Series 50 Ohm without Calibration ; --                        ; no                         ; no                          ; 0                   ; Off                         ; User                 ; -                    ; -                   ;
; LoggedOut   ; AA2   ; 2A       ; 0            ; 18           ; 77           ; no              ; no                     ; 1         ; no              ; no         ; no            ; no       ; Off          ; 2.5 V        ; Default          ; Series 50 Ohm without Calibration ; --                        ; no                         ; no                          ; 0                   ; Off                         ; User                 ; -                    ; -                   ;
+-------------+-------+----------+--------------+--------------+--------------+-----------------+------------------------+-----------+-----------------+------------+---------------+----------+--------------+--------------+------------------+-----------------------------------+---------------------------+----------------------------+-----------------------------+---------------------+-----------------------------+----------------------+----------------------+---------------------+


+----------------------------------------------------------------------------+
; I/O Bank Usage                                                             ;
+----------+------------------+---------------+--------------+---------------+
; I/O Bank ; Usage            ; VCCIO Voltage ; VREF Voltage ; VCCPD Voltage ;
+----------+------------------+---------------+--------------+---------------+
; 2A       ; 4 / 16 ( 25 % )  ; 2.5V          ; --           ; 2.5V          ;
; 3A       ; 4 / 16 ( 25 % )  ; 2.5V          ; --           ; 2.5V          ;
; 3B       ; 5 / 32 ( 16 % )  ; 2.5V          ; --           ; 2.5V          ;
; 4A       ; 41 / 48 ( 85 % ) ; 2.5V          ; --           ; 2.5V          ;
; 5A       ; 0 / 16 ( 0 % )   ; 2.5V          ; --           ; 2.5V          ;
; 5B       ; 0 / 16 ( 0 % )   ; 2.5V          ; --           ; 2.5V          ;
; 7A       ; 0 / 48 ( 0 % )   ; 2.5V          ; --           ; 2.5V          ;
; 8A       ; 0 / 32 ( 0 % )   ; 2.5V          ; --           ; 2.5V          ;
+----------+------------------+---------------+--------------+---------------+


+-------------------------------------------------------------------------------------------------------------------------------------------------------------------+
; All Package Pins                                                                                                                                                  ;
+----------+------------+----------+---------------------------------+--------+--------------+-----------+--------------+-----------------+----------+--------------+
; Location ; Pad Number ; I/O Bank ; Pin Name/Usage                  ; Dir.   ; I/O Standard ; Voltage   ; I/O Type     ; User Assignment ; Bus Hold ; Weak Pull Up ;
+----------+------------+----------+---------------------------------+--------+--------------+-----------+--------------+-----------------+----------+--------------+
; A1       ;            ;          ; GND                             ;        ;              ;           ; --           ;                 ; --       ; --           ;
; A2       ; 288        ; 9A       ; ^MSEL2                          ;        ;              ;           ; --           ;                 ; --       ; --           ;
; A3       ;            ; --       ; VCCBAT                          ; power  ;              ; 1.2V      ; --           ;                 ; --       ; --           ;
; A4       ; 290        ; 9A       ; ^nCONFIG                        ;        ;              ;           ; --           ;                 ; --       ; --           ;
; A5       ; 264        ; 8A       ; RESERVED_INPUT_WITH_WEAK_PULLUP ;        ;              ;           ; Column I/O   ;                 ; no       ; On           ;
; A6       ;            ; 8A       ; VCCIO8A                         ; power  ;              ; 2.5V      ; --           ;                 ; --       ; --           ;
; A7       ; 273        ; 8A       ; RESERVED_INPUT_WITH_WEAK_PULLUP ;        ;              ;           ; Column I/O   ;                 ; no       ; On           ;
; A8       ; 271        ; 8A       ; RESERVED_INPUT_WITH_WEAK_PULLUP ;        ;              ;           ; Column I/O   ;                 ; no       ; On           ;
; A9       ; 262        ; 8A       ; RESERVED_INPUT_WITH_WEAK_PULLUP ;        ;              ;           ; Column I/O   ;                 ; no       ; On           ;
; A10      ; 260        ; 8A       ; RESERVED_INPUT_WITH_WEAK_PULLUP ;        ;              ;           ; Column I/O   ;                 ; no       ; On           ;
; A11      ;            ;          ; GND                             ; gnd    ;              ;           ; --           ;                 ; --       ; --           ;
; A12      ; 242        ; 7A       ; RESERVED_INPUT_WITH_WEAK_PULLUP ;        ;              ;           ; Column I/O   ;                 ; no       ; On           ;
; A13      ; 230        ; 7A       ; RESERVED_INPUT_WITH_WEAK_PULLUP ;        ;              ;           ; Column I/O   ;                 ; no       ; On           ;
; A14      ; 218        ; 7A       ; RESERVED_INPUT_WITH_WEAK_PULLUP ;        ;              ;           ; Column I/O   ;                 ; no       ; On           ;
; A15      ; 216        ; 7A       ; RESERVED_INPUT_WITH_WEAK_PULLUP ;        ;              ;           ; Column I/O   ;                 ; no       ; On           ;
; A16      ;            ; 7A       ; VCCIO7A                         ; power  ;              ; 2.5V      ; --           ;                 ; --       ; --           ;
; A17      ;            ;          ; NC                              ;        ;              ;           ; --           ;                 ; --       ; --           ;
; A18      ;            ;          ; NC                              ;        ;              ;           ; --           ;                 ; --       ; --           ;
; A19      ;            ;          ; NC                              ;        ;              ;           ; --           ;                 ; --       ; --           ;
; A20      ;            ;          ; NC                              ;        ;              ;           ; --           ;                 ; --       ; --           ;
; A21      ;            ;          ; GND                             ; gnd    ;              ;           ; --           ;                 ; --       ; --           ;
; A22      ;            ;          ; NC                              ;        ;              ;           ; --           ;                 ; --       ; --           ;
; AA1      ; 29         ; 2A       ; LoggedIn                        ; output ; 2.5 V        ;           ; Row I/O      ; Y               ; no       ; Off          ;
; AA2      ; 31         ; 2A       ; LoggedOut                       ; output ; 2.5 V        ;           ; Row I/O      ; Y               ; no       ; Off          ;
; AA3      ;            ;          ; GND                             ; gnd    ;              ;           ; --           ;                 ; --       ; --           ;
; AA4      ;            ;          ; GND                             ; gnd    ;              ;           ; --           ;                 ; --       ; --           ;
; AA5      ; 53         ; 3A       ; ^AS_DATA2, DATA2                ;        ;              ;           ; Weak Pull Up ;                 ; --       ; On           ;
; AA6      ;            ;          ; GND                             ; gnd    ;              ;           ; --           ;                 ; --       ; --           ;
; AA7      ; 79         ; 3B       ; RESERVED_INPUT_WITH_WEAK_PULLUP ;        ;              ;           ; Column I/O   ;                 ; no       ; On           ;
; AA8      ; 82         ; 3B       ; RESERVED_INPUT_WITH_WEAK_PULLUP ;        ;              ;           ; Column I/O   ;                 ; no       ; On           ;
; AA9      ; 89         ; 3B       ; RESERVED_INPUT_WITH_WEAK_PULLUP ;        ;              ;           ; Column I/O   ;                 ; no       ; On           ;
; AA10     ; 87         ; 3B       ; Display3[4]                     ; output ; 2.5 V        ;           ; Column I/O   ; Y               ; no       ; Off          ;
; AA11     ;            ;          ; GND                             ; gnd    ;              ;           ; --           ;                 ; --       ; --           ;
; AA12     ; 105        ; 3B       ; RESERVED_INPUT_WITH_WEAK_PULLUP ;        ;              ;           ; Column I/O   ;                 ; no       ; On           ;
; AA13     ; 113        ; 4A       ; PasswordDigits[1]               ; input  ; 2.5 V        ;           ; Column I/O   ; Y               ; no       ; Off          ;
; AA14     ; 111        ; 4A       ; PasswordDigits[0]               ; input  ; 2.5 V        ;           ; Column I/O   ; Y               ; no       ; Off          ;
; AA15     ; 116        ; 4A       ; RESERVED_INPUT_WITH_WEAK_PULLUP ;        ;              ;           ; Column I/O   ;                 ; no       ; On           ;
; AA16     ;            ; 4A       ; VCCIO4A                         ; power  ;              ; 2.5V      ; --           ;                 ; --       ; --           ;
; AA17     ; 127        ; 4A       ; Display4[1]                     ; output ; 2.5 V        ;           ; Column I/O   ; Y               ; no       ; Off          ;
; AA18     ; 129        ; 4A       ; Display4[3]                     ; output ; 2.5 V        ;           ; Column I/O   ; Y               ; no       ; Off          ;
; AA19     ; 130        ; 4A       ; Display4[4]                     ; output ; 2.5 V        ;           ; Column I/O   ; Y               ; no       ; Off          ;
; AA20     ; 132        ; 4A       ; Display4[6]                     ; output ; 2.5 V        ;           ; Column I/O   ; Y               ; no       ; Off          ;
; AA21     ;            ; 4A       ; VCCIO4A                         ; power  ;              ; 2.5V      ; --           ;                 ; --       ; --           ;
; AA22     ; 137        ; 4A       ; Display5[0]                     ; output ; 2.5 V        ;           ; Column I/O   ; Y               ; no       ; Off          ;
; AB1      ;            ;          ; GND                             ; gnd    ;              ;           ; --           ;                 ; --       ; --           ;
; AB2      ;            ;          ; GND                             ; gnd    ;              ;           ; --           ;                 ; --       ; --           ;
; AB3      ; 55         ; 3A       ; ^AS_DATA1, DATA1                ;        ;              ;           ; Weak Pull Up ;                 ; --       ; On           ;
; AB4      ; 57         ; 3A       ; ^AS_DATA0, ASDO, DATA0          ;        ;              ;           ; Weak Pull Up ;                 ; --       ; On           ;
; AB5      ; 76         ; 3B       ; RESERVED_INPUT_WITH_WEAK_PULLUP ;        ;              ;           ; Column I/O   ;                 ; no       ; On           ;
; AB6      ; 74         ; 3B       ; RESERVED_INPUT_WITH_WEAK_PULLUP ;        ;              ;           ; Column I/O   ;                 ; no       ; On           ;
; AB7      ; 81         ; 3B       ; RESERVED_INPUT_WITH_WEAK_PULLUP ;        ;              ;           ; Column I/O   ;                 ; no       ; On           ;
; AB8      ; 84         ; 3B       ; RESERVED_INPUT_WITH_WEAK_PULLUP ;        ;              ;           ; Column I/O   ;                 ; no       ; On           ;
; AB9      ;            ;          ; GND                             ; gnd    ;              ;           ; --           ;                 ; --       ; --           ;
; AB10     ; 98         ; 3B       ; RESERVED_INPUT_WITH_WEAK_PULLUP ;        ;              ;           ; Column I/O   ;                 ; no       ; On           ;
; AB11     ; 100        ; 3B       ; RESERVED_INPUT_WITH_WEAK_PULLUP ;        ;              ;           ; Column I/O   ;                 ; no       ; On           ;
; AB12     ; 108        ; 4A       ; PasswordDigits[3]               ; input  ; 2.5 V        ;           ; Column I/O   ; Y               ; no       ; Off          ;
; AB13     ; 106        ; 4A       ; PasswordDigits[2]               ; input  ; 2.5 V        ;           ; Column I/O   ; Y               ; no       ; Off          ;
; AB14     ;            ;          ; GND                             ; gnd    ;              ;           ; --           ;                 ; --       ; --           ;
; AB15     ; 114        ; 4A       ; RESERVED_INPUT_WITH_WEAK_PULLUP ;        ;              ;           ; Column I/O   ;                 ; no       ; On           ;
; AB16     ;            ; 4A       ; VREFB4AN0                       ; power  ;              ;           ; --           ;                 ; --       ; --           ;
; AB17     ; 119        ; 4A       ; Display3[5]                     ; output ; 2.5 V        ;           ; Column I/O   ; Y               ; no       ; Off          ;
; AB18     ; 121        ; 4A       ; Display4[2]                     ; output ; 2.5 V        ;           ; Column I/O   ; Y               ; no       ; Off          ;
; AB19     ;            ;          ; GND                             ; gnd    ;              ;           ; --           ;                 ; --       ; --           ;
; AB20     ; 122        ; 4A       ; Display4[5]                     ; output ; 2.5 V        ;           ; Column I/O   ; Y               ; no       ; Off          ;
; AB21     ; 124        ; 4A       ; Display3[0]                     ; output ; 2.5 V        ;           ; Column I/O   ; Y               ; no       ; Off          ;
; AB22     ; 135        ; 4A       ; Display3[1]                     ; output ; 2.5 V        ;           ; Column I/O   ; Y               ; no       ; Off          ;
; B1       ;            ;          ; GND                             ; gnd    ;              ;           ; --           ;                 ; --       ; --           ;
; B2       ;            ;          ; GND                             ; gnd    ;              ;           ; --           ;                 ; --       ; --           ;
; B3       ;            ;          ; DNU                             ;        ;              ;           ; --           ;                 ; --       ; --           ;
; B4       ;            ;          ; DNU                             ;        ;              ;           ; --           ;                 ; --       ; --           ;
; B5       ; 266        ; 8A       ; RESERVED_INPUT_WITH_WEAK_PULLUP ;        ;              ;           ; Column I/O   ;                 ; no       ; On           ;
; B6       ; 268        ; 8A       ; RESERVED_INPUT_WITH_WEAK_PULLUP ;        ;              ;           ; Column I/O   ;                 ; no       ; On           ;
; B7       ; 270        ; 8A       ; RESERVED_INPUT_WITH_WEAK_PULLUP ;        ;              ;           ; Column I/O   ;                 ; no       ; On           ;
; B8       ;            ; 8A       ; VREFB8AN0                       ; power  ;              ;           ; --           ;                 ; --       ; --           ;
; B9       ;            ;          ; GND                             ; gnd    ;              ;           ; --           ;                 ; --       ; --           ;
; B10      ; 263        ; 8A       ; RESERVED_INPUT_WITH_WEAK_PULLUP ;        ;              ;           ; Column I/O   ;                 ; no       ; On           ;
; B11      ; 250        ; 7A       ; RESERVED_INPUT_WITH_WEAK_PULLUP ;        ;              ;           ; Column I/O   ;                 ; no       ; On           ;
; B12      ; 240        ; 7A       ; RESERVED_INPUT_WITH_WEAK_PULLUP ;        ;              ;           ; Column I/O   ;                 ; no       ; On           ;
; B13      ; 228        ; 7A       ; RESERVED_INPUT_WITH_WEAK_PULLUP ;        ;              ;           ; Column I/O   ;                 ; no       ; On           ;
; B14      ;            ;          ; GND                             ; gnd    ;              ;           ; --           ;                 ; --       ; --           ;
; B15      ; 225        ; 7A       ; RESERVED_INPUT_WITH_WEAK_PULLUP ;        ;              ;           ; Column I/O   ;                 ; no       ; On           ;
; B16      ; 204        ; 7A       ; RESERVED_INPUT_WITH_WEAK_PULLUP ;        ;              ;           ; Column I/O   ;                 ; no       ; On           ;
; B17      ;            ;          ; NC                              ;        ;              ;           ; --           ;                 ; --       ; --           ;
; B18      ;            ;          ; NC                              ;        ;              ;           ; --           ;                 ; --       ; --           ;
; B19      ;            ; 7A       ; VCCIO7A                         ; power  ;              ; 2.5V      ; --           ;                 ; --       ; --           ;
; B20      ;            ;          ; NC                              ;        ;              ;           ; --           ;                 ; --       ; --           ;
; B21      ;            ;          ; NC                              ;        ;              ;           ; --           ;                 ; --       ; --           ;
; B22      ;            ;          ; NC                              ;        ;              ;           ; --           ;                 ; --       ; --           ;
; C1       ; 16         ; 2A       ; Display0[2]                     ; output ; 2.5 V        ;           ; Row I/O      ; Y               ; no       ; Off          ;
; C2       ; 18         ; 2A       ; Display0[1]                     ; output ; 2.5 V        ;           ; Row I/O      ; Y               ; no       ; Off          ;
; C3       ;            ;          ; GND                             ; gnd    ;              ;           ; --           ;                 ; --       ; --           ;
; C4       ;            ;          ; GND                             ; gnd    ;              ;           ; --           ;                 ; --       ; --           ;
; C5       ; 292        ; 9A       ; ^GND                            ;        ;              ;           ; --           ;                 ; --       ; --           ;
; C6       ; 272        ; 8A       ; RESERVED_INPUT_WITH_WEAK_PULLUP ;        ;              ;           ; Column I/O   ;                 ; no       ; On           ;
; C7       ;            ; 8A       ; VCCIO8A                         ; power  ;              ; 2.5V      ; --           ;                 ; --       ; --           ;
; C8       ; 278        ; 8A       ; RESERVED_INPUT_WITH_WEAK_PULLUP ;        ;              ;           ; Column I/O   ;                 ; no       ; On           ;
; C9       ; 265        ; 8A       ; RESERVED_INPUT_WITH_WEAK_PULLUP ;        ;              ;           ; Column I/O   ;                 ; no       ; On           ;
; C10      ;            ; 7A, 8A   ; VCCPD7A8A                       ; power  ;              ; 2.5V      ; --           ;                 ; --       ; --           ;
; C11      ; 248        ; 7A       ; RESERVED_INPUT_WITH_WEAK_PULLUP ;        ;              ;           ; Column I/O   ;                 ; no       ; On           ;
; C12      ;            ; 7A       ; VCCIO7A                         ; power  ;              ; 2.5V      ; --           ;                 ; --       ; --           ;
; C13      ; 241        ; 7A       ; RESERVED_INPUT_WITH_WEAK_PULLUP ;        ;              ;           ; Column I/O   ;                 ; no       ; On           ;
; C14      ;            ; 7A       ; VREFB7AN0                       ; power  ;              ;           ; --           ;                 ; --       ; --           ;
; C15      ; 223        ; 7A       ; RESERVED_INPUT_WITH_WEAK_PULLUP ;        ;              ;           ; Column I/O   ;                 ; no       ; On           ;
; C16      ; 206        ; 7A       ; RESERVED_INPUT_WITH_WEAK_PULLUP ;        ;              ;           ; Column I/O   ;                 ; no       ; On           ;
; C17      ;            ;          ; GND                             ; gnd    ;              ;           ; --           ;                 ; --       ; --           ;
; C18      ;            ;          ; NC                              ;        ;              ;           ; --           ;                 ; --       ; --           ;
; C19      ;            ;          ; NC                              ;        ;              ;           ; --           ;                 ; --       ; --           ;
; C20      ;            ;          ; NC                              ;        ;              ;           ; --           ;                 ; --       ; --           ;
; C21      ;            ;          ; NC                              ;        ;              ;           ; --           ;                 ; --       ; --           ;
; C22      ;            ; 7A       ; VCCIO7A                         ; power  ;              ; 2.5V      ; --           ;                 ; --       ; --           ;
; D1       ;            ;          ; GND                             ; gnd    ;              ;           ; --           ;                 ; --       ; --           ;
; D2       ;            ;          ; GND                             ; gnd    ;              ;           ; --           ;                 ; --       ; --           ;
; D3       ; 22         ; 2A       ; RESERVED_INPUT_WITH_WEAK_PULLUP ;        ;              ;           ; Row I/O      ;                 ; no       ; On           ;
; D4       ;            ; 2A       ; VCCIO2A                         ; power  ;              ; 2.5V      ; --           ;                 ; --       ; --           ;
; D5       ;            ;          ; GND                             ; gnd    ;              ;           ; --           ;                 ; --       ; --           ;
; D6       ; 274        ; 8A       ; RESERVED_INPUT_WITH_WEAK_PULLUP ;        ;              ;           ; Column I/O   ;                 ; no       ; On           ;
; D7       ; 276        ; 8A       ; RESERVED_INPUT_WITH_WEAK_PULLUP ;        ;              ;           ; Column I/O   ;                 ; no       ; On           ;
; D8       ;            ; 7A, 8A   ; VCCPD7A8A                       ; power  ;              ; 2.5V      ; --           ;                 ; --       ; --           ;
; D9       ; 277        ; 8A       ; RESERVED_INPUT_WITH_WEAK_PULLUP ;        ;              ;           ; Column I/O   ;                 ; no       ; On           ;
; D10      ;            ;          ; GND                             ; gnd    ;              ;           ; --           ;                 ; --       ; --           ;
; D11      ;            ; --       ; VCC_AUX                         ; power  ;              ; 2.5V      ; --           ;                 ; --       ; --           ;
; D12      ; 247        ; 7A       ; RESERVED_INPUT_WITH_WEAK_PULLUP ;        ;              ;           ; Column I/O   ;                 ; no       ; On           ;
; D13      ; 239        ; 7A       ; RESERVED_INPUT_WITH_WEAK_PULLUP ;        ;              ;           ; Column I/O   ;                 ; no       ; On           ;
; D14      ;            ; 7A, 8A   ; VCCPD7A8A                       ; power  ;              ; 2.5V      ; --           ;                 ; --       ; --           ;
; D15      ;            ; 7A       ; VCCIO7A                         ; power  ;              ; 2.5V      ; --           ;                 ; --       ; --           ;
; D16      ;            ; 7A, 8A   ; VCCPD7A8A                       ; power  ;              ; 2.5V      ; --           ;                 ; --       ; --           ;
; D17      ; 207        ; 7A       ; RESERVED_INPUT_WITH_WEAK_PULLUP ;        ;              ;           ; Column I/O   ;                 ; no       ; On           ;
; D18      ;            ; --       ; VCC_AUX                         ; power  ;              ; 2.5V      ; --           ;                 ; --       ; --           ;
; D19      ;            ;          ; NC                              ;        ;              ;           ; --           ;                 ; --       ; --           ;
; D20      ;            ;          ; GND                             ; gnd    ;              ;           ; --           ;                 ; --       ; --           ;
; D21      ;            ;          ; NC                              ;        ;              ;           ; --           ;                 ; --       ; --           ;
; D22      ;            ;          ; NC                              ;        ;              ;           ; --           ;                 ; --       ; --           ;
; E1       ;            ; 1A, 2A   ; VCCPD1A2A                       ; power  ;              ; 2.5V      ; --           ;                 ; --       ; --           ;
; E2       ; 20         ; 2A       ; RESERVED_INPUT_WITH_WEAK_PULLUP ;        ;              ;           ; Row I/O      ;                 ; no       ; On           ;
; E3       ;            ;          ; GND                             ; gnd    ;              ;           ; --           ;                 ; --       ; --           ;
; E4       ;            ;          ; GND                             ; gnd    ;              ;           ; --           ;                 ; --       ; --           ;
; E5       ; 289        ; 9A       ; ^MSEL3                          ;        ;              ;           ; --           ;                 ; --       ; --           ;
; E6       ;            ; --       ; VCC_AUX                         ; power  ;              ; 2.5V      ; --           ;                 ; --       ; --           ;
; E7       ; 282        ; 8A       ; RESERVED_INPUT_WITH_WEAK_PULLUP ;        ;              ;           ; Column I/O   ;                 ; no       ; On           ;
; E8       ;            ; 8A       ; VCCIO8A                         ; power  ;              ; 2.5V      ; --           ;                 ; --       ; --           ;
; E9       ; 275        ; 8A       ; RESERVED_INPUT_WITH_WEAK_PULLUP ;        ;              ;           ; Column I/O   ;                 ; no       ; On           ;
; E10      ; 267        ; 8A       ; RESERVED_INPUT_WITH_WEAK_PULLUP ;        ;              ;           ; Column I/O   ;                 ; no       ; On           ;
; E11      ;            ; 7A, 8A   ; VCCPD7A8A                       ; power  ;              ; 2.5V      ; --           ;                 ; --       ; --           ;
; E12      ; 249        ; 7A       ; RESERVED_INPUT_WITH_WEAK_PULLUP ;        ;              ;           ; Column I/O   ;                 ; no       ; On           ;
; E13      ;            ;          ; GND                             ; gnd    ;              ;           ; --           ;                 ; --       ; --           ;
; E14      ; 231        ; 7A       ; RESERVED_INPUT_WITH_WEAK_PULLUP ;        ;              ;           ; Column I/O   ;                 ; no       ; On           ;
; E15      ; 215        ; 7A       ; RESERVED_INPUT_WITH_WEAK_PULLUP ;        ;              ;           ; Column I/O   ;                 ; no       ; On           ;
; E16      ; 209        ; 7A       ; RESERVED_INPUT_WITH_WEAK_PULLUP ;        ;              ;           ; Column I/O   ;                 ; no       ; On           ;
; E17      ;            ;          ; DNU                             ;        ;              ;           ; --           ;                 ; --       ; --           ;
; E18      ;            ; 7A       ; VCCIO7A                         ; power  ;              ; 2.5V      ; --           ;                 ; --       ; --           ;
; E19      ;            ;          ; NC                              ;        ;              ;           ; --           ;                 ; --       ; --           ;
; E20      ;            ;          ; NC                              ;        ;              ;           ; --           ;                 ; --       ; --           ;
; E21      ;            ;          ; NC                              ;        ;              ;           ; --           ;                 ; --       ; --           ;
; E22      ;            ;          ; NC                              ;        ;              ;           ; --           ;                 ; --       ; --           ;
; F1       ;            ;          ; GND                             ; gnd    ;              ;           ; --           ;                 ; --       ; --           ;
; F2       ;            ;          ; GND                             ; gnd    ;              ;           ; --           ;                 ; --       ; --           ;
; F3       ; 291        ; 9A       ; ^MSEL4                          ;        ;              ;           ; --           ;                 ; --       ; --           ;
; F4       ;            ; --       ; VCCA_FPLL                       ; power  ;              ; 2.5V      ; --           ;                 ; --       ; --           ;
; F5       ;            ;          ; GND                             ; gnd    ;              ;           ; --           ;                 ; --       ; --           ;
; F6       ;            ;          ; GND                             ; gnd    ;              ;           ; --           ;                 ; --       ; --           ;
; F7       ; 280        ; 8A       ; RESERVED_INPUT_WITH_WEAK_PULLUP ;        ;              ;           ; Column I/O   ;                 ; no       ; On           ;
; F8       ;            ; --       ; VCCPGM                          ; power  ;              ; 3.0V/3.3V ; --           ;                 ; --       ; --           ;
; F9       ; 269        ; 8A       ; RESERVED_INPUT_WITH_WEAK_PULLUP ;        ;              ;           ; Column I/O   ;                 ; no       ; On           ;
; F10      ; 253        ; 8A       ; RESERVED_INPUT_WITH_WEAK_PULLUP ;        ;              ;           ; Column I/O   ;                 ; no       ; On           ;
; F11      ;            ; 7A       ; VCCIO7A                         ; power  ;              ; 2.5V      ; --           ;                 ; --       ; --           ;
; F12      ; 238        ; 7A       ; RESERVED_INPUT_WITH_WEAK_PULLUP ;        ;              ;           ; Column I/O   ;                 ; no       ; On           ;
; F13      ; 233        ; 7A       ; RESERVED_INPUT_WITH_WEAK_PULLUP ;        ;              ;           ; Column I/O   ;                 ; no       ; On           ;
; F14      ; 226        ; 7A       ; RESERVED_INPUT_WITH_WEAK_PULLUP ;        ;              ;           ; Column I/O   ;                 ; no       ; On           ;
; F15      ; 217        ; 7A       ; RESERVED_INPUT_WITH_WEAK_PULLUP ;        ;              ;           ; Column I/O   ;                 ; no       ; On           ;
; F16      ;            ;          ; GND                             ; gnd    ;              ;           ; --           ;                 ; --       ; --           ;
; F17      ; 202        ; 7A       ; ^GND                            ;        ;              ;           ; --           ;                 ; --       ; --           ;
; F18      ;            ;          ; NC                              ;        ;              ;           ; --           ;                 ; --       ; --           ;
; F19      ;            ;          ; NC                              ;        ;              ;           ; --           ;                 ; --       ; --           ;
; F20      ;            ;          ; NC                              ;        ;              ;           ; --           ;                 ; --       ; --           ;
; F21      ;            ; 7A       ; VCCIO7A                         ; power  ;              ; 2.5V      ; --           ;                 ; --       ; --           ;
; F22      ;            ;          ; NC                              ;        ;              ;           ; --           ;                 ; --       ; --           ;
; G1       ; 17         ; 2A       ; RESERVED_INPUT_WITH_WEAK_PULLUP ;        ;              ;           ; Row I/O      ;                 ; no       ; On           ;
; G2       ; 19         ; 2A       ; RESERVED_INPUT_WITH_WEAK_PULLUP ;        ;              ;           ; Row I/O      ;                 ; no       ; On           ;
; G3       ;            ;          ; GND                             ; gnd    ;              ;           ; --           ;                 ; --       ; --           ;
; G4       ;            ;          ; GND                             ; gnd    ;              ;           ; --           ;                 ; --       ; --           ;
; G5       ; 287        ; 9A       ; ^nCE                            ;        ;              ;           ; --           ;                 ; --       ; --           ;
; G6       ; 279        ; 8A       ; RESERVED_INPUT_WITH_WEAK_PULLUP ;        ;              ;           ; Column I/O   ;                 ; no       ; On           ;
; G7       ;            ; 8A       ; VCCIO8A                         ; power  ;              ; 2.5V      ; --           ;                 ; --       ; --           ;
; G8       ; 258        ; 8A       ; RESERVED_INPUT_WITH_WEAK_PULLUP ;        ;              ;           ; Column I/O   ;                 ; no       ; On           ;
; G9       ;            ;          ; GND                             ; gnd    ;              ;           ; --           ;                 ; --       ; --           ;
; G10      ; 251        ; 8A       ; RESERVED_INPUT_WITH_WEAK_PULLUP ;        ;              ;           ; Column I/O   ;                 ; no       ; On           ;
; G11      ; 236        ; 7A       ; RESERVED_INPUT_WITH_WEAK_PULLUP ;        ;              ;           ; Column I/O   ;                 ; no       ; On           ;
; G12      ; 245        ; 7A       ; RESERVED_INPUT_WITH_WEAK_PULLUP ;        ;              ;           ; Column I/O   ;                 ; no       ; On           ;
; G13      ; 237        ; 7A       ; RESERVED_INPUT_WITH_WEAK_PULLUP ;        ;              ;           ; Column I/O   ;                 ; no       ; On           ;
; G14      ;            ; 7A       ; VCCIO7A                         ; power  ;              ; 2.5V      ; --           ;                 ; --       ; --           ;
; G15      ; 224        ; 7A       ; RESERVED_INPUT_WITH_WEAK_PULLUP ;        ;              ;           ; Column I/O   ;                 ; no       ; On           ;
; G16      ; 210        ; 7A       ; RESERVED_INPUT_WITH_WEAK_PULLUP ;        ;              ;           ; Column I/O   ;                 ; no       ; On           ;
; G17      ; 208        ; 7A       ; RESERVED_INPUT_WITH_WEAK_PULLUP ;        ;              ;           ; Column I/O   ;                 ; no       ; On           ;
; G18      ; 211        ; 7A       ; RESERVED_INPUT_WITH_WEAK_PULLUP ;        ;              ;           ; Column I/O   ;                 ; no       ; On           ;
; G19      ;            ;          ; GND                             ; gnd    ;              ;           ; --           ;                 ; --       ; --           ;
; G20      ;            ;          ; NC                              ;        ;              ;           ; --           ;                 ; --       ; --           ;
; G21      ;            ;          ; NC                              ;        ;              ;           ; --           ;                 ; --       ; --           ;
; G22      ;            ;          ; NC                              ;        ;              ;           ; --           ;                 ; --       ; --           ;
; H1       ;            ;          ; GND                             ; gnd    ;              ;           ; --           ;                 ; --       ; --           ;
; H2       ;            ;          ; GND                             ; gnd    ;              ;           ; --           ;                 ; --       ; --           ;
; H3       ;            ;          ; GND                             ; gnd    ;              ;           ; --           ;                 ; --       ; --           ;
; H4       ;            ;          ; GND                             ; gnd    ;              ;           ; --           ;                 ; --       ; --           ;
; H5       ; 286        ; 9A       ; ^nSTATUS                        ;        ;              ;           ; --           ;                 ; --       ; --           ;
; H6       ; 281        ; 8A       ; RESERVED_INPUT_WITH_WEAK_PULLUP ;        ;              ;           ; Column I/O   ;                 ; no       ; On           ;
; H7       ;            ;          ; GND                             ; gnd    ;              ;           ; --           ;                 ; --       ; --           ;
; H8       ; 256        ; 8A       ; RESERVED_INPUT_WITH_WEAK_PULLUP ;        ;              ;           ; Column I/O   ;                 ; no       ; On           ;
; H9       ; 261        ; 8A       ; RESERVED_INPUT_WITH_WEAK_PULLUP ;        ;              ;           ; Column I/O   ;                 ; no       ; On           ;
; H10      ; 234        ; 7A       ; RESERVED_INPUT_WITH_WEAK_PULLUP ;        ;              ;           ; Column I/O   ;                 ; no       ; On           ;
; H11      ; 243        ; 7A       ; RESERVED_INPUT_WITH_WEAK_PULLUP ;        ;              ;           ; Column I/O   ;                 ; no       ; On           ;
; H12      ;            ;          ; GND                             ; gnd    ;              ;           ; --           ;                 ; --       ; --           ;
; H13      ; 235        ; 7A       ; RESERVED_INPUT_WITH_WEAK_PULLUP ;        ;              ;           ; Column I/O   ;                 ; no       ; On           ;
; H14      ; 227        ; 7A       ; RESERVED_INPUT_WITH_WEAK_PULLUP ;        ;              ;           ; Column I/O   ;                 ; no       ; On           ;
; H15      ; 221        ; 7A       ; RESERVED_INPUT_WITH_WEAK_PULLUP ;        ;              ;           ; Column I/O   ;                 ; no       ; On           ;
; H16      ; 219        ; 7A       ; RESERVED_INPUT_WITH_WEAK_PULLUP ;        ;              ;           ; Column I/O   ;                 ; no       ; On           ;
; H17      ;            ; 7A       ; VCCIO7A                         ; power  ;              ; 2.5V      ; --           ;                 ; --       ; --           ;
; H18      ; 213        ; 7A       ; RESERVED_INPUT_WITH_WEAK_PULLUP ;        ;              ;           ; Column I/O   ;                 ; no       ; On           ;
; H19      ;            ; --       ; VCCA_FPLL                       ; power  ;              ; 2.5V      ; --           ;                 ; --       ; --           ;
; H20      ;            ;          ; NC                              ;        ;              ;           ; --           ;                 ; --       ; --           ;
; H21      ;            ;          ; NC                              ;        ;              ;           ; --           ;                 ; --       ; --           ;
; H22      ;            ;          ; GND                             ; gnd    ;              ;           ; --           ;                 ; --       ; --           ;
; J1       ;            ; 2A       ; VCCIO2A                         ; power  ;              ; 2.5V      ; --           ;                 ; --       ; --           ;
; J2       ;            ; 1A, 2A   ; VCCPD1A2A                       ; power  ;              ; 2.5V      ; --           ;                 ; --       ; --           ;
; J3       ;            ;          ; GND                             ; gnd    ;              ;           ; --           ;                 ; --       ; --           ;
; J4       ;            ; --       ; VCC                             ; power  ;              ; 1.1V      ; --           ;                 ; --       ; --           ;
; J5       ;            ;          ; GND                             ; gnd    ;              ;           ; --           ;                 ; --       ; --           ;
; J6       ; 285        ; 9A       ; ^MSEL1                          ;        ;              ;           ; --           ;                 ; --       ; --           ;
; J7       ; 255        ; 8A       ; RESERVED_INPUT_WITH_WEAK_PULLUP ;        ;              ;           ; Column I/O   ;                 ; no       ; On           ;
; J8       ; 257        ; 8A       ; RESERVED_INPUT_WITH_WEAK_PULLUP ;        ;              ;           ; Column I/O   ;                 ; no       ; On           ;
; J9       ; 259        ; 8A       ; RESERVED_INPUT_WITH_WEAK_PULLUP ;        ;              ;           ; Column I/O   ;                 ; no       ; On           ;
; J10      ;            ; --       ; VCC                             ; power  ;              ; 1.1V      ; --           ;                 ; --       ; --           ;
; J11      ; 232        ; 7A       ; RESERVED_INPUT_WITH_WEAK_PULLUP ;        ;              ;           ; Column I/O   ;                 ; no       ; On           ;
; J12      ;            ; --       ; VCC                             ; power  ;              ; 1.1V      ; --           ;                 ; --       ; --           ;
; J13      ; 229        ; 7A       ; RESERVED_INPUT_WITH_WEAK_PULLUP ;        ;              ;           ; Column I/O   ;                 ; no       ; On           ;
; J14      ;            ; --       ; VCC                             ; power  ;              ; 1.1V      ; --           ;                 ; --       ; --           ;
; J15      ;            ;          ; GND                             ; gnd    ;              ;           ; --           ;                 ; --       ; --           ;
; J16      ;            ; --       ; VCC                             ; power  ;              ; 1.1V      ; --           ;                 ; --       ; --           ;
; J17      ; 220        ; 7A       ; RESERVED_INPUT_WITH_WEAK_PULLUP ;        ;              ;           ; Column I/O   ;                 ; no       ; On           ;
; J18      ; 214        ; 7A       ; RESERVED_INPUT_WITH_WEAK_PULLUP ;        ;              ;           ; Column I/O   ;                 ; no       ; On           ;
; J19      ; 212        ; 7A       ; RESERVED_INPUT_WITH_WEAK_PULLUP ;        ;              ;           ; Column I/O   ;                 ; no       ; On           ;
; J20      ;            ;          ; GND                             ; gnd    ;              ;           ; --           ;                 ; --       ; --           ;
; J21      ;            ;          ; NC                              ;        ;              ;           ; --           ;                 ; --       ; --           ;
; J22      ;            ;          ; NC                              ;        ;              ;           ; --           ;                 ; --       ; --           ;
; K1       ;            ;          ; GND                             ; gnd    ;              ;           ; --           ;                 ; --       ; --           ;
; K2       ;            ;          ; GND                             ; gnd    ;              ;           ; --           ;                 ; --       ; --           ;
; K3       ;            ; --       ; VCC                             ; power  ;              ; 1.1V      ; --           ;                 ; --       ; --           ;
; K4       ;            ;          ; GND                             ; gnd    ;              ;           ; --           ;                 ; --       ; --           ;
; K5       ;            ; --       ; VCC                             ; power  ;              ; 1.1V      ; --           ;                 ; --       ; --           ;
; K6       ; 284        ; 9A       ; ^CONF_DONE                      ;        ;              ;           ; --           ;                 ; --       ; --           ;
; K7       ; 254        ; 8A       ; RESERVED_INPUT_WITH_WEAK_PULLUP ;        ;              ;           ; Column I/O   ;                 ; no       ; On           ;
; K8       ;            ;          ; GND                             ; gnd    ;              ;           ; --           ;                 ; --       ; --           ;
; K9       ; 246        ; 7A       ; RESERVED_INPUT_WITH_WEAK_PULLUP ;        ;              ;           ; Column I/O   ;                 ; no       ; On           ;
; K10      ;            ;          ; GND                             ; gnd    ;              ;           ; --           ;                 ; --       ; --           ;
; K11      ;            ; --       ; VCC                             ; power  ;              ; 1.1V      ; --           ;                 ; --       ; --           ;
; K12      ;            ;          ; GND                             ; gnd    ;              ;           ; --           ;                 ; --       ; --           ;
; K13      ;            ; --       ; VCC                             ; power  ;              ; 1.1V      ; --           ;                 ; --       ; --           ;
; K14      ;            ;          ; GND                             ; gnd    ;              ;           ; --           ;                 ; --       ; --           ;
; K15      ;            ; --       ; VCC                             ; power  ;              ; 1.1V      ; --           ;                 ; --       ; --           ;
; K16      ; 222        ; 7A       ; RESERVED_INPUT_WITH_WEAK_PULLUP ;        ;              ;           ; Column I/O   ;                 ; no       ; On           ;
; K17      ; 178        ; 5B       ; RESERVED_INPUT_WITH_WEAK_PULLUP ;        ;              ;           ; Row I/O      ;                 ; no       ; On           ;
; K18      ;            ; 5B       ; VCCIO5B                         ; power  ;              ; 2.5V      ; --           ;                 ; --       ; --           ;
; K19      ; 205        ; 7A       ; RESERVED_INPUT_WITH_WEAK_PULLUP ;        ;              ;           ; Column I/O   ;                 ; no       ; On           ;
; K20      ; 203        ; 7A       ; RESERVED_INPUT_WITH_WEAK_PULLUP ;        ;              ;           ; Column I/O   ;                 ; no       ; On           ;
; K21      ; 183        ; 5B       ; RESERVED_INPUT_WITH_WEAK_PULLUP ;        ;              ;           ; Row I/O      ;                 ; no       ; On           ;
; K22      ; 185        ; 5B       ; RESERVED_INPUT_WITH_WEAK_PULLUP ;        ;              ;           ; Row I/O      ;                 ; no       ; On           ;
; L1       ; 21         ; 2A       ; RESERVED_INPUT_WITH_WEAK_PULLUP ;        ;              ;           ; Row I/O      ;                 ; no       ; On           ;
; L2       ; 23         ; 2A       ; RESERVED_INPUT_WITH_WEAK_PULLUP ;        ;              ;           ; Row I/O      ;                 ; no       ; On           ;
; L3       ;            ;          ; GND                             ; gnd    ;              ;           ; --           ;                 ; --       ; --           ;
; L4       ;            ; --       ; VCC                             ; power  ;              ; 1.1V      ; --           ;                 ; --       ; --           ;
; L5       ;            ;          ; GND                             ; gnd    ;              ;           ; --           ;                 ; --       ; --           ;
; L6       ; 283        ; 9A       ; ^MSEL0                          ;        ;              ;           ; --           ;                 ; --       ; --           ;
; L7       ; 252        ; 8A       ; RESERVED_INPUT_WITH_WEAK_PULLUP ;        ;              ;           ; Column I/O   ;                 ; no       ; On           ;
; L8       ; 244        ; 7A       ; RESERVED_INPUT_WITH_WEAK_PULLUP ;        ;              ;           ; Column I/O   ;                 ; no       ; On           ;
; L9       ;            ;          ; DNU                             ;        ;              ;           ; --           ;                 ; --       ; --           ;
; L10      ;            ; --       ; VCC                             ; power  ;              ; 1.1V      ; --           ;                 ; --       ; --           ;
; L11      ;            ;          ; GND                             ; gnd    ;              ;           ; --           ;                 ; --       ; --           ;
; L12      ;            ; --       ; VCC                             ; power  ;              ; 1.1V      ; --           ;                 ; --       ; --           ;
; L13      ;            ;          ; GND                             ; gnd    ;              ;           ; --           ;                 ; --       ; --           ;
; L14      ;            ; --       ; VCC                             ; power  ;              ; 1.1V      ; --           ;                 ; --       ; --           ;
; L15      ;            ;          ; GND                             ; gnd    ;              ;           ; --           ;                 ; --       ; --           ;
; L16      ;            ; --       ; VCC                             ; power  ;              ; 1.1V      ; --           ;                 ; --       ; --           ;
; L17      ; 180        ; 5B       ; RESERVED_INPUT_WITH_WEAK_PULLUP ;        ;              ;           ; Row I/O      ;                 ; no       ; On           ;
; L18      ; 184        ; 5B       ; RESERVED_INPUT_WITH_WEAK_PULLUP ;        ;              ;           ; Row I/O      ;                 ; no       ; On           ;
; L19      ; 182        ; 5B       ; RESERVED_INPUT_WITH_WEAK_PULLUP ;        ;              ;           ; Row I/O      ;                 ; no       ; On           ;
; L20      ;            ; 5B       ; VREFB5BN0                       ; power  ;              ;           ; --           ;                 ; --       ; --           ;
; L21      ;            ;          ; GND                             ; gnd    ;              ;           ; --           ;                 ; --       ; --           ;
; L22      ; 177        ; 5B       ; RESERVED_INPUT_WITH_WEAK_PULLUP ;        ;              ;           ; Row I/O      ;                 ; no       ; On           ;
; M1       ;            ;          ; GND                             ; gnd    ;              ;           ; --           ;                 ; --       ; --           ;
; M2       ;            ;          ; GND                             ; gnd    ;              ;           ; --           ;                 ; --       ; --           ;
; M3       ;            ; --       ; VCCA_FPLL                       ; power  ;              ; 2.5V      ; --           ;                 ; --       ; --           ;
; M4       ;            ;          ; GND                             ; gnd    ;              ;           ; --           ;                 ; --       ; --           ;
; M5       ; 48         ; 3A       ; #TDO                            ; output ;              ;           ; --           ;                 ; --       ; --           ;
; M6       ; 70         ; 3A       ; Button0                         ; input  ; 2.5 V        ;           ; Column I/O   ; Y               ; no       ; Off          ;
; M7       ; 72         ; 3A       ; Button1                         ; input  ; 2.5 V        ;           ; Column I/O   ; Y               ; no       ; Off          ;
; M8       ; 86         ; 3B       ; Display0[5]                     ; output ; 2.5 V        ;           ; Column I/O   ; Y               ; no       ; Off          ;
; M9       ; 88         ; 3B       ; clk                             ; input  ; 2.5 V        ;           ; Column I/O   ; Y               ; no       ; Off          ;
; M10      ;            ;          ; GND                             ; gnd    ;              ;           ; --           ;                 ; --       ; --           ;
; M11      ;            ; --       ; VCC                             ; power  ;              ; 1.1V      ; --           ;                 ; --       ; --           ;
; M12      ;            ;          ; GND                             ; gnd    ;              ;           ; --           ;                 ; --       ; --           ;
; M13      ;            ; --       ; VCC                             ; power  ;              ; 1.1V      ; --           ;                 ; --       ; --           ;
; M14      ;            ;          ; GND                             ; gnd    ;              ;           ; --           ;                 ; --       ; --           ;
; M15      ;            ; --       ; VCC                             ; power  ;              ; 1.1V      ; --           ;                 ; --       ; --           ;
; M16      ; 172        ; 5B       ; RESERVED_INPUT_WITH_WEAK_PULLUP ;        ;              ;           ; Row I/O      ;                 ; no       ; On           ;
; M17      ;            ; 5B       ; VCCPD5B                         ; power  ;              ; 2.5V      ; --           ;                 ; --       ; --           ;
; M18      ; 176        ; 5B       ; RESERVED_INPUT_WITH_WEAK_PULLUP ;        ;              ;           ; Row I/O      ;                 ; no       ; On           ;
; M19      ;            ; 5B       ; VCCIO5B                         ; power  ;              ; 2.5V      ; --           ;                 ; --       ; --           ;
; M20      ; 179        ; 5B       ; RESERVED_INPUT_WITH_WEAK_PULLUP ;        ;              ;           ; Row I/O      ;                 ; no       ; On           ;
; M21      ; 181        ; 5B       ; RESERVED_INPUT_WITH_WEAK_PULLUP ;        ;              ;           ; Row I/O      ;                 ; no       ; On           ;
; M22      ; 175        ; 5B       ; RESERVED_INPUT_WITH_WEAK_PULLUP ;        ;              ;           ; Row I/O      ;                 ; no       ; On           ;
; N1       ; 24         ; 2A       ; RESERVED_INPUT_WITH_WEAK_PULLUP ;        ;              ;           ; Row I/O      ;                 ; no       ; On           ;
; N2       ; 26         ; 2A       ; RESERVED_INPUT_WITH_WEAK_PULLUP ;        ;              ;           ; Row I/O      ;                 ; no       ; On           ;
; N3       ;            ;          ; GND                             ; gnd    ;              ;           ; --           ;                 ; --       ; --           ;
; N4       ;            ; --       ; VCC                             ; power  ;              ; 1.1V      ; --           ;                 ; --       ; --           ;
; N5       ;            ;          ; GND                             ; gnd    ;              ;           ; --           ;                 ; --       ; --           ;
; N6       ; 64         ; 3A       ; RESERVED_INPUT_WITH_WEAK_PULLUP ;        ;              ;           ; Column I/O   ;                 ; no       ; On           ;
; N7       ;            ;          ; GND                             ; gnd    ;              ;           ; --           ;                 ; --       ; --           ;
; N8       ; 80         ; 3B       ; RESERVED_INPUT_WITH_WEAK_PULLUP ;        ;              ;           ; Column I/O   ;                 ; no       ; On           ;
; N9       ; 104        ; 3B       ; Display0[6]                     ; output ; 2.5 V        ;           ; Column I/O   ; Y               ; no       ; Off          ;
; N10      ;            ; --       ; VCC                             ; power  ;              ; 1.1V      ; --           ;                 ; --       ; --           ;
; N11      ;            ;          ; GND                             ; gnd    ;              ;           ; --           ;                 ; --       ; --           ;
; N12      ;            ; --       ; VCC                             ; power  ;              ; 1.1V      ; --           ;                 ; --       ; --           ;
; N13      ;            ;          ; GND                             ; gnd    ;              ;           ; --           ;                 ; --       ; --           ;
; N14      ;            ; --       ; VCC                             ; power  ;              ; 1.1V      ; --           ;                 ; --       ; --           ;
; N15      ;            ;          ; GND                             ; gnd    ;              ;           ; --           ;                 ; --       ; --           ;
; N16      ; 170        ; 5B       ; RESERVED_INPUT_WITH_WEAK_PULLUP ;        ;              ;           ; Row I/O      ;                 ; no       ; On           ;
; N17      ;            ;          ; GND                             ; gnd    ;              ;           ; --           ;                 ; --       ; --           ;
; N18      ;            ; 5B       ; VCCPD5B                         ; power  ;              ; 2.5V      ; --           ;                 ; --       ; --           ;
; N19      ; 174        ; 5B       ; RESERVED_INPUT_WITH_WEAK_PULLUP ;        ;              ;           ; Row I/O      ;                 ; no       ; On           ;
; N20      ; 171        ; 5B       ; RESERVED_INPUT_WITH_WEAK_PULLUP ;        ;              ;           ; Row I/O      ;                 ; no       ; On           ;
; N21      ; 173        ; 5B       ; RESERVED_INPUT_WITH_WEAK_PULLUP ;        ;              ;           ; Row I/O      ;                 ; no       ; On           ;
; N22      ;            ;          ; GND                             ; gnd    ;              ;           ; --           ;                 ; --       ; --           ;
; P1       ;            ;          ; GND                             ; gnd    ;              ;           ; --           ;                 ; --       ; --           ;
; P2       ;            ;          ; GND                             ; gnd    ;              ;           ; --           ;                 ; --       ; --           ;
; P3       ;            ; --       ; VCC                             ; power  ;              ; 1.1V      ; --           ;                 ; --       ; --           ;
; P4       ;            ;          ; GND                             ; gnd    ;              ;           ; --           ;                 ; --       ; --           ;
; P5       ; 50         ; 3A       ; #TMS                            ; input  ;              ;           ; --           ;                 ; --       ; --           ;
; P6       ; 62         ; 3A       ; RESERVED_INPUT_WITH_WEAK_PULLUP ;        ;              ;           ; Column I/O   ;                 ; no       ; On           ;
; P7       ; 73         ; 3A       ; RESERVED_INPUT_WITH_WEAK_PULLUP ;        ;              ;           ; Column I/O   ;                 ; no       ; On           ;
; P8       ; 78         ; 3B       ; RESERVED_INPUT_WITH_WEAK_PULLUP ;        ;              ;           ; Column I/O   ;                 ; no       ; On           ;
; P9       ; 102        ; 3B       ; Display1[0]                     ; output ; 2.5 V        ;           ; Column I/O   ; Y               ; no       ; Off          ;
; P10      ;            ;          ; GND                             ; gnd    ;              ;           ; --           ;                 ; --       ; --           ;
; P11      ;            ; --       ; VCC                             ; power  ;              ; 1.1V      ; --           ;                 ; --       ; --           ;
; P12      ; 97         ; 3B       ; RESERVED_INPUT_WITH_WEAK_PULLUP ;        ;              ;           ; Column I/O   ;                 ; no       ; On           ;
; P13      ;            ; --       ; VCC                             ; power  ;              ; 1.1V      ; --           ;                 ; --       ; --           ;
; P14      ; 142        ; 4A       ; Display0[3]                     ; output ; 2.5 V        ;           ; Column I/O   ; Y               ; no       ; Off          ;
; P15      ;            ; --       ; VCC                             ; power  ;              ; 1.1V      ; --           ;                 ; --       ; --           ;
; P16      ; 167        ; 5A       ; RESERVED_INPUT_WITH_WEAK_PULLUP ;        ;              ;           ; Row I/O      ;                 ; no       ; On           ;
; P17      ; 169        ; 5A       ; RESERVED_INPUT_WITH_WEAK_PULLUP ;        ;              ;           ; Row I/O      ;                 ; no       ; On           ;
; P18      ; 168        ; 5A       ; RESERVED_INPUT_WITH_WEAK_PULLUP ;        ;              ;           ; Row I/O      ;                 ; no       ; On           ;
; P19      ; 166        ; 5A       ; RESERVED_INPUT_WITH_WEAK_PULLUP ;        ;              ;           ; Row I/O      ;                 ; no       ; On           ;
; P20      ;            ; 5A       ; VCCIO5A                         ; power  ;              ; 2.5V      ; --           ;                 ; --       ; --           ;
; P21      ;            ; 5A       ; VCCPD5A                         ; power  ;              ; 2.5V      ; --           ;                 ; --       ; --           ;
; P22      ; 164        ; 5A       ; RESERVED_INPUT_WITH_WEAK_PULLUP ;        ;              ;           ; Row I/O      ;                 ; no       ; On           ;
; R1       ;            ; 2A       ; VCCIO2A                         ; power  ;              ; 2.5V      ; --           ;                 ; --       ; --           ;
; R2       ;            ; 1A, 2A   ; VCCPD1A2A                       ; power  ;              ; 2.5V      ; --           ;                 ; --       ; --           ;
; R3       ;            ;          ; GND                             ; gnd    ;              ;           ; --           ;                 ; --       ; --           ;
; R4       ; 49         ; 3A       ; ^nCSO, DATA4                    ;        ;              ;           ; Weak Pull Up ;                 ; --       ; On           ;
; R5       ; 60         ; 3A       ; RESERVED_INPUT_WITH_WEAK_PULLUP ;        ;              ;           ; Column I/O   ;                 ; no       ; On           ;
; R6       ; 58         ; 3A       ; RESERVED_INPUT_WITH_WEAK_PULLUP ;        ;              ;           ; Column I/O   ;                 ; no       ; On           ;
; R7       ; 71         ; 3A       ; RESERVED_INPUT_WITH_WEAK_PULLUP ;        ;              ;           ; Column I/O   ;                 ; no       ; On           ;
; R8       ;            ; 3B       ; VCCIO3B                         ; power  ;              ; 2.5V      ; --           ;                 ; --       ; --           ;
; R9       ; 93         ; 3B       ; RESERVED_INPUT_WITH_WEAK_PULLUP ;        ;              ;           ; Column I/O   ;                 ; no       ; On           ;
; R10      ; 99         ; 3B       ; RESERVED_INPUT_WITH_WEAK_PULLUP ;        ;              ;           ; Column I/O   ;                 ; no       ; On           ;
; R11      ; 101        ; 3B       ; RESERVED_INPUT_WITH_WEAK_PULLUP ;        ;              ;           ; Column I/O   ;                 ; no       ; On           ;
; R12      ; 95         ; 3B       ; RESERVED_INPUT_WITH_WEAK_PULLUP ;        ;              ;           ; Column I/O   ;                 ; no       ; On           ;
; R13      ;            ;          ; GND                             ; gnd    ;              ;           ; --           ;                 ; --       ; --           ;
; R14      ; 144        ; 4A       ; RESERVED_INPUT_WITH_WEAK_PULLUP ;        ;              ;           ; Column I/O   ;                 ; no       ; On           ;
; R15      ; 161        ; 5A       ; RESERVED_INPUT_WITH_WEAK_PULLUP ;        ;              ;           ; Row I/O      ;                 ; no       ; On           ;
; R16      ; 163        ; 5A       ; RESERVED_INPUT_WITH_WEAK_PULLUP ;        ;              ;           ; Row I/O      ;                 ; no       ; On           ;
; R17      ; 165        ; 5A       ; RESERVED_INPUT_WITH_WEAK_PULLUP ;        ;              ;           ; Row I/O      ;                 ; no       ; On           ;
; R18      ;            ; 5A       ; VCCIO5A                         ; power  ;              ; 2.5V      ; --           ;                 ; --       ; --           ;
; R19      ;            ; --       ; VCCPGM                          ; power  ;              ; 3.0V/3.3V ; --           ;                 ; --       ; --           ;
; R20      ;            ; 5A       ; VREFB5AN0                       ; power  ;              ;           ; --           ;                 ; --       ; --           ;
; R21      ; 162        ; 5A       ; RESERVED_INPUT_WITH_WEAK_PULLUP ;        ;              ;           ; Row I/O      ;                 ; no       ; On           ;
; R22      ; 160        ; 5A       ; RESERVED_INPUT_WITH_WEAK_PULLUP ;        ;              ;           ; Row I/O      ;                 ; no       ; On           ;
; T1       ;            ;          ; GND                             ; gnd    ;              ;           ; --           ;                 ; --       ; --           ;
; T2       ;            ;          ; GND                             ; gnd    ;              ;           ; --           ;                 ; --       ; --           ;
; T3       ;            ; --       ; VCCA_FPLL                       ; power  ;              ; 2.5V      ; --           ;                 ; --       ; --           ;
; T4       ; 51         ; 3A       ; ^AS_DATA3, DATA3                ;        ;              ;           ; Weak Pull Up ;                 ; --       ; On           ;
; T5       ;            ; --       ; VCCA_FPLL                       ; power  ;              ; 2.5V      ; --           ;                 ; --       ; --           ;
; T6       ;            ; 3A       ; VCCIO3A                         ; power  ;              ; 2.5V      ; --           ;                 ; --       ; --           ;
; T7       ; 66         ; 3A       ; RESERVED_INPUT_WITH_WEAK_PULLUP ;        ;              ;           ; Column I/O   ;                 ; no       ; On           ;
; T8       ; 68         ; 3A       ; RESERVED_INPUT_WITH_WEAK_PULLUP ;        ;              ;           ; Column I/O   ;                 ; no       ; On           ;
; T9       ; 83         ; 3B       ; RESERVED_INPUT_WITH_WEAK_PULLUP ;        ;              ;           ; Column I/O   ;                 ; no       ; On           ;
; T10      ; 91         ; 3B       ; RESERVED_INPUT_WITH_WEAK_PULLUP ;        ;              ;           ; Column I/O   ;                 ; no       ; On           ;
; T11      ;            ; 3B       ; VCCIO3B                         ; power  ;              ; 2.5V      ; --           ;                 ; --       ; --           ;
; T12      ; 110        ; 4A       ; RESERVED_INPUT_WITH_WEAK_PULLUP ;        ;              ;           ; Column I/O   ;                 ; no       ; On           ;
; T13      ; 112        ; 4A       ; RESERVED_INPUT_WITH_WEAK_PULLUP ;        ;              ;           ; Column I/O   ;                 ; no       ; On           ;
; T14      ; 126        ; 4A       ; Display0[4]                     ; output ; 2.5 V        ;           ; Column I/O   ; Y               ; no       ; Off          ;
; T15      ; 159        ; 5A       ; RESERVED_INPUT_WITH_WEAK_PULLUP ;        ;              ;           ; Row I/O      ;                 ; no       ; On           ;
; T16      ;            ;          ; GND                             ; gnd    ;              ;           ; --           ;                 ; --       ; --           ;
; T17      ; 157        ; 5A       ; RESERVED_INPUT_WITH_WEAK_PULLUP ;        ;              ;           ; Row I/O      ;                 ; no       ; On           ;
; T18      ; 155        ; 5A       ; RESERVED_INPUT_WITH_WEAK_PULLUP ;        ;              ;           ; Row I/O      ;                 ; no       ; On           ;
; T19      ; 154        ; 5A       ; RESERVED_INPUT_WITH_WEAK_PULLUP ;        ;              ;           ; Row I/O      ;                 ; no       ; On           ;
; T20      ; 156        ; 5A       ; RESERVED_INPUT_WITH_WEAK_PULLUP ;        ;              ;           ; Row I/O      ;                 ; no       ; On           ;
; T21      ;            ;          ; GND                             ; gnd    ;              ;           ; --           ;                 ; --       ; --           ;
; T22      ; 158        ; 5A       ; RESERVED_INPUT_WITH_WEAK_PULLUP ;        ;              ;           ; Row I/O      ;                 ; no       ; On           ;
; U1       ; 25         ; 2A       ; RESERVED_INPUT_WITH_WEAK_PULLUP ;        ;              ;           ; Row I/O      ;                 ; no       ; On           ;
; U2       ; 27         ; 2A       ; RESERVED_INPUT_WITH_WEAK_PULLUP ;        ;              ;           ; Row I/O      ;                 ; no       ; On           ;
; U3       ;            ;          ; GND                             ; gnd    ;              ;           ; --           ;                 ; --       ; --           ;
; U4       ;            ;          ; GND                             ; gnd    ;              ;           ; --           ;                 ; --       ; --           ;
; U5       ;            ;          ; GND                             ; gnd    ;              ;           ; --           ;                 ; --       ; --           ;
; U6       ; 67         ; 3A       ; RESERVED_INPUT_WITH_WEAK_PULLUP ;        ;              ;           ; Column I/O   ;                 ; no       ; On           ;
; U7       ; 59         ; 3A       ; Button3                         ; input  ; 2.5 V        ;           ; Column I/O   ; Y               ; no       ; Off          ;
; U8       ; 61         ; 3A       ; RESERVED_INPUT_WITH_WEAK_PULLUP ;        ;              ;           ; Column I/O   ;                 ; no       ; On           ;
; U9       ;            ;          ; GND                             ; gnd    ;              ;           ; --           ;                 ; --       ; --           ;
; U10      ; 85         ; 3B       ; RESERVED_INPUT_WITH_WEAK_PULLUP ;        ;              ;           ; Column I/O   ;                 ; no       ; On           ;
; U11      ; 94         ; 3B       ; RESERVED_INPUT_WITH_WEAK_PULLUP ;        ;              ;           ; Column I/O   ;                 ; no       ; On           ;
; U12      ; 96         ; 3B       ; RESERVED_INPUT_WITH_WEAK_PULLUP ;        ;              ;           ; Column I/O   ;                 ; no       ; On           ;
; U13      ; 109        ; 4A       ; ResetSwitch                     ; input  ; 2.5 V        ;           ; Column I/O   ; Y               ; no       ; Off          ;
; U14      ;            ; 4A       ; VCCIO4A                         ; power  ;              ; 2.5V      ; --           ;                 ; --       ; --           ;
; U15      ; 128        ; 4A       ; Display1[2]                     ; output ; 2.5 V        ;           ; Column I/O   ; Y               ; no       ; Off          ;
; U16      ; 150        ; 4A       ; Display1[3]                     ; output ; 2.5 V        ;           ; Column I/O   ; Y               ; no       ; Off          ;
; U17      ; 152        ; 4A       ; Display2[2]                     ; output ; 2.5 V        ;           ; Column I/O   ; Y               ; no       ; Off          ;
; U18      ;            ; --       ; VCCA_FPLL                       ; power  ;              ; 2.5V      ; --           ;                 ; --       ; --           ;
; U19      ;            ; 4A       ; VCCIO4A                         ; power  ;              ; 2.5V      ; --           ;                 ; --       ; --           ;
; U20      ; 153        ; 4A       ; Display1[6]                     ; output ; 2.5 V        ;           ; Column I/O   ; Y               ; no       ; Off          ;
; U21      ; 151        ; 4A       ; Display5[6]                     ; output ; 2.5 V        ;           ; Column I/O   ; Y               ; no       ; Off          ;
; U22      ; 146        ; 4A       ; Display4[0]                     ; output ; 2.5 V        ;           ; Column I/O   ; Y               ; no       ; Off          ;
; V1       ;            ;          ; GND                             ; gnd    ;              ;           ; --           ;                 ; --       ; --           ;
; V2       ;            ;          ; GND                             ; gnd    ;              ;           ; --           ;                 ; --       ; --           ;
; V3       ; 56         ; 3A       ; ^DCLK                           ;        ;              ;           ; Weak Pull Up ;                 ; --       ; On           ;
; V4       ;            ;          ; GND                             ; gnd    ;              ;           ; --           ;                 ; --       ; --           ;
; V5       ; 52         ; 3A       ; #TCK                            ; input  ;              ;           ; --           ;                 ; --       ; --           ;
; V6       ; 69         ; 3A       ; RESERVED_INPUT_WITH_WEAK_PULLUP ;        ;              ;           ; Column I/O   ;                 ; no       ; On           ;
; V7       ;            ;          ; GND                             ; gnd    ;              ;           ; --           ;                 ; --       ; --           ;
; V8       ;            ; --       ; VCCPGM                          ; power  ;              ; 3.0V/3.3V ; --           ;                 ; --       ; --           ;
; V9       ; 75         ; 3B       ; RESERVED_INPUT_WITH_WEAK_PULLUP ;        ;              ;           ; Column I/O   ;                 ; no       ; On           ;
; V10      ; 77         ; 3B       ; RESERVED_INPUT_WITH_WEAK_PULLUP ;        ;              ;           ; Column I/O   ;                 ; no       ; On           ;
; V11      ;            ;          ; NC                              ;        ;              ;           ; --           ;                 ; --       ; --           ;
; V12      ;            ;          ; GND                             ; gnd    ;              ;           ; --           ;                 ; --       ; --           ;
; V13      ; 107        ; 4A       ; RESERVED_INPUT_WITH_WEAK_PULLUP ;        ;              ;           ; Column I/O   ;                 ; no       ; On           ;
; V14      ; 118        ; 4A       ; Display3[2]                     ; output ; 2.5 V        ;           ; Column I/O   ; Y               ; no       ; Off          ;
; V15      ; 120        ; 4A       ; RESERVED_INPUT_WITH_WEAK_PULLUP ;        ;              ;           ; Column I/O   ;                 ; no       ; On           ;
; V16      ; 134        ; 4A       ; Display2[3]                     ; output ; 2.5 V        ;           ; Column I/O   ; Y               ; no       ; Off          ;
; V17      ;            ;          ; GND                             ; gnd    ;              ;           ; --           ;                 ; --       ; --           ;
; V18      ; 149        ; 4A       ; Display2[1]                     ; output ; 2.5 V        ;           ; Column I/O   ; Y               ; no       ; Off          ;
; V19      ; 147        ; 4A       ; Display2[0]                     ; output ; 2.5 V        ;           ; Column I/O   ; Y               ; no       ; Off          ;
; V20      ; 131        ; 4A       ; Display1[4]                     ; output ; 2.5 V        ;           ; Column I/O   ; Y               ; no       ; Off          ;
; V21      ; 148        ; 4A       ; Display5[5]                     ; output ; 2.5 V        ;           ; Column I/O   ; Y               ; no       ; Off          ;
; V22      ;            ;          ; GND                             ; gnd    ;              ;           ; --           ;                 ; --       ; --           ;
; W1       ;            ; 2A       ; VREFB2AN0                       ; power  ;              ;           ; --           ;                 ; --       ; --           ;
; W2       ; 28         ; 2A       ; RESERVED_INPUT_WITH_WEAK_PULLUP ;        ;              ;           ; Row I/O      ;                 ; no       ; On           ;
; W3       ;            ;          ; GND                             ; gnd    ;              ;           ; --           ;                 ; --       ; --           ;
; W4       ;            ;          ; GND                             ; gnd    ;              ;           ; --           ;                 ; --       ; --           ;
; W5       ; 54         ; 3A       ; #TDI                            ; input  ;              ;           ; --           ;                 ; --       ; --           ;
; W6       ;            ; 3A       ; VCCPD3A                         ; power  ;              ; 2.5V      ; --           ;                 ; --       ; --           ;
; W7       ;            ; --       ; VCC_AUX                         ; power  ;              ; 2.5V      ; --           ;                 ; --       ; --           ;
; W8       ; 63         ; 3A       ; RESERVED_INPUT_WITH_WEAK_PULLUP ;        ;              ;           ; Column I/O   ;                 ; no       ; On           ;
; W9       ; 65         ; 3A       ; Button2                         ; input  ; 2.5 V        ;           ; Column I/O   ; Y               ; no       ; Off          ;
; W10      ;            ; 3B       ; VCCIO3B                         ; power  ;              ; 2.5V      ; --           ;                 ; --       ; --           ;
; W11      ;            ; 3B, 4A   ; VCCPD3B4A                       ; power  ;              ; 2.5V      ; --           ;                 ; --       ; --           ;
; W12      ;            ; 3B, 4A   ; VCCPD3B4A                       ; power  ;              ; 2.5V      ; --           ;                 ; --       ; --           ;
; W13      ;            ; --       ; VCC_AUX                         ; power  ;              ; 2.5V      ; --           ;                 ; --       ; --           ;
; W14      ;            ; 3B, 4A   ; VCCPD3B4A                       ; power  ;              ; 2.5V      ; --           ;                 ; --       ; --           ;
; W15      ;            ; 4A       ; VCCIO4A                         ; power  ;              ; 2.5V      ; --           ;                 ; --       ; --           ;
; W16      ; 136        ; 4A       ; Display2[5]                     ; output ; 2.5 V        ;           ; Column I/O   ; Y               ; no       ; Off          ;
; W17      ;            ; 3B, 4A   ; VCCPD3B4A                       ; power  ;              ; 2.5V      ; --           ;                 ; --       ; --           ;
; W18      ;            ; --       ; VCC_AUX                         ; power  ;              ; 2.5V      ; --           ;                 ; --       ; --           ;
; W19      ; 133        ; 4A       ; Display0[0]                     ; output ; 2.5 V        ;           ; Column I/O   ; Y               ; no       ; Off          ;
; W20      ;            ; 4A       ; VCCIO4A                         ; power  ;              ; 2.5V      ; --           ;                 ; --       ; --           ;
; W21      ; 145        ; 4A       ; Display5[3]                     ; output ; 2.5 V        ;           ; Column I/O   ; Y               ; no       ; Off          ;
; W22      ; 140        ; 4A       ; Display5[4]                     ; output ; 2.5 V        ;           ; Column I/O   ; Y               ; no       ; Off          ;
; Y1       ;            ;          ; GND                             ; gnd    ;              ;           ; --           ;                 ; --       ; --           ;
; Y2       ;            ;          ; GND                             ; gnd    ;              ;           ; --           ;                 ; --       ; --           ;
; Y3       ; 30         ; 2A       ; RESERVED_INPUT_WITH_WEAK_PULLUP ;        ;              ;           ; Row I/O      ;                 ; no       ; On           ;
; Y4       ;            ; 2A       ; VCCIO2A                         ; power  ;              ; 2.5V      ; --           ;                 ; --       ; --           ;
; Y5       ;            ;          ; GND                             ; gnd    ;              ;           ; --           ;                 ; --       ; --           ;
; Y6       ;            ;          ; NC                              ;        ;              ;           ; --           ;                 ; --       ; --           ;
; Y7       ;            ; 3A       ; VREFB3AN0                       ; power  ;              ;           ; --           ;                 ; --       ; --           ;
; Y8       ;            ; 3A       ; VCCIO3A                         ; power  ;              ; 2.5V      ; --           ;                 ; --       ; --           ;
; Y9       ; 92         ; 3B       ; RESERVED_INPUT_WITH_WEAK_PULLUP ;        ;              ;           ; Column I/O   ;                 ; no       ; On           ;
; Y10      ; 90         ; 3B       ; RESERVED_INPUT_WITH_WEAK_PULLUP ;        ;              ;           ; Column I/O   ;                 ; no       ; On           ;
; Y11      ; 103        ; 3B       ; RESERVED_INPUT_WITH_WEAK_PULLUP ;        ;              ;           ; Column I/O   ;                 ; no       ; On           ;
; Y12      ;            ; 3B       ; VREFB3BN0                       ; power  ;              ;           ; --           ;                 ; --       ; --           ;
; Y13      ;            ; 3B       ; VCCIO3B                         ; power  ;              ; 2.5V      ; --           ;                 ; --       ; --           ;
; Y14      ; 115        ; 4A       ; Display3[3]                     ; output ; 2.5 V        ;           ; Column I/O   ; Y               ; no       ; Off          ;
; Y15      ; 117        ; 4A       ; Display1[1]                     ; output ; 2.5 V        ;           ; Column I/O   ; Y               ; no       ; Off          ;
; Y16      ; 123        ; 4A       ; Display2[6]                     ; output ; 2.5 V        ;           ; Column I/O   ; Y               ; no       ; Off          ;
; Y17      ; 125        ; 4A       ; Display2[4]                     ; output ; 2.5 V        ;           ; Column I/O   ; Y               ; no       ; Off          ;
; Y18      ;            ;          ; GND                             ; gnd    ;              ;           ; --           ;                 ; --       ; --           ;
; Y19      ; 141        ; 4A       ; Display3[6]                     ; output ; 2.5 V        ;           ; Column I/O   ; Y               ; no       ; Off          ;
; Y20      ; 139        ; 4A       ; Display1[5]                     ; output ; 2.5 V        ;           ; Column I/O   ; Y               ; no       ; Off          ;
; Y21      ; 143        ; 4A       ; Display5[1]                     ; output ; 2.5 V        ;           ; Column I/O   ; Y               ; no       ; Off          ;
; Y22      ; 138        ; 4A       ; Display5[2]                     ; output ; 2.5 V        ;           ; Column I/O   ; Y               ; no       ; Off          ;
+----------+------------+----------+---------------------------------+--------+--------------+-----------+--------------+-----------------+----------+--------------+
Note: Pin directions (input, output or bidir) are based on device operating in user mode.


+---------------------------------------------------+
; I/O Assignment Warnings                           ;
+-------------------+-------------------------------+
; Pin Name          ; Reason                        ;
+-------------------+-------------------------------+
; Display0[0]       ; Incomplete set of assignments ;
; Display0[1]       ; Incomplete set of assignments ;
; Display0[2]       ; Incomplete set of assignments ;
; Display0[3]       ; Incomplete set of assignments ;
; Display0[4]       ; Incomplete set of assignments ;
; Display0[5]       ; Incomplete set of assignments ;
; Display0[6]       ; Incomplete set of assignments ;
; Display1[0]       ; Incomplete set of assignments ;
; Display1[1]       ; Incomplete set of assignments ;
; Display1[2]       ; Incomplete set of assignments ;
; Display1[3]       ; Incomplete set of assignments ;
; Display1[4]       ; Incomplete set of assignments ;
; Display1[5]       ; Incomplete set of assignments ;
; Display1[6]       ; Incomplete set of assignments ;
; Display2[0]       ; Incomplete set of assignments ;
; Display2[1]       ; Incomplete set of assignments ;
; Display2[2]       ; Incomplete set of assignments ;
; Display2[3]       ; Incomplete set of assignments ;
; Display2[4]       ; Incomplete set of assignments ;
; Display2[5]       ; Incomplete set of assignments ;
; Display2[6]       ; Incomplete set of assignments ;
; Display3[0]       ; Incomplete set of assignments ;
; Display3[1]       ; Incomplete set of assignments ;
; Display3[2]       ; Incomplete set of assignments ;
; Display3[3]       ; Incomplete set of assignments ;
; Display3[4]       ; Incomplete set of assignments ;
; Display3[5]       ; Incomplete set of assignments ;
; Display3[6]       ; Incomplete set of assignments ;
; Display4[0]       ; Incomplete set of assignments ;
; Display4[1]       ; Incomplete set of assignments ;
; Display4[2]       ; Incomplete set of assignments ;
; Display4[3]       ; Incomplete set of assignments ;
; Display4[4]       ; Incomplete set of assignments ;
; Display4[5]       ; Incomplete set of assignments ;
; Display4[6]       ; Incomplete set of assignments ;
; Display5[0]       ; Incomplete set of assignments ;
; Display5[1]       ; Incomplete set of assignments ;
; Display5[2]       ; Incomplete set of assignments ;
; Display5[3]       ; Incomplete set of assignments ;
; Display5[4]       ; Incomplete set of assignments ;
; Display5[5]       ; Incomplete set of assignments ;
; Display5[6]       ; Incomplete set of assignments ;
; LoggedIn          ; Incomplete set of assignments ;
; LoggedOut         ; Incomplete set of assignments ;
; ResetSwitch       ; Incomplete set of assignments ;
; clk               ; Incomplete set of assignments ;
; PasswordDigits[3] ; Incomplete set of assignments ;
; PasswordDigits[0] ; Incomplete set of assignments ;
; PasswordDigits[1] ; Incomplete set of assignments ;
; PasswordDigits[2] ; Incomplete set of assignments ;
; Button2           ; Incomplete set of assignments ;
; Button1           ; Incomplete set of assignments ;
; Button0           ; Incomplete set of assignments ;
; Button3           ; Incomplete set of assignments ;
+-------------------+-------------------------------+


+-------------------------------------------------------------------------------------------------------------------------------------------------------------------------------------------------------------------------------------------------------------------------------------------------------------------------------------------------------------------------------------------------------------------------------------------------------------------------------------------------------------------------------------------------------------------+
; Fitter Resource Utilization by Entity                                                                                                                                                                                                                                                                                                                                                                                                                                                                                                                             ;
+----------------------------------------------+----------------------+----------------------------------+---------------------------------------------------+----------------------------------+----------------------+---------------------+---------------------------+---------------+-------------------+-------+------------+------+--------------+----------------------------------------------------------------------------------------------------------------------------------------------------------------------+---------------------+--------------+
; Compilation Hierarchy Node                   ; ALMs needed [=A-B+C] ; [A] ALMs used in final placement ; [B] Estimate of ALMs recoverable by dense packing ; [C] Estimate of ALMs unavailable ; ALMs used for memory ; Combinational ALUTs ; Dedicated Logic Registers ; I/O Registers ; Block Memory Bits ; M10Ks ; DSP Blocks ; Pins ; Virtual Pins ; Full Hierarchy Name                                                                                                                                                  ; Entity Name         ; Library Name ;
+----------------------------------------------+----------------------+----------------------------------+---------------------------------------------------+----------------------------------+----------------------+---------------------+---------------------------+---------------+-------------------+-------+------------+------+--------------+----------------------------------------------------------------------------------------------------------------------------------------------------------------------+---------------------+--------------+
; |WhackAMole                                  ; 527.5 (0.5)          ; 550.5 (0.5)                      ; 23.0 (0.0)                                        ; 0.0 (0.0)                        ; 0.0 (0.0)            ; 1001 (1)            ; 256 (0)                   ; 0 (0)         ; 320               ; 2     ; 0          ; 54   ; 0            ; |WhackAMole                                                                                                                                                          ; WhackAMole          ; work         ;
;    |Authentication:auth_inst|                ; 55.0 (0.0)           ; 74.2 (0.0)                       ; 19.2 (0.0)                                        ; 0.0 (0.0)                        ; 0.0 (0.0)            ; 86 (0)              ; 119 (0)                   ; 0 (0)         ; 320               ; 2     ; 0          ; 0    ; 0            ; |WhackAMole|Authentication:auth_inst                                                                                                                                 ; Authentication      ; work         ;
;       |PLAYER_ID_ROM:pid_ROM|                ; 0.0 (0.0)            ; 0.0 (0.0)                        ; 0.0 (0.0)                                         ; 0.0 (0.0)                        ; 0.0 (0.0)            ; 0 (0)               ; 0 (0)                     ; 0 (0)         ; 128               ; 1     ; 0          ; 0    ; 0            ; |WhackAMole|Authentication:auth_inst|PLAYER_ID_ROM:pid_ROM                                                                                                           ; PLAYER_ID_ROM       ; work         ;
;          |altsyncram:altsyncram_component|   ; 0.0 (0.0)            ; 0.0 (0.0)                        ; 0.0 (0.0)                                         ; 0.0 (0.0)                        ; 0.0 (0.0)            ; 0 (0)               ; 0 (0)                     ; 0 (0)         ; 128               ; 1     ; 0          ; 0    ; 0            ; |WhackAMole|Authentication:auth_inst|PLAYER_ID_ROM:pid_ROM|altsyncram:altsyncram_component                                                                           ; altsyncram          ; work         ;
;             |altsyncram_j5g1:auto_generated| ; 0.0 (0.0)            ; 0.0 (0.0)                        ; 0.0 (0.0)                                         ; 0.0 (0.0)                        ; 0.0 (0.0)            ; 0 (0)               ; 0 (0)                     ; 0 (0)         ; 128               ; 1     ; 0          ; 0    ; 0            ; |WhackAMole|Authentication:auth_inst|PLAYER_ID_ROM:pid_ROM|altsyncram:altsyncram_component|altsyncram_j5g1:auto_generated                                            ; altsyncram_j5g1     ; work         ;
;       |ROM_PSWD:pswd_ROM|                    ; 0.0 (0.0)            ; 0.0 (0.0)                        ; 0.0 (0.0)                                         ; 0.0 (0.0)                        ; 0.0 (0.0)            ; 0 (0)               ; 0 (0)                     ; 0 (0)         ; 192               ; 1     ; 0          ; 0    ; 0            ; |WhackAMole|Authentication:auth_inst|ROM_PSWD:pswd_ROM                                                                                                               ; ROM_PSWD            ; work         ;
;          |altsyncram:altsyncram_component|   ; 0.0 (0.0)            ; 0.0 (0.0)                        ; 0.0 (0.0)                                         ; 0.0 (0.0)                        ; 0.0 (0.0)            ; 0 (0)               ; 0 (0)                     ; 0 (0)         ; 192               ; 1     ; 0          ; 0    ; 0            ; |WhackAMole|Authentication:auth_inst|ROM_PSWD:pswd_ROM|altsyncram:altsyncram_component                                                                               ; altsyncram          ; work         ;
;             |altsyncram_nlf1:auto_generated| ; 0.0 (0.0)            ; 0.0 (0.0)                        ; 0.0 (0.0)                                         ; 0.0 (0.0)                        ; 0.0 (0.0)            ; 0 (0)               ; 0 (0)                     ; 0 (0)         ; 192               ; 1     ; 0          ; 0    ; 0            ; |WhackAMole|Authentication:auth_inst|ROM_PSWD:pswd_ROM|altsyncram:altsyncram_component|altsyncram_nlf1:auto_generated                                                ; altsyncram_nlf1     ; work         ;
;       |id_verification:id_verify|            ; 27.1 (27.1)          ; 33.5 (33.5)                      ; 6.4 (6.4)                                         ; 0.0 (0.0)                        ; 0.0 (0.0)            ; 44 (44)             ; 50 (50)                   ; 0 (0)         ; 0                 ; 0     ; 0          ; 0    ; 0            ; |WhackAMole|Authentication:auth_inst|id_verification:id_verify                                                                                                       ; id_verification     ; work         ;
;       |pswd_verification:pw_verify|          ; 27.9 (27.9)          ; 40.7 (40.7)                      ; 12.7 (12.7)                                       ; 0.0 (0.0)                        ; 0.0 (0.0)            ; 42 (42)             ; 69 (69)                   ; 0 (0)         ; 0                 ; 0     ; 0          ; 0    ; 0            ; |WhackAMole|Authentication:auth_inst|pswd_verification:pw_verify                                                                                                     ; pswd_verification   ; work         ;
;    |ButtonShaper:bs0|                        ; 1.0 (1.0)            ; 1.0 (1.0)                        ; 0.0 (0.0)                                         ; 0.0 (0.0)                        ; 0.0 (0.0)            ; 2 (2)               ; 2 (2)                     ; 0 (0)         ; 0                 ; 0     ; 0          ; 0    ; 0            ; |WhackAMole|ButtonShaper:bs0                                                                                                                                         ; ButtonShaper        ; work         ;
;    |ButtonShaper:bs1|                        ; 1.0 (1.0)            ; 1.0 (1.0)                        ; 0.0 (0.0)                                         ; 0.0 (0.0)                        ; 0.0 (0.0)            ; 2 (2)               ; 2 (2)                     ; 0 (0)         ; 0                 ; 0     ; 0          ; 0    ; 0            ; |WhackAMole|ButtonShaper:bs1                                                                                                                                         ; ButtonShaper        ; work         ;
;    |ButtonShaper:bs2|                        ; 1.0 (1.0)            ; 1.0 (1.0)                        ; 0.0 (0.0)                                         ; 0.0 (0.0)                        ; 0.0 (0.0)            ; 2 (2)               ; 2 (2)                     ; 0 (0)         ; 0                 ; 0     ; 0          ; 0    ; 0            ; |WhackAMole|ButtonShaper:bs2                                                                                                                                         ; ButtonShaper        ; work         ;
;    |ButtonShaper:bs3|                        ; 1.0 (1.0)            ; 1.0 (1.0)                        ; 0.0 (0.0)                                         ; 0.0 (0.0)                        ; 0.0 (0.0)            ; 2 (2)               ; 2 (2)                     ; 0 (0)         ; 0                 ; 0     ; 0          ; 0    ; 0            ; |WhackAMole|ButtonShaper:bs3                                                                                                                                         ; ButtonShaper        ; work         ;
;    |DisplayController:display_inst|          ; 385.7 (44.8)         ; 386.8 (46.7)                     ; 1.2 (1.8)                                         ; 0.0 (0.0)                        ; 0.0 (0.0)            ; 763 (78)            ; 38 (38)                   ; 0 (0)         ; 0                 ; 0     ; 0          ; 0    ; 0            ; |WhackAMole|DisplayController:display_inst                                                                                                                           ; DisplayController   ; work         ;
;       |ScoreDisplay:bestDisplay|             ; 55.0 (0.0)           ; 55.0 (0.0)                       ; 0.0 (0.0)                                         ; 0.0 (0.0)                        ; 0.0 (0.0)            ; 110 (0)             ; 0 (0)                     ; 0 (0)         ; 0                 ; 0     ; 0          ; 0    ; 0            ; |WhackAMole|DisplayController:display_inst|ScoreDisplay:bestDisplay                                                                                                  ; ScoreDisplay        ; work         ;
;          |NumberDecoder:OnesDecoder|         ; 2.5 (2.5)            ; 2.5 (2.5)                        ; 0.0 (0.0)                                         ; 0.0 (0.0)                        ; 0.0 (0.0)            ; 5 (5)               ; 0 (0)                     ; 0 (0)         ; 0                 ; 0     ; 0          ; 0    ; 0            ; |WhackAMole|DisplayController:display_inst|ScoreDisplay:bestDisplay|NumberDecoder:OnesDecoder                                                                        ; NumberDecoder       ; work         ;
;          |NumberDecoder:TensDecoder|         ; 3.0 (3.0)            ; 3.0 (3.0)                        ; 0.0 (0.0)                                         ; 0.0 (0.0)                        ; 0.0 (0.0)            ; 6 (6)               ; 0 (0)                     ; 0 (0)         ; 0                 ; 0     ; 0          ; 0    ; 0            ; |WhackAMole|DisplayController:display_inst|ScoreDisplay:bestDisplay|NumberDecoder:TensDecoder                                                                        ; NumberDecoder       ; work         ;
;          |lpm_divide:Div0|                   ; 17.0 (0.0)           ; 17.0 (0.0)                       ; 0.0 (0.0)                                         ; 0.0 (0.0)                        ; 0.0 (0.0)            ; 34 (0)              ; 0 (0)                     ; 0 (0)         ; 0                 ; 0     ; 0          ; 0    ; 0            ; |WhackAMole|DisplayController:display_inst|ScoreDisplay:bestDisplay|lpm_divide:Div0                                                                                  ; lpm_divide          ; work         ;
;             |lpm_divide_4am:auto_generated|  ; 17.0 (0.0)           ; 17.0 (0.0)                       ; 0.0 (0.0)                                         ; 0.0 (0.0)                        ; 0.0 (0.0)            ; 34 (0)              ; 0 (0)                     ; 0 (0)         ; 0                 ; 0     ; 0          ; 0    ; 0            ; |WhackAMole|DisplayController:display_inst|ScoreDisplay:bestDisplay|lpm_divide:Div0|lpm_divide_4am:auto_generated                                                    ; lpm_divide_4am      ; work         ;
;                |sign_div_unsign_akh:divider| ; 17.0 (0.0)           ; 17.0 (0.0)                       ; 0.0 (0.0)                                         ; 0.0 (0.0)                        ; 0.0 (0.0)            ; 34 (0)              ; 0 (0)                     ; 0 (0)         ; 0                 ; 0     ; 0          ; 0    ; 0            ; |WhackAMole|DisplayController:display_inst|ScoreDisplay:bestDisplay|lpm_divide:Div0|lpm_divide_4am:auto_generated|sign_div_unsign_akh:divider                        ; sign_div_unsign_akh ; work         ;
;                   |alt_u_div_qse:divider|    ; 17.0 (17.0)          ; 17.0 (17.0)                      ; 0.0 (0.0)                                         ; 0.0 (0.0)                        ; 0.0 (0.0)            ; 34 (34)             ; 0 (0)                     ; 0 (0)         ; 0                 ; 0     ; 0          ; 0    ; 0            ; |WhackAMole|DisplayController:display_inst|ScoreDisplay:bestDisplay|lpm_divide:Div0|lpm_divide_4am:auto_generated|sign_div_unsign_akh:divider|alt_u_div_qse:divider  ; alt_u_div_qse       ; work         ;
;          |lpm_divide:Mod0|                   ; 13.5 (0.0)           ; 13.5 (0.0)                       ; 0.0 (0.0)                                         ; 0.0 (0.0)                        ; 0.0 (0.0)            ; 27 (0)              ; 0 (0)                     ; 0 (0)         ; 0                 ; 0     ; 0          ; 0    ; 0            ; |WhackAMole|DisplayController:display_inst|ScoreDisplay:bestDisplay|lpm_divide:Mod0                                                                                  ; lpm_divide          ; work         ;
;             |lpm_divide_72m:auto_generated|  ; 13.5 (0.0)           ; 13.5 (0.0)                       ; 0.0 (0.0)                                         ; 0.0 (0.0)                        ; 0.0 (0.0)            ; 27 (0)              ; 0 (0)                     ; 0 (0)         ; 0                 ; 0     ; 0          ; 0    ; 0            ; |WhackAMole|DisplayController:display_inst|ScoreDisplay:bestDisplay|lpm_divide:Mod0|lpm_divide_72m:auto_generated                                                    ; lpm_divide_72m      ; work         ;
;                |sign_div_unsign_akh:divider| ; 13.5 (0.0)           ; 13.5 (0.0)                       ; 0.0 (0.0)                                         ; 0.0 (0.0)                        ; 0.0 (0.0)            ; 27 (0)              ; 0 (0)                     ; 0 (0)         ; 0                 ; 0     ; 0          ; 0    ; 0            ; |WhackAMole|DisplayController:display_inst|ScoreDisplay:bestDisplay|lpm_divide:Mod0|lpm_divide_72m:auto_generated|sign_div_unsign_akh:divider                        ; sign_div_unsign_akh ; work         ;
;                   |alt_u_div_qse:divider|    ; 13.5 (13.5)          ; 13.5 (13.5)                      ; 0.0 (0.0)                                         ; 0.0 (0.0)                        ; 0.0 (0.0)            ; 27 (27)             ; 0 (0)                     ; 0 (0)         ; 0                 ; 0     ; 0          ; 0    ; 0            ; |WhackAMole|DisplayController:display_inst|ScoreDisplay:bestDisplay|lpm_divide:Mod0|lpm_divide_72m:auto_generated|sign_div_unsign_akh:divider|alt_u_div_qse:divider  ; alt_u_div_qse       ; work         ;
;          |lpm_divide:Mod1|                   ; 19.0 (0.0)           ; 19.0 (0.0)                       ; 0.0 (0.0)                                         ; 0.0 (0.0)                        ; 0.0 (0.0)            ; 38 (0)              ; 0 (0)                     ; 0 (0)         ; 0                 ; 0     ; 0          ; 0    ; 0            ; |WhackAMole|DisplayController:display_inst|ScoreDisplay:bestDisplay|lpm_divide:Mod1                                                                                  ; lpm_divide          ; work         ;
;             |lpm_divide_72m:auto_generated|  ; 19.0 (0.0)           ; 19.0 (0.0)                       ; 0.0 (0.0)                                         ; 0.0 (0.0)                        ; 0.0 (0.0)            ; 38 (0)              ; 0 (0)                     ; 0 (0)         ; 0                 ; 0     ; 0          ; 0    ; 0            ; |WhackAMole|DisplayController:display_inst|ScoreDisplay:bestDisplay|lpm_divide:Mod1|lpm_divide_72m:auto_generated                                                    ; lpm_divide_72m      ; work         ;
;                |sign_div_unsign_akh:divider| ; 19.0 (0.0)           ; 19.0 (0.0)                       ; 0.0 (0.0)                                         ; 0.0 (0.0)                        ; 0.0 (0.0)            ; 38 (0)              ; 0 (0)                     ; 0 (0)         ; 0                 ; 0     ; 0          ; 0    ; 0            ; |WhackAMole|DisplayController:display_inst|ScoreDisplay:bestDisplay|lpm_divide:Mod1|lpm_divide_72m:auto_generated|sign_div_unsign_akh:divider                        ; sign_div_unsign_akh ; work         ;
;                   |alt_u_div_qse:divider|    ; 19.0 (19.0)          ; 19.0 (19.0)                      ; 0.0 (0.0)                                         ; 0.0 (0.0)                        ; 0.0 (0.0)            ; 38 (38)             ; 0 (0)                     ; 0 (0)         ; 0                 ; 0     ; 0          ; 0    ; 0            ; |WhackAMole|DisplayController:display_inst|ScoreDisplay:bestDisplay|lpm_divide:Mod1|lpm_divide_72m:auto_generated|sign_div_unsign_akh:divider|alt_u_div_qse:divider  ; alt_u_div_qse       ; work         ;
;       |ScoreDisplay:scoreDisplay|            ; 56.7 (0.0)           ; 56.7 (0.0)                       ; 0.0 (0.0)                                         ; 0.0 (0.0)                        ; 0.0 (0.0)            ; 115 (0)             ; 0 (0)                     ; 0 (0)         ; 0                 ; 0     ; 0          ; 0    ; 0            ; |WhackAMole|DisplayController:display_inst|ScoreDisplay:scoreDisplay                                                                                                 ; ScoreDisplay        ; work         ;
;          |NumberDecoder:OnesDecoder|         ; 1.3 (1.3)            ; 1.3 (1.3)                        ; 0.0 (0.0)                                         ; 0.0 (0.0)                        ; 0.0 (0.0)            ; 3 (3)               ; 0 (0)                     ; 0 (0)         ; 0                 ; 0     ; 0          ; 0    ; 0            ; |WhackAMole|DisplayController:display_inst|ScoreDisplay:scoreDisplay|NumberDecoder:OnesDecoder                                                                       ; NumberDecoder       ; work         ;
;          |NumberDecoder:TensDecoder|         ; 2.3 (2.3)            ; 2.3 (2.3)                        ; 0.0 (0.0)                                         ; 0.0 (0.0)                        ; 0.0 (0.0)            ; 5 (5)               ; 0 (0)                     ; 0 (0)         ; 0                 ; 0     ; 0          ; 0    ; 0            ; |WhackAMole|DisplayController:display_inst|ScoreDisplay:scoreDisplay|NumberDecoder:TensDecoder                                                                       ; NumberDecoder       ; work         ;
;          |lpm_divide:Div0|                   ; 18.8 (0.0)           ; 18.8 (0.0)                       ; 0.0 (0.0)                                         ; 0.0 (0.0)                        ; 0.0 (0.0)            ; 38 (0)              ; 0 (0)                     ; 0 (0)         ; 0                 ; 0     ; 0          ; 0    ; 0            ; |WhackAMole|DisplayController:display_inst|ScoreDisplay:scoreDisplay|lpm_divide:Div0                                                                                 ; lpm_divide          ; work         ;
;             |lpm_divide_4am:auto_generated|  ; 18.8 (0.0)           ; 18.8 (0.0)                       ; 0.0 (0.0)                                         ; 0.0 (0.0)                        ; 0.0 (0.0)            ; 38 (0)              ; 0 (0)                     ; 0 (0)         ; 0                 ; 0     ; 0          ; 0    ; 0            ; |WhackAMole|DisplayController:display_inst|ScoreDisplay:scoreDisplay|lpm_divide:Div0|lpm_divide_4am:auto_generated                                                   ; lpm_divide_4am      ; work         ;
;                |sign_div_unsign_akh:divider| ; 18.8 (0.0)           ; 18.8 (0.0)                       ; 0.0 (0.0)                                         ; 0.0 (0.0)                        ; 0.0 (0.0)            ; 38 (0)              ; 0 (0)                     ; 0 (0)         ; 0                 ; 0     ; 0          ; 0    ; 0            ; |WhackAMole|DisplayController:display_inst|ScoreDisplay:scoreDisplay|lpm_divide:Div0|lpm_divide_4am:auto_generated|sign_div_unsign_akh:divider                       ; sign_div_unsign_akh ; work         ;
;                   |alt_u_div_qse:divider|    ; 18.8 (18.8)          ; 18.8 (18.8)                      ; 0.0 (0.0)                                         ; 0.0 (0.0)                        ; 0.0 (0.0)            ; 38 (38)             ; 0 (0)                     ; 0 (0)         ; 0                 ; 0     ; 0          ; 0    ; 0            ; |WhackAMole|DisplayController:display_inst|ScoreDisplay:scoreDisplay|lpm_divide:Div0|lpm_divide_4am:auto_generated|sign_div_unsign_akh:divider|alt_u_div_qse:divider ; alt_u_div_qse       ; work         ;
;          |lpm_divide:Mod0|                   ; 13.5 (0.0)           ; 13.5 (0.0)                       ; 0.0 (0.0)                                         ; 0.0 (0.0)                        ; 0.0 (0.0)            ; 27 (0)              ; 0 (0)                     ; 0 (0)         ; 0                 ; 0     ; 0          ; 0    ; 0            ; |WhackAMole|DisplayController:display_inst|ScoreDisplay:scoreDisplay|lpm_divide:Mod0                                                                                 ; lpm_divide          ; work         ;
;             |lpm_divide_72m:auto_generated|  ; 13.5 (0.0)           ; 13.5 (0.0)                       ; 0.0 (0.0)                                         ; 0.0 (0.0)                        ; 0.0 (0.0)            ; 27 (0)              ; 0 (0)                     ; 0 (0)         ; 0                 ; 0     ; 0          ; 0    ; 0            ; |WhackAMole|DisplayController:display_inst|ScoreDisplay:scoreDisplay|lpm_divide:Mod0|lpm_divide_72m:auto_generated                                                   ; lpm_divide_72m      ; work         ;
;                |sign_div_unsign_akh:divider| ; 13.5 (0.0)           ; 13.5 (0.0)                       ; 0.0 (0.0)                                         ; 0.0 (0.0)                        ; 0.0 (0.0)            ; 27 (0)              ; 0 (0)                     ; 0 (0)         ; 0                 ; 0     ; 0          ; 0    ; 0            ; |WhackAMole|DisplayController:display_inst|ScoreDisplay:scoreDisplay|lpm_divide:Mod0|lpm_divide_72m:auto_generated|sign_div_unsign_akh:divider                       ; sign_div_unsign_akh ; work         ;
;                   |alt_u_div_qse:divider|    ; 13.5 (13.5)          ; 13.5 (13.5)                      ; 0.0 (0.0)                                         ; 0.0 (0.0)                        ; 0.0 (0.0)            ; 27 (27)             ; 0 (0)                     ; 0 (0)         ; 0                 ; 0     ; 0          ; 0    ; 0            ; |WhackAMole|DisplayController:display_inst|ScoreDisplay:scoreDisplay|lpm_divide:Mod0|lpm_divide_72m:auto_generated|sign_div_unsign_akh:divider|alt_u_div_qse:divider ; alt_u_div_qse       ; work         ;
;          |lpm_divide:Mod1|                   ; 20.7 (0.0)           ; 20.7 (0.0)                       ; 0.0 (0.0)                                         ; 0.0 (0.0)                        ; 0.0 (0.0)            ; 42 (0)              ; 0 (0)                     ; 0 (0)         ; 0                 ; 0     ; 0          ; 0    ; 0            ; |WhackAMole|DisplayController:display_inst|ScoreDisplay:scoreDisplay|lpm_divide:Mod1                                                                                 ; lpm_divide          ; work         ;
;             |lpm_divide_72m:auto_generated|  ; 20.7 (0.0)           ; 20.7 (0.0)                       ; 0.0 (0.0)                                         ; 0.0 (0.0)                        ; 0.0 (0.0)            ; 42 (0)              ; 0 (0)                     ; 0 (0)         ; 0                 ; 0     ; 0          ; 0    ; 0            ; |WhackAMole|DisplayController:display_inst|ScoreDisplay:scoreDisplay|lpm_divide:Mod1|lpm_divide_72m:auto_generated                                                   ; lpm_divide_72m      ; work         ;
;                |sign_div_unsign_akh:divider| ; 20.7 (0.0)           ; 20.7 (0.0)                       ; 0.0 (0.0)                                         ; 0.0 (0.0)                        ; 0.0 (0.0)            ; 42 (0)              ; 0 (0)                     ; 0 (0)         ; 0                 ; 0     ; 0          ; 0    ; 0            ; |WhackAMole|DisplayController:display_inst|ScoreDisplay:scoreDisplay|lpm_divide:Mod1|lpm_divide_72m:auto_generated|sign_div_unsign_akh:divider                       ; sign_div_unsign_akh ; work         ;
;                   |alt_u_div_qse:divider|    ; 20.7 (20.7)          ; 20.7 (20.7)                      ; 0.0 (0.0)                                         ; 0.0 (0.0)                        ; 0.0 (0.0)            ; 42 (42)             ; 0 (0)                     ; 0 (0)         ; 0                 ; 0     ; 0          ; 0    ; 0            ; |WhackAMole|DisplayController:display_inst|ScoreDisplay:scoreDisplay|lpm_divide:Mod1|lpm_divide_72m:auto_generated|sign_div_unsign_akh:divider|alt_u_div_qse:divider ; alt_u_div_qse       ; work         ;
;       |lpm_divide:Div0|                      ; 228.5 (0.0)          ; 228.5 (0.0)                      ; 0.0 (0.0)                                         ; 0.0 (0.0)                        ; 0.0 (0.0)            ; 460 (0)             ; 0 (0)                     ; 0 (0)         ; 0                 ; 0     ; 0          ; 0    ; 0            ; |WhackAMole|DisplayController:display_inst|lpm_divide:Div0                                                                                                           ; lpm_divide          ; work         ;
;          |lpm_divide_5dm:auto_generated|     ; 228.5 (0.0)          ; 228.5 (0.0)                      ; 0.0 (0.0)                                         ; 0.0 (0.0)                        ; 0.0 (0.0)            ; 460 (0)             ; 0 (0)                     ; 0 (0)         ; 0                 ; 0     ; 0          ; 0    ; 0            ; |WhackAMole|DisplayController:display_inst|lpm_divide:Div0|lpm_divide_5dm:auto_generated                                                                             ; lpm_divide_5dm      ; work         ;
;             |sign_div_unsign_bnh:divider|    ; 228.5 (0.0)          ; 228.5 (0.0)                      ; 0.0 (0.0)                                         ; 0.0 (0.0)                        ; 0.0 (0.0)            ; 460 (0)             ; 0 (0)                     ; 0 (0)         ; 0                 ; 0     ; 0          ; 0    ; 0            ; |WhackAMole|DisplayController:display_inst|lpm_divide:Div0|lpm_divide_5dm:auto_generated|sign_div_unsign_bnh:divider                                                 ; sign_div_unsign_bnh ; work         ;
;                |alt_u_div_s2f:divider|       ; 228.5 (228.5)        ; 228.5 (228.5)                    ; 0.0 (0.0)                                         ; 0.0 (0.0)                        ; 0.0 (0.0)            ; 460 (460)           ; 0 (0)                     ; 0 (0)         ; 0                 ; 0     ; 0          ; 0    ; 0            ; |WhackAMole|DisplayController:display_inst|lpm_divide:Div0|lpm_divide_5dm:auto_generated|sign_div_unsign_bnh:divider|alt_u_div_s2f:divider                           ; alt_u_div_s2f       ; work         ;
;    |GameController:game_inst|                ; 82.2 (11.3)          ; 85.0 (11.9)                      ; 2.8 (0.6)                                         ; 0.0 (0.0)                        ; 0.0 (0.0)            ; 143 (18)            ; 91 (21)                   ; 0 (0)         ; 0                 ; 0     ; 0          ; 0    ; 0            ; |WhackAMole|GameController:game_inst                                                                                                                                 ; GameController      ; work         ;
;       |Levels:Levels1|                       ; 45.6 (24.4)          ; 47.4 (24.4)                      ; 1.8 (0.0)                                         ; 0.0 (0.0)                        ; 0.0 (0.0)            ; 79 (42)             ; 55 (25)                   ; 0 (0)         ; 0                 ; 0     ; 0          ; 0    ; 0            ; |WhackAMole|GameController:game_inst|Levels:Levels1                                                                                                                  ; Levels              ; work         ;
;          |OneSecond_Timer:timer|             ; 20.0 (0.0)           ; 23.0 (0.0)                       ; 3.0 (0.0)                                         ; 0.0 (0.0)                        ; 0.0 (0.0)            ; 37 (0)              ; 30 (0)                    ; 0 (0)         ; 0                 ; 0     ; 0          ; 0    ; 0            ; |WhackAMole|GameController:game_inst|Levels:Levels1|OneSecond_Timer:timer                                                                                            ; OneSecond_Timer     ; work         ;
;             |countTo10:u_10|                 ; 20.0 (2.8)           ; 23.0 (5.0)                       ; 3.0 (2.2)                                         ; 0.0 (0.0)                        ; 0.0 (0.0)            ; 37 (6)              ; 30 (5)                    ; 0 (0)         ; 0                 ; 0     ; 0          ; 0    ; 0            ; |WhackAMole|GameController:game_inst|Levels:Levels1|OneSecond_Timer:timer|countTo10:u_10                                                                             ; countTo10           ; work         ;
;                |countTo100:u_100|            ; 17.2 (6.0)           ; 18.0 (6.0)                       ; 0.8 (0.0)                                         ; 0.0 (0.0)                        ; 0.0 (0.0)            ; 31 (10)             ; 25 (8)                    ; 0 (0)         ; 0                 ; 0     ; 0          ; 0    ; 0            ; |WhackAMole|GameController:game_inst|Levels:Levels1|OneSecond_Timer:timer|countTo10:u_10|countTo100:u_100                                                            ; countTo100          ; work         ;
;                   |One_ms_counter:u_ms|      ; 11.2 (11.2)          ; 12.0 (12.0)                      ; 0.8 (0.8)                                         ; 0.0 (0.0)                        ; 0.0 (0.0)            ; 21 (21)             ; 17 (17)                   ; 0 (0)         ; 0                 ; 0     ; 0          ; 0    ; 0            ; |WhackAMole|GameController:game_inst|Levels:Levels1|OneSecond_Timer:timer|countTo10:u_10|countTo100:u_100|One_ms_counter:u_ms                                        ; One_ms_counter      ; work         ;
;       |ScoreCounter:ScoreCounter1|           ; 21.2 (21.2)          ; 21.7 (21.7)                      ; 0.5 (0.5)                                         ; 0.0 (0.0)                        ; 0.0 (0.0)            ; 39 (39)             ; 7 (7)                     ; 0 (0)         ; 0                 ; 0     ; 0          ; 0    ; 0            ; |WhackAMole|GameController:game_inst|ScoreCounter:ScoreCounter1                                                                                                      ; ScoreCounter        ; work         ;
;       |pseudoRNG:pseudoRNG1|                 ; 4.1 (4.1)            ; 4.1 (4.1)                        ; 0.0 (0.0)                                         ; 0.0 (0.0)                        ; 0.0 (0.0)            ; 7 (7)               ; 8 (8)                     ; 0 (0)         ; 0                 ; 0     ; 0          ; 0    ; 0            ; |WhackAMole|GameController:game_inst|pseudoRNG:pseudoRNG1                                                                                                            ; pseudoRNG           ; work         ;
+----------------------------------------------+----------------------+----------------------------------+---------------------------------------------------+----------------------------------+----------------------+---------------------+---------------------------+---------------+-------------------+-------+------------+------+--------------+----------------------------------------------------------------------------------------------------------------------------------------------------------------------+---------------------+--------------+
Note: For table entries with two numbers listed, the numbers in parentheses indicate the number of resources of the given type used by the specific entity alone. The numbers listed outside of parentheses indicate the total resources of the given type used by the specific entity and all of its sub-entities in the hierarchy.


+----------------------------------------------------------------------------------------------------------------------------------+
; Delay Chain Summary                                                                                                              ;
+-------------------+----------+----+------+------+----+------+-------+--------+------------------------+--------------------------+
; Name              ; Pin Type ; D1 ; D3_0 ; D3_1 ; D4 ; D5   ; D5 OE ; D5 OCT ; T11 (Postamble Gating) ; T11 (Postamble Ungating) ;
+-------------------+----------+----+------+------+----+------+-------+--------+------------------------+--------------------------+
; Display0[0]       ; Output   ; -- ; --   ; --   ; -- ; (0)  ; (31)  ; --     ; --                     ; --                       ;
; Display0[1]       ; Output   ; -- ; --   ; --   ; -- ; (0)  ; (31)  ; --     ; --                     ; --                       ;
; Display0[2]       ; Output   ; -- ; --   ; --   ; -- ; (0)  ; (31)  ; --     ; --                     ; --                       ;
; Display0[3]       ; Output   ; -- ; --   ; --   ; -- ; (0)  ; (31)  ; --     ; --                     ; --                       ;
; Display0[4]       ; Output   ; -- ; --   ; --   ; -- ; (0)  ; (31)  ; --     ; --                     ; --                       ;
; Display0[5]       ; Output   ; -- ; --   ; --   ; -- ; (0)  ; (31)  ; --     ; --                     ; --                       ;
; Display0[6]       ; Output   ; -- ; --   ; --   ; -- ; (0)  ; (31)  ; --     ; --                     ; --                       ;
; Display1[0]       ; Output   ; -- ; --   ; --   ; -- ; (0)  ; (31)  ; --     ; --                     ; --                       ;
; Display1[1]       ; Output   ; -- ; --   ; --   ; -- ; (0)  ; (31)  ; --     ; --                     ; --                       ;
; Display1[2]       ; Output   ; -- ; --   ; --   ; -- ; (0)  ; (31)  ; --     ; --                     ; --                       ;
; Display1[3]       ; Output   ; -- ; --   ; --   ; -- ; (0)  ; (31)  ; --     ; --                     ; --                       ;
; Display1[4]       ; Output   ; -- ; --   ; --   ; -- ; (0)  ; (31)  ; --     ; --                     ; --                       ;
; Display1[5]       ; Output   ; -- ; --   ; --   ; -- ; (0)  ; (31)  ; --     ; --                     ; --                       ;
; Display1[6]       ; Output   ; -- ; --   ; --   ; -- ; (0)  ; (31)  ; --     ; --                     ; --                       ;
; Display2[0]       ; Output   ; -- ; --   ; --   ; -- ; (0)  ; (31)  ; --     ; --                     ; --                       ;
; Display2[1]       ; Output   ; -- ; --   ; --   ; -- ; (0)  ; (31)  ; --     ; --                     ; --                       ;
; Display2[2]       ; Output   ; -- ; --   ; --   ; -- ; (0)  ; (31)  ; --     ; --                     ; --                       ;
; Display2[3]       ; Output   ; -- ; --   ; --   ; -- ; (0)  ; (31)  ; --     ; --                     ; --                       ;
; Display2[4]       ; Output   ; -- ; --   ; --   ; -- ; (0)  ; (31)  ; --     ; --                     ; --                       ;
; Display2[5]       ; Output   ; -- ; --   ; --   ; -- ; (0)  ; (31)  ; --     ; --                     ; --                       ;
; Display2[6]       ; Output   ; -- ; --   ; --   ; -- ; (0)  ; (31)  ; --     ; --                     ; --                       ;
; Display3[0]       ; Output   ; -- ; --   ; --   ; -- ; (0)  ; (31)  ; --     ; --                     ; --                       ;
; Display3[1]       ; Output   ; -- ; --   ; --   ; -- ; (0)  ; (31)  ; --     ; --                     ; --                       ;
; Display3[2]       ; Output   ; -- ; --   ; --   ; -- ; (0)  ; (31)  ; --     ; --                     ; --                       ;
; Display3[3]       ; Output   ; -- ; --   ; --   ; -- ; (0)  ; (31)  ; --     ; --                     ; --                       ;
; Display3[4]       ; Output   ; -- ; --   ; --   ; -- ; (0)  ; (31)  ; --     ; --                     ; --                       ;
; Display3[5]       ; Output   ; -- ; --   ; --   ; -- ; (0)  ; (31)  ; --     ; --                     ; --                       ;
; Display3[6]       ; Output   ; -- ; --   ; --   ; -- ; (0)  ; (31)  ; --     ; --                     ; --                       ;
; Display4[0]       ; Output   ; -- ; --   ; --   ; -- ; (0)  ; (31)  ; --     ; --                     ; --                       ;
; Display4[1]       ; Output   ; -- ; --   ; --   ; -- ; (0)  ; (31)  ; --     ; --                     ; --                       ;
; Display4[2]       ; Output   ; -- ; --   ; --   ; -- ; (0)  ; (31)  ; --     ; --                     ; --                       ;
; Display4[3]       ; Output   ; -- ; --   ; --   ; -- ; (0)  ; (31)  ; --     ; --                     ; --                       ;
; Display4[4]       ; Output   ; -- ; --   ; --   ; -- ; (0)  ; (31)  ; --     ; --                     ; --                       ;
; Display4[5]       ; Output   ; -- ; --   ; --   ; -- ; (0)  ; (31)  ; --     ; --                     ; --                       ;
; Display4[6]       ; Output   ; -- ; --   ; --   ; -- ; (0)  ; (31)  ; --     ; --                     ; --                       ;
; Display5[0]       ; Output   ; -- ; --   ; --   ; -- ; (0)  ; (31)  ; --     ; --                     ; --                       ;
; Display5[1]       ; Output   ; -- ; --   ; --   ; -- ; (0)  ; (31)  ; --     ; --                     ; --                       ;
; Display5[2]       ; Output   ; -- ; --   ; --   ; -- ; (0)  ; (31)  ; --     ; --                     ; --                       ;
; Display5[3]       ; Output   ; -- ; --   ; --   ; -- ; (0)  ; (31)  ; --     ; --                     ; --                       ;
; Display5[4]       ; Output   ; -- ; --   ; --   ; -- ; (0)  ; (31)  ; --     ; --                     ; --                       ;
; Display5[5]       ; Output   ; -- ; --   ; --   ; -- ; (0)  ; (31)  ; --     ; --                     ; --                       ;
; Display5[6]       ; Output   ; -- ; --   ; --   ; -- ; (0)  ; (31)  ; --     ; --                     ; --                       ;
; LoggedIn          ; Output   ; -- ; --   ; --   ; -- ; (0)  ; (31)  ; --     ; --                     ; --                       ;
; LoggedOut         ; Output   ; -- ; --   ; --   ; -- ; (0)  ; (31)  ; --     ; --                     ; --                       ;
; ResetSwitch       ; Input    ; -- ; (0)  ; --   ; -- ; --   ; --    ; --     ; --                     ; --                       ;
; clk               ; Input    ; -- ; (0)  ; --   ; -- ; --   ; --    ; --     ; --                     ; --                       ;
; PasswordDigits[3] ; Input    ; -- ; (0)  ; --   ; -- ; --   ; --    ; --     ; --                     ; --                       ;
; PasswordDigits[0] ; Input    ; -- ; (0)  ; --   ; -- ; --   ; --    ; --     ; --                     ; --                       ;
; PasswordDigits[1] ; Input    ; -- ; (0)  ; --   ; -- ; --   ; --    ; --     ; --                     ; --                       ;
; PasswordDigits[2] ; Input    ; -- ; (0)  ; --   ; -- ; --   ; --    ; --     ; --                     ; --                       ;
; Button2           ; Input    ; -- ; --   ; (0)  ; -- ; --   ; --    ; --     ; --                     ; --                       ;
; Button1           ; Input    ; -- ; (0)  ; --   ; -- ; --   ; --    ; --     ; --                     ; --                       ;
; Button0           ; Input    ; -- ; (0)  ; --   ; -- ; --   ; --    ; --     ; --                     ; --                       ;
; Button3           ; Input    ; -- ; (0)  ; --   ; -- ; --   ; --    ; --     ; --                     ; --                       ;
+-------------------+----------+----+------+------+----+------+-------+--------+------------------------+--------------------------+


+---------------------------------------------------------------------------------------------------------------------------------------------------------------------+
; Pad To Core Delay Chain Fanout                                                                                                                                      ;
+---------------------------------------------------------------------------------------------------------------------------------------+-------------------+---------+
; Source Pin / Fanout                                                                                                                   ; Pad To Core Index ; Setting ;
+---------------------------------------------------------------------------------------------------------------------------------------+-------------------+---------+
; ResetSwitch                                                                                                                           ;                   ;         ;
;      - GameController:game_inst|Levels:Levels1|obj_location[0]                                                                        ; 0                 ; 0       ;
;      - DisplayController:display_inst|prevGameState[0]                                                                                ; 0                 ; 0       ;
;      - DisplayController:display_inst|prevGameState[1]                                                                                ; 0                 ; 0       ;
;      - GameController:game_inst|Levels:Levels1|score_decrease                                                                         ; 0                 ; 0       ;
;      - GameController:game_inst|Levels:Levels1|obj_location[1]                                                                        ; 0                 ; 0       ;
;      - GameController:game_inst|Levels:Levels1|obj_type_out[1]                                                                        ; 0                 ; 0       ;
;      - GameController:game_inst|Levels:Levels1|obj_location[2]                                                                        ; 0                 ; 0       ;
;      - GameController:game_inst|gameState[1]                                                                                          ; 0                 ; 0       ;
;      - GameController:game_inst|gameState[0]                                                                                          ; 0                 ; 0       ;
;      - GameController:game_inst|Levels:Levels1|obj_type_out[2]                                                                        ; 0                 ; 0       ;
;      - GameController:game_inst|Levels:Levels1|obj_location[3]                                                                        ; 0                 ; 0       ;
;      - GameController:game_inst|Levels:Levels1|obj_type_out[3]                                                                        ; 0                 ; 0       ;
;      - GameController:game_inst|Levels:Levels1|seconds_counter[0]                                                                     ; 0                 ; 0       ;
;      - GameController:game_inst|Levels:Levels1|seconds_counter[2]                                                                     ; 0                 ; 0       ;
;      - GameController:game_inst|Levels:Levels1|seconds_counter[1]                                                                     ; 0                 ; 0       ;
;      - GameController:game_inst|Levels:Levels1|objLoc_r[3]                                                                            ; 0                 ; 0       ;
;      - GameController:game_inst|Levels:Levels1|obj_type_out[0]                                                                        ; 0                 ; 0       ;
;      - Authentication:auth_inst|pswd_verification:pw_verify|pswd_from_mem[8]                                                          ; 0                 ; 0       ;
;      - Authentication:auth_inst|pswd_verification:pw_verify|pswd_from_mem[9]                                                          ; 0                 ; 0       ;
;      - Authentication:auth_inst|pswd_verification:pw_verify|pswd_from_mem[10]                                                         ; 0                 ; 0       ;
;      - Authentication:auth_inst|pswd_verification:pw_verify|pswd_from_mem[11]                                                         ; 0                 ; 0       ;
;      - Authentication:auth_inst|pswd_verification:pw_verify|pswd_from_mem[12]                                                         ; 0                 ; 0       ;
;      - Authentication:auth_inst|pswd_verification:pw_verify|pswd_from_mem[13]                                                         ; 0                 ; 0       ;
;      - Authentication:auth_inst|pswd_verification:pw_verify|pswd_from_mem[14]                                                         ; 0                 ; 0       ;
;      - Authentication:auth_inst|pswd_verification:pw_verify|pswd_from_mem[22]                                                         ; 0                 ; 0       ;
;      - Authentication:auth_inst|pswd_verification:pw_verify|pswd_from_mem[21]                                                         ; 0                 ; 0       ;
;      - Authentication:auth_inst|pswd_verification:pw_verify|pswd_from_mem[20]                                                         ; 0                 ; 0       ;
;      - Authentication:auth_inst|pswd_verification:pw_verify|pswd_from_mem[19]                                                         ; 0                 ; 0       ;
;      - Authentication:auth_inst|pswd_verification:pw_verify|pswd_from_mem[18]                                                         ; 0                 ; 0       ;
;      - Authentication:auth_inst|pswd_verification:pw_verify|pswd_from_mem[23]                                                         ; 0                 ; 0       ;
;      - Authentication:auth_inst|pswd_verification:pw_verify|pswd_from_mem[15]                                                         ; 0                 ; 0       ;
;      - Authentication:auth_inst|pswd_verification:pw_verify|pswd_from_mem[7]                                                          ; 0                 ; 0       ;
;      - Authentication:auth_inst|pswd_verification:pw_verify|pswd_from_mem[6]                                                          ; 0                 ; 0       ;
;      - Authentication:auth_inst|pswd_verification:pw_verify|pswd_from_mem[5]                                                          ; 0                 ; 0       ;
;      - Authentication:auth_inst|pswd_verification:pw_verify|pswd_from_mem[4]                                                          ; 0                 ; 0       ;
;      - Authentication:auth_inst|pswd_verification:pw_verify|pswd_from_mem[3]                                                          ; 0                 ; 0       ;
;      - Authentication:auth_inst|pswd_verification:pw_verify|pswd_from_mem[2]                                                          ; 0                 ; 0       ;
;      - Authentication:auth_inst|pswd_verification:pw_verify|pswd_from_mem[1]                                                          ; 0                 ; 0       ;
;      - Authentication:auth_inst|pswd_verification:pw_verify|pswd_from_mem[0]                                                          ; 0                 ; 0       ;
;      - Authentication:auth_inst|pswd_verification:pw_verify|pswd_from_mem[17]                                                         ; 0                 ; 0       ;
;      - Authentication:auth_inst|pswd_verification:pw_verify|pswd_from_mem[16]                                                         ; 0                 ; 0       ;
;      - Authentication:auth_inst|pswd_verification:pw_verify|loggedOut                                                                 ; 0                 ; 0       ;
;      - Authentication:auth_inst|pswd_verification:pw_verify|loggedIn                                                                  ; 0                 ; 0       ;
;      - Authentication:auth_inst|id_verification:id_verify|idVerified                                                                  ; 0                 ; 0       ;
;      - Authentication:auth_inst|id_verification:id_verify|isGuest                                                                     ; 0                 ; 0       ;
;      - Authentication:auth_inst|pswd_verification:pw_verify|loginAttempt[1]                                                           ; 0                 ; 0       ;
;      - Authentication:auth_inst|pswd_verification:pw_verify|loginAttempt[0]                                                           ; 0                 ; 0       ;
;      - GameController:game_inst|Levels:Levels1|score_increase                                                                         ; 0                 ; 0       ;
;      - GameController:game_inst|Levels:Levels1|objType_r[0]                                                                           ; 0                 ; 0       ;
;      - GameController:game_inst|Levels:Levels1|objLoc_r[0]                                                                            ; 0                 ; 0       ;
;      - GameController:game_inst|Levels:Levels1|objLoc_r[1]                                                                            ; 0                 ; 0       ;
;      - GameController:game_inst|Levels:Levels1|objType_r[1]                                                                           ; 0                 ; 0       ;
;      - GameController:game_inst|Levels:Levels1|objLoc_r[2]                                                                            ; 0                 ; 0       ;
;      - GameController:game_inst|Levels:Levels1|objType_r[2]                                                                           ; 0                 ; 0       ;
;      - GameController:game_inst|Levels:Levels1|objType_r[3]                                                                           ; 0                 ; 0       ;
;      - GameController:game_inst|Levels:Levels1|OneSecond_Timer:timer|countTo10:u_10|OneSecTimeOut                                     ; 0                 ; 0       ;
;      - GameController:game_inst|Levels:Levels1|OneSecond_Timer:timer|countTo10:u_10|countTo100:u_100|HundredmsTimeout                 ; 0                 ; 0       ;
;      - GameController:game_inst|Levels:Levels1|OneSecond_Timer:timer|countTo10:u_10|countTo100:u_100|One_ms_counter:u_ms|OnemsTimeOut ; 0                 ; 0       ;
;      - GameController:game_inst|State.gameRun                                                                                         ; 0                 ; 0       ;
;      - GameController:game_inst|State.preGame                                                                                         ; 0                 ; 0       ;
;      - Authentication:auth_inst|id_verification:id_verify|State.ID_VERIFIED                                                           ; 0                 ; 0       ;
;      - Authentication:auth_inst|pswd_verification:pw_verify|State.DIGIT1                                                              ; 0                 ; 0       ;
;      - Authentication:auth_inst|id_verification:id_verify|State.FETCH_ID                                                              ; 0                 ; 0       ;
;      - Authentication:auth_inst|pswd_verification:pw_verify|State~40                                                                  ; 0                 ; 0       ;
;      - DisplayController:display_inst|displayState~10                                                                                 ; 0                 ; 0       ;
;      - DisplayController:display_inst|displayState~11                                                                                 ; 0                 ; 0       ;
;      - GameController:game_inst|ScoreCounter:ScoreCounter1|Score~1                                                                    ; 0                 ; 0       ;
;      - GameController:game_inst|ScoreCounter:ScoreCounter1|Score[0]~2                                                                 ; 0                 ; 0       ;
;      - GameController:game_inst|ScoreCounter:ScoreCounter1|Score~4                                                                    ; 0                 ; 0       ;
;      - GameController:game_inst|ScoreCounter:ScoreCounter1|Score~5                                                                    ; 0                 ; 0       ;
;      - GameController:game_inst|ScoreCounter:ScoreCounter1|Score~6                                                                    ; 0                 ; 0       ;
;      - Authentication:auth_inst|pswd_verification:pw_verify|loggedIn~0                                                                ; 0                 ; 0       ;
;      - Authentication:auth_inst|pswd_verification:pw_verify|loggedOut~0                                                               ; 0                 ; 0       ;
;      - DisplayController:display_inst|flashCounter[1]~0                                                                               ; 0                 ; 0       ;
;      - GameController:game_inst|ScoreCounter:ScoreCounter1|Score~7                                                                    ; 0                 ; 0       ;
;      - GameController:game_inst|ScoreCounter:ScoreCounter1|Score~8                                                                    ; 0                 ; 0       ;
;      - GameController:game_inst|ScoreCounter:ScoreCounter1|Score~9                                                                    ; 0                 ; 0       ;
;      - GameController:game_inst|State~9                                                                                               ; 0                 ; 0       ;
;      - GameController:game_inst|Levels:Levels1|state~9                                                                                ; 0                 ; 0       ;
;      - GameController:game_inst|Levels:Levels1|state~10                                                                               ; 0                 ; 0       ;
;      - Authentication:auth_inst|pswd_verification:pw_verify|State~29                                                                  ; 0                 ; 0       ;
;      - Authentication:auth_inst|pswd_verification:pw_verify|State~30                                                                  ; 0                 ; 0       ;
;      - Authentication:auth_inst|pswd_verification:pw_verify|pswd_entered~0                                                            ; 0                 ; 0       ;
;      - Authentication:auth_inst|pswd_verification:pw_verify|pswd_entered[14]~1                                                        ; 0                 ; 0       ;
;      - Authentication:auth_inst|pswd_verification:pw_verify|pswd_from_mem[8]~0                                                        ; 0                 ; 0       ;
;      - Authentication:auth_inst|pswd_verification:pw_verify|pswd_entered~2                                                            ; 0                 ; 0       ;
;      - Authentication:auth_inst|pswd_verification:pw_verify|pswd_entered[16]~3                                                        ; 0                 ; 0       ;
;      - Authentication:auth_inst|pswd_verification:pw_verify|pswd_entered~4                                                            ; 0                 ; 0       ;
;      - Authentication:auth_inst|pswd_verification:pw_verify|pswd_entered~5                                                            ; 0                 ; 0       ;
;      - Authentication:auth_inst|pswd_verification:pw_verify|pswd_entered[11]~6                                                        ; 0                 ; 0       ;
;      - Authentication:auth_inst|pswd_verification:pw_verify|pswd_entered[6]~7                                                         ; 0                 ; 0       ;
;      - Authentication:auth_inst|pswd_verification:pw_verify|pswd_entered[1]~8                                                         ; 0                 ; 0       ;
;      - Authentication:auth_inst|pswd_verification:pw_verify|pswd_entered[22]~9                                                        ; 0                 ; 0       ;
;      - ButtonShaper:bs2|State~6                                                                                                       ; 0                 ; 0       ;
;      - ButtonShaper:bs1|State~6                                                                                                       ; 0                 ; 0       ;
;      - ButtonShaper:bs0|State~6                                                                                                       ; 0                 ; 0       ;
;      - ButtonShaper:bs3|State~6                                                                                                       ; 0                 ; 0       ;
;      - GameController:game_inst|Levels:Levels1|state~11                                                                               ; 0                 ; 0       ;
;      - GameController:game_inst|Levels:Levels1|state~12                                                                               ; 0                 ; 0       ;
;      - Authentication:auth_inst|pswd_verification:pw_verify|logout_start_to_ID~0                                                      ; 0                 ; 0       ;
;      - Authentication:auth_inst|id_verification:id_verify|State~16                                                                    ; 0                 ; 0       ;
;      - Authentication:auth_inst|id_verification:id_verify|candidateID~0                                                               ; 0                 ; 0       ;
;      - Authentication:auth_inst|id_verification:id_verify|candidateID[12]~1                                                           ; 0                 ; 0       ;
;      - Authentication:auth_inst|id_verification:id_verify|memoryID[10]~0                                                              ; 0                 ; 0       ;
;      - Authentication:auth_inst|id_verification:id_verify|memoryID[10]~1                                                              ; 0                 ; 0       ;
;      - Authentication:auth_inst|id_verification:id_verify|candidateID~2                                                               ; 0                 ; 0       ;
;      - Authentication:auth_inst|id_verification:id_verify|candidateID~3                                                               ; 0                 ; 0       ;
;      - Authentication:auth_inst|id_verification:id_verify|candidateID~4                                                               ; 0                 ; 0       ;
;      - Authentication:auth_inst|id_verification:id_verify|candidateID[11]~5                                                           ; 0                 ; 0       ;
;      - Authentication:auth_inst|id_verification:id_verify|candidateID[4]~6                                                            ; 0                 ; 0       ;
;      - Authentication:auth_inst|id_verification:id_verify|candidateID[0]~7                                                            ; 0                 ; 0       ;
;      - Authentication:auth_inst|pswd_verification:pw_verify|State~31                                                                  ; 0                 ; 0       ;
;      - Authentication:auth_inst|pswd_verification:pw_verify|State~32                                                                  ; 0                 ; 0       ;
;      - Authentication:auth_inst|pswd_verification:pw_verify|State~33                                                                  ; 0                 ; 0       ;
;      - Authentication:auth_inst|pswd_verification:pw_verify|State~34                                                                  ; 0                 ; 0       ;
;      - Authentication:auth_inst|pswd_verification:pw_verify|State~35                                                                  ; 0                 ; 0       ;
;      - Authentication:auth_inst|pswd_verification:pw_verify|State~36                                                                  ; 0                 ; 0       ;
;      - Authentication:auth_inst|pswd_verification:pw_verify|State~37                                                                  ; 0                 ; 0       ;
;      - ButtonShaper:bs2|State~7                                                                                                       ; 0                 ; 0       ;
;      - ButtonShaper:bs1|State~7                                                                                                       ; 0                 ; 0       ;
;      - ButtonShaper:bs0|State~7                                                                                                       ; 0                 ; 0       ;
;      - ButtonShaper:bs3|State~7                                                                                                       ; 0                 ; 0       ;
;      - GameController:game_inst|Levels:Levels1|OneSecond_Timer:timer|countTo10:u_10|Count~0                                           ; 0                 ; 0       ;
;      - GameController:game_inst|Levels:Levels1|OneSecond_Timer:timer|countTo10:u_10|Count[3]~1                                        ; 0                 ; 0       ;
;      - GameController:game_inst|Levels:Levels1|OneSecond_Timer:timer|countTo10:u_10|Count~2                                           ; 0                 ; 0       ;
;      - GameController:game_inst|Levels:Levels1|OneSecond_Timer:timer|countTo10:u_10|Count~3                                           ; 0                 ; 0       ;
;      - Authentication:auth_inst|id_verification:id_verify|State~17                                                                    ; 0                 ; 0       ;
;      - Authentication:auth_inst|id_verification:id_verify|State~18                                                                    ; 0                 ; 0       ;
;      - Authentication:auth_inst|id_verification:id_verify|State~19                                                                    ; 0                 ; 0       ;
;      - Authentication:auth_inst|id_verification:id_verify|State~20                                                                    ; 0                 ; 0       ;
;      - Authentication:auth_inst|id_verification:id_verify|State~21                                                                    ; 0                 ; 0       ;
;      - Authentication:auth_inst|pswd_verification:pw_verify|State~38                                                                  ; 0                 ; 0       ;
;      - Authentication:auth_inst|pswd_verification:pw_verify|addr_to_mem[0]~0                                                          ; 0                 ; 0       ;
;      - GameController:game_inst|Levels:Levels1|OneSecond_Timer:timer|countTo10:u_10|countTo100:u_100|Count[5]~0                       ; 0                 ; 0       ;
;      - GameController:game_inst|Levels:Levels1|OneSecond_Timer:timer|countTo10:u_10|countTo100:u_100|Count[5]~1                       ; 0                 ; 0       ;
;      - GameController:game_inst|Levels:Levels1|OneSecond_Timer:timer|countTo10:u_10|Count~4                                           ; 0                 ; 0       ;
;      - Authentication:auth_inst|id_verification:id_verify|State~22                                                                    ; 0                 ; 0       ;
;      - Authentication:auth_inst|id_verification:id_verify|idAddr[0]~0                                                                 ; 0                 ; 0       ;
;      - Authentication:auth_inst|id_verification:id_verify|idInternal~1                                                                ; 0                 ; 0       ;
;      - Authentication:auth_inst|id_verification:id_verify|idInternal[0]~2                                                             ; 0                 ; 0       ;
;      - Authentication:auth_inst|pswd_verification:pw_verify|State~39                                                                  ; 0                 ; 0       ;
;      - Authentication:auth_inst|id_verification:id_verify|idInternal~3                                                                ; 0                 ; 0       ;
;      - Authentication:auth_inst|id_verification:id_verify|idInternal~4                                                                ; 0                 ; 0       ;
;      - GameController:game_inst|Levels:Levels1|OneSecond_Timer:timer|countTo10:u_10|countTo100:u_100|One_ms_counter:u_ms|Count[6]~0   ; 0                 ; 0       ;
;      - GameController:game_inst|Levels:Levels1|OneSecond_Timer:timer|countTo10:u_10|countTo100:u_100|One_ms_counter:u_ms|Count[6]~1   ; 0                 ; 0       ;
;      - DisplayController:display_inst|displayState~13                                                                                 ; 0                 ; 0       ;
;      - DisplayController:display_inst|displayState~14                                                                                 ; 0                 ; 0       ;
; clk                                                                                                                                   ;                   ;         ;
; PasswordDigits[3]                                                                                                                     ;                   ;         ;
;      - Authentication:auth_inst|pswd_verification:pw_verify|pswd_entered~0                                                            ; 0                 ; 0       ;
;      - Authentication:auth_inst|id_verification:id_verify|candidateID~0                                                               ; 0                 ; 0       ;
; PasswordDigits[0]                                                                                                                     ;                   ;         ;
;      - Authentication:auth_inst|pswd_verification:pw_verify|pswd_entered~2                                                            ; 0                 ; 0       ;
;      - Authentication:auth_inst|id_verification:id_verify|candidateID~2                                                               ; 0                 ; 0       ;
; PasswordDigits[1]                                                                                                                     ;                   ;         ;
;      - Authentication:auth_inst|pswd_verification:pw_verify|pswd_entered~4                                                            ; 0                 ; 0       ;
;      - Authentication:auth_inst|id_verification:id_verify|candidateID~3                                                               ; 0                 ; 0       ;
; PasswordDigits[2]                                                                                                                     ;                   ;         ;
;      - Authentication:auth_inst|pswd_verification:pw_verify|pswd_entered~5                                                            ; 0                 ; 0       ;
;      - Authentication:auth_inst|id_verification:id_verify|candidateID~4                                                               ; 0                 ; 0       ;
; Button2                                                                                                                               ;                   ;         ;
;      - ButtonShaper:bs2|State~6                                                                                                       ; 1                 ; 0       ;
;      - ButtonShaper:bs2|State~7                                                                                                       ; 1                 ; 0       ;
; Button1                                                                                                                               ;                   ;         ;
;      - ButtonShaper:bs1|State~6                                                                                                       ; 0                 ; 0       ;
;      - ButtonShaper:bs1|State~7                                                                                                       ; 0                 ; 0       ;
; Button0                                                                                                                               ;                   ;         ;
;      - ButtonShaper:bs0|State~6                                                                                                       ; 0                 ; 0       ;
;      - ButtonShaper:bs0|State~7                                                                                                       ; 0                 ; 0       ;
; Button3                                                                                                                               ;                   ;         ;
;      - ButtonShaper:bs3|State~6                                                                                                       ; 0                 ; 0       ;
;      - ButtonShaper:bs3|State~7                                                                                                       ; 0                 ; 0       ;
+---------------------------------------------------------------------------------------------------------------------------------------+-------------------+---------+


+-----------------------------------------------------------------------------------------------------------------------------------------------------------------------------------------------------------------------------------------------------------------------+
; Control Signals                                                                                                                                                                                                                                                       ;
+------------------------------------------------------------------------------------------------------------------------------+---------------------+---------+-------------------------+--------+----------------------+------------------+---------------------------+
; Name                                                                                                                         ; Location            ; Fan-Out ; Usage                   ; Global ; Global Resource Used ; Global Line Name ; Enable Signal Source Name ;
+------------------------------------------------------------------------------------------------------------------------------+---------------------+---------+-------------------------+--------+----------------------+------------------+---------------------------+
; Authentication:auth_inst|id_verification:id_verify|candidateID[0]~7                                                          ; MLABCELL_X34_Y2_N33 ; 4       ; Clock enable            ; no     ; --                   ; --               ; --                        ;
; Authentication:auth_inst|id_verification:id_verify|candidateID[11]~5                                                         ; MLABCELL_X34_Y2_N57 ; 4       ; Clock enable            ; no     ; --                   ; --               ; --                        ;
; Authentication:auth_inst|id_verification:id_verify|candidateID[12]~1                                                         ; MLABCELL_X37_Y2_N48 ; 4       ; Clock enable            ; no     ; --                   ; --               ; --                        ;
; Authentication:auth_inst|id_verification:id_verify|candidateID[4]~6                                                          ; MLABCELL_X34_Y2_N54 ; 4       ; Clock enable            ; no     ; --                   ; --               ; --                        ;
; Authentication:auth_inst|id_verification:id_verify|idAddr[0]~0                                                               ; MLABCELL_X37_Y2_N6  ; 4       ; Clock enable            ; no     ; --                   ; --               ; --                        ;
; Authentication:auth_inst|id_verification:id_verify|idInternal[0]~2                                                           ; LABCELL_X36_Y2_N42  ; 3       ; Clock enable            ; no     ; --                   ; --               ; --                        ;
; Authentication:auth_inst|id_verification:id_verify|memoryID[10]~0                                                            ; MLABCELL_X34_Y2_N36 ; 16      ; Sync. clear             ; no     ; --                   ; --               ; --                        ;
; Authentication:auth_inst|id_verification:id_verify|memoryID[10]~1                                                            ; MLABCELL_X34_Y2_N39 ; 16      ; Clock enable            ; no     ; --                   ; --               ; --                        ;
; Authentication:auth_inst|pswd_verification:pw_verify|State~33                                                                ; LABCELL_X32_Y2_N36  ; 8       ; Clock enable            ; no     ; --                   ; --               ; --                        ;
; Authentication:auth_inst|pswd_verification:pw_verify|addr_to_mem[0]~0                                                        ; LABCELL_X32_Y2_N54  ; 4       ; Clock enable            ; no     ; --                   ; --               ; --                        ;
; Authentication:auth_inst|pswd_verification:pw_verify|loggedOut~0                                                             ; LABCELL_X35_Y3_N54  ; 1       ; Clock enable            ; no     ; --                   ; --               ; --                        ;
; Authentication:auth_inst|pswd_verification:pw_verify|pswd_entered[11]~6                                                      ; LABCELL_X32_Y2_N30  ; 4       ; Clock enable            ; no     ; --                   ; --               ; --                        ;
; Authentication:auth_inst|pswd_verification:pw_verify|pswd_entered[14]~1                                                      ; MLABCELL_X34_Y3_N21 ; 4       ; Clock enable            ; no     ; --                   ; --               ; --                        ;
; Authentication:auth_inst|pswd_verification:pw_verify|pswd_entered[16]~3                                                      ; MLABCELL_X34_Y3_N39 ; 4       ; Clock enable            ; no     ; --                   ; --               ; --                        ;
; Authentication:auth_inst|pswd_verification:pw_verify|pswd_entered[1]~8                                                       ; LABCELL_X36_Y3_N39  ; 4       ; Clock enable            ; no     ; --                   ; --               ; --                        ;
; Authentication:auth_inst|pswd_verification:pw_verify|pswd_entered[22]~9                                                      ; LABCELL_X36_Y2_N24  ; 4       ; Clock enable            ; no     ; --                   ; --               ; --                        ;
; Authentication:auth_inst|pswd_verification:pw_verify|pswd_entered[6]~7                                                       ; LABCELL_X36_Y3_N57  ; 4       ; Clock enable            ; no     ; --                   ; --               ; --                        ;
; Authentication:auth_inst|pswd_verification:pw_verify|pswd_from_mem[8]~0                                                      ; MLABCELL_X37_Y3_N24 ; 24      ; Clock enable            ; no     ; --                   ; --               ; --                        ;
; ButtonShaper:bs0|State.PULSE                                                                                                 ; FF_X32_Y2_N8        ; 19      ; Sync. clear, Sync. load ; no     ; --                   ; --               ; --                        ;
; DisplayController:display_inst|flashCounter[1]~0                                                                             ; LABCELL_X40_Y3_N42  ; 32      ; Sync. clear             ; no     ; --                   ; --               ; --                        ;
; GameController:game_inst|Levels:Levels1|OneSecond_Timer:timer|countTo10:u_10|Count[3]~1                                      ; LABCELL_X35_Y4_N39  ; 4       ; Clock enable            ; no     ; --                   ; --               ; --                        ;
; GameController:game_inst|Levels:Levels1|OneSecond_Timer:timer|countTo10:u_10|countTo100:u_100|Count[5]~0                     ; MLABCELL_X34_Y4_N24 ; 7       ; Sync. clear             ; no     ; --                   ; --               ; --                        ;
; GameController:game_inst|Levels:Levels1|OneSecond_Timer:timer|countTo10:u_10|countTo100:u_100|Count[5]~1                     ; MLABCELL_X34_Y4_N54 ; 7       ; Clock enable            ; no     ; --                   ; --               ; --                        ;
; GameController:game_inst|Levels:Levels1|OneSecond_Timer:timer|countTo10:u_10|countTo100:u_100|One_ms_counter:u_ms|Count[6]~0 ; LABCELL_X35_Y4_N57  ; 16      ; Sync. clear             ; no     ; --                   ; --               ; --                        ;
; GameController:game_inst|Levels:Levels1|OneSecond_Timer:timer|countTo10:u_10|countTo100:u_100|One_ms_counter:u_ms|Count[6]~1 ; LABCELL_X36_Y4_N57  ; 16      ; Clock enable            ; no     ; --                   ; --               ; --                        ;
; GameController:game_inst|Levels:Levels1|state.IDLE                                                                           ; FF_X40_Y2_N26       ; 19      ; Latch enable            ; no     ; --                   ; --               ; --                        ;
; GameController:game_inst|ScoreCounter:ScoreCounter1|Score[0]~2                                                               ; LABCELL_X41_Y3_N36  ; 2       ; Clock enable            ; no     ; --                   ; --               ; --                        ;
; ResetSwitch                                                                                                                  ; PIN_U13             ; 147     ; Sync. clear, Sync. load ; no     ; --                   ; --               ; --                        ;
; clk                                                                                                                          ; PIN_M9              ; 258     ; Clock                   ; yes    ; Global Clock         ; GCLK6            ; --                        ;
+------------------------------------------------------------------------------------------------------------------------------+---------------------+---------+-------------------------+--------+----------------------+------------------+---------------------------+


+-------------------------------------------------------------------------------------------------+
; Global & Other Fast Signals                                                                     ;
+------+----------+---------+----------------------+------------------+---------------------------+
; Name ; Location ; Fan-Out ; Global Resource Used ; Global Line Name ; Enable Signal Source Name ;
+------+----------+---------+----------------------+------------------+---------------------------+
; clk  ; PIN_M9   ; 258     ; Global Clock         ; GCLK6            ; --                        ;
+------+----------+---------+----------------------+------------------+---------------------------+


+--------------------------------------------------------------------------------------------------------------------------------------------------------------------------------------------------------------------------------------------------------------------------------------------------------------------------------------------------------------------------------------------------------------------------------------------------------------------------------------------------------------------------------------------------------------------------------------------------------------------------------------------------------+
; Fitter RAM Summary                                                                                                                                                                                                                                                                                                                                                                                                                                                                                                                                                                                                                                     ;
+--------------------------------------------------------------------------------------------------------------------------+------+------+--------------+--------------+--------------+--------------+--------------+------------------------+-------------------------+------------------------+-------------------------+------+-----------------------------+-----------------------------+-----------------------------+-----------------------------+---------------------+-------------+-------+-------------------+----------------+----------------------+-----------------+-----------------+----------+------------------------+---------------+
; Name                                                                                                                     ; Type ; Mode ; Clock Mode   ; Port A Depth ; Port A Width ; Port B Depth ; Port B Width ; Port A Input Registers ; Port A Output Registers ; Port B Input Registers ; Port B Output Registers ; Size ; Implementation Port A Depth ; Implementation Port A Width ; Implementation Port B Depth ; Implementation Port B Width ; Implementation Bits ; M10K blocks ; MLABs ; MIF               ; Location       ; Mixed Width RDW Mode ; Port A RDW Mode ; Port B RDW Mode ; ECC Mode ; ECC Pipeline Registers ; Fits in MLABs ;
+--------------------------------------------------------------------------------------------------------------------------+------+------+--------------+--------------+--------------+--------------+--------------+------------------------+-------------------------+------------------------+-------------------------+------+-----------------------------+-----------------------------+-----------------------------+-----------------------------+---------------------+-------------+-------+-------------------+----------------+----------------------+-----------------+-----------------+----------+------------------------+---------------+
; Authentication:auth_inst|PLAYER_ID_ROM:pid_ROM|altsyncram:altsyncram_component|altsyncram_j5g1:auto_generated|ALTSYNCRAM ; AUTO ; ROM  ; Single Clock ; 32           ; 16           ; --           ; --           ; yes                    ; yes                     ; --                     ; --                      ; 512  ; 8                           ; 16                          ; --                          ; --                          ; 128                 ; 1           ; 0     ; PLAYER_ID_ROM.hex ; M10K_X38_Y2_N0 ; Don't care           ; New data        ; New data        ; Off      ; No                     ; Yes           ;
; Authentication:auth_inst|ROM_PSWD:pswd_ROM|altsyncram:altsyncram_component|altsyncram_nlf1:auto_generated|ALTSYNCRAM     ; AUTO ; ROM  ; Single Clock ; 32           ; 24           ; --           ; --           ; yes                    ; yes                     ; --                     ; --                      ; 768  ; 8                           ; 24                          ; --                          ; --                          ; 192                 ; 1           ; 0     ; ROM_PSWD.hex      ; M10K_X38_Y3_N0 ; Don't care           ; New data        ; New data        ; Off      ; No                     ; Yes           ;
+--------------------------------------------------------------------------------------------------------------------------+------+------+--------------+--------------+--------------+--------------+--------------+------------------------+-------------------------+------------------------+-------------------------+------+-----------------------------+-----------------------------+-----------------------------+-----------------------------+---------------------+-------------+-------+-------------------+----------------+----------------------+-----------------+-----------------+----------+------------------------+---------------+
Note: Fitter may spread logical memories into multiple blocks to improve timing. The actual required RAM blocks can be found in the Fitter Resource Usage section.


+----------------------------------------------------------+
; Routing Usage Summary                                    ;
+------------------------------+---------------------------+
; Routing Resource Type        ; Usage                     ;
+------------------------------+---------------------------+
; Block interconnects          ; 1,368 / 140,056 ( < 1 % ) ;
; C12 interconnects            ; 4 / 6,048 ( < 1 % )       ;
; C2 interconnects             ; 293 / 54,648 ( < 1 % )    ;
; C4 interconnects             ; 150 / 25,920 ( < 1 % )    ;
; DQS bus muxes                ; 0 / 17 ( 0 % )            ;
; DQS-18 I/O buses             ; 0 / 17 ( 0 % )            ;
; DQS-9 I/O buses              ; 0 / 17 ( 0 % )            ;
; Direct links                 ; 233 / 140,056 ( < 1 % )   ;
; Global clocks                ; 1 / 16 ( 6 % )            ;
; Local interconnects          ; 369 / 36,960 ( < 1 % )    ;
; Quadrant clocks              ; 0 / 88 ( 0 % )            ;
; R14 interconnects            ; 34 / 5,984 ( < 1 % )      ;
; R14/C12 interconnect drivers ; 37 / 9,504 ( < 1 % )      ;
; R3 interconnects             ; 521 / 60,192 ( < 1 % )    ;
; R6 interconnects             ; 565 / 127,072 ( < 1 % )   ;
; Spine clocks                 ; 1 / 120 ( < 1 % )         ;
; Wire stub REs                ; 0 / 7,344 ( 0 % )         ;
+------------------------------+---------------------------+


+------------------------------------------+
; I/O Rules Summary                        ;
+----------------------------------+-------+
; I/O Rules Statistic              ; Total ;
+----------------------------------+-------+
; Total I/O Rules                  ; 28    ;
; Number of I/O Rules Passed       ; 9     ;
; Number of I/O Rules Failed       ; 0     ;
; Number of I/O Rules Unchecked    ; 0     ;
; Number of I/O Rules Inapplicable ; 19    ;
+----------------------------------+-------+


+-----------------------------------------------------------------------------------------------------------------------------------------------------------------------------------------------------------------------------------------------------------------------------------+
; I/O Rules Details                                                                                                                                                                                                                                                                 ;
+--------------+-----------+-----------------------------------+------------------------------------------------------------------------------------+----------+--------------------------------------------------------------------------+---------------------+-------------------+
; Status       ; ID        ; Category                          ; Rule Description                                                                   ; Severity ; Information                                                              ; Area                ; Extra Information ;
+--------------+-----------+-----------------------------------+------------------------------------------------------------------------------------+----------+--------------------------------------------------------------------------+---------------------+-------------------+
; Pass         ; IO_000001 ; Capacity Checks                   ; Number of pins in an I/O bank should not exceed the number of locations available. ; Critical ; 0 such failures found.                                                   ; I/O                 ;                   ;
; Inapplicable ; IO_000002 ; Capacity Checks                   ; Number of clocks in an I/O bank should not exceed the number of clocks available.  ; Critical ; No Global Signal assignments found.                                      ; I/O                 ;                   ;
; Pass         ; IO_000003 ; Capacity Checks                   ; Number of pins in a Vrefgroup should not exceed the number of locations available. ; Critical ; 0 such failures found.                                                   ; I/O                 ;                   ;
; Inapplicable ; IO_000004 ; Voltage Compatibility Checks      ; The I/O bank should support the requested VCCIO.                                   ; Critical ; No IOBANK_VCCIO assignments found.                                       ; I/O                 ;                   ;
; Inapplicable ; IO_000005 ; Voltage Compatibility Checks      ; The I/O bank should not have competing VREF values.                                ; Critical ; No VREF I/O Standard assignments found.                                  ; I/O                 ;                   ;
; Pass         ; IO_000006 ; Voltage Compatibility Checks      ; The I/O bank should not have competing VCCIO values.                               ; Critical ; 0 such failures found.                                                   ; I/O                 ;                   ;
; Pass         ; IO_000007 ; Valid Location Checks             ; Checks for unavailable locations.                                                  ; Critical ; 0 such failures found.                                                   ; I/O                 ;                   ;
; Inapplicable ; IO_000008 ; Valid Location Checks             ; Checks for reserved locations.                                                     ; Critical ; No reserved LogicLock region found.                                      ; I/O                 ;                   ;
; Pass         ; IO_000009 ; I/O Properties Checks for One I/O ; The location should support the requested I/O standard.                            ; Critical ; 0 such failures found.                                                   ; I/O                 ;                   ;
; Pass         ; IO_000010 ; I/O Properties Checks for One I/O ; The location should support the requested I/O direction.                           ; Critical ; 0 such failures found.                                                   ; I/O                 ;                   ;
; Inapplicable ; IO_000011 ; I/O Properties Checks for One I/O ; The location should support the requested Current Strength.                        ; Critical ; No Current Strength assignments found.                                   ; I/O                 ;                   ;
; Pass         ; IO_000012 ; I/O Properties Checks for One I/O ; The location should support the requested On Chip Termination value.               ; Critical ; 0 such failures found.                                                   ; I/O                 ;                   ;
; Inapplicable ; IO_000013 ; I/O Properties Checks for One I/O ; The location should support the requested Bus Hold value.                          ; Critical ; No Enable Bus-Hold Circuitry assignments found.                          ; I/O                 ;                   ;
; Inapplicable ; IO_000014 ; I/O Properties Checks for One I/O ; The location should support the requested Weak Pull Up value.                      ; Critical ; No Weak Pull-Up Resistor assignments found.                              ; I/O                 ;                   ;
; Inapplicable ; IO_000015 ; I/O Properties Checks for One I/O ; The location should support the requested PCI Clamp Diode.                         ; Critical ; No Clamping Diode assignments found.                                     ; I/O                 ;                   ;
; Inapplicable ; IO_000018 ; I/O Properties Checks for One I/O ; The I/O standard should support the requested Current Strength.                    ; Critical ; No Current Strength assignments found.                                   ; I/O                 ;                   ;
; Pass         ; IO_000019 ; I/O Properties Checks for One I/O ; The I/O standard should support the requested On Chip Termination value.           ; Critical ; 0 such failures found.                                                   ; I/O                 ;                   ;
; Inapplicable ; IO_000020 ; I/O Properties Checks for One I/O ; The I/O standard should support the requested PCI Clamp Diode.                     ; Critical ; No Clamping Diode assignments found.                                     ; I/O                 ;                   ;
; Inapplicable ; IO_000021 ; I/O Properties Checks for One I/O ; The I/O standard should support the requested Weak Pull Up value.                  ; Critical ; No Weak Pull-Up Resistor assignments found.                              ; I/O                 ;                   ;
; Inapplicable ; IO_000022 ; I/O Properties Checks for One I/O ; The I/O standard should support the requested Bus Hold value.                      ; Critical ; No Enable Bus-Hold Circuitry assignments found.                          ; I/O                 ;                   ;
; Inapplicable ; IO_000023 ; I/O Properties Checks for One I/O ; The I/O standard should support the Open Drain value.                              ; Critical ; No open drain assignments found.                                         ; I/O                 ;                   ;
; Pass         ; IO_000024 ; I/O Properties Checks for One I/O ; The I/O direction should support the On Chip Termination value.                    ; Critical ; 0 such failures found.                                                   ; I/O                 ;                   ;
; Inapplicable ; IO_000026 ; I/O Properties Checks for One I/O ; On Chip Termination and Current Strength should not be used at the same time.      ; Critical ; No Current Strength assignments found.                                   ; I/O                 ;                   ;
; Inapplicable ; IO_000027 ; I/O Properties Checks for One I/O ; Weak Pull Up and Bus Hold should not be used at the same time.                     ; Critical ; No Enable Bus-Hold Circuitry or Weak Pull-Up Resistor assignments found. ; I/O                 ;                   ;
; Inapplicable ; IO_000045 ; I/O Properties Checks for One I/O ; The I/O standard should support the requested Slew Rate value.                     ; Critical ; No Slew Rate assignments found.                                          ; I/O                 ;                   ;
; Inapplicable ; IO_000046 ; I/O Properties Checks for One I/O ; The location should support the requested Slew Rate value.                         ; Critical ; No Slew Rate assignments found.                                          ; I/O                 ;                   ;
; Inapplicable ; IO_000047 ; I/O Properties Checks for One I/O ; On Chip Termination and Slew Rate should not be used at the same time.             ; Critical ; No Slew Rate assignments found.                                          ; I/O                 ;                   ;
; Inapplicable ; IO_000034 ; SI Related Distance Checks        ; Single-ended outputs should be 0 LAB row(s) away from a differential I/O.          ; High     ; No Differential I/O Standard assignments found.                          ; I/O                 ;                   ;
; ----         ; ----      ; Disclaimer                        ; OCT rules are checked but not reported.                                            ; None     ; ----                                                                     ; On Chip Termination ;                   ;
+--------------+-----------+-----------------------------------+------------------------------------------------------------------------------------+----------+--------------------------------------------------------------------------+---------------------+-------------------+


+--------------------------------------------------------------------------------------------------------------------------------------------------------------------------------------------------------------------------------------------------------------------------------------------------------------------------------------------------------------------------------------------------------------------------------------+
; I/O Rules Matrix                                                                                                                                                                                                                                                                                                                                                                                                                     ;
+--------------------+-----------+--------------+-----------+--------------+--------------+-----------+-----------+--------------+-----------+-----------+--------------+--------------+--------------+--------------+--------------+--------------+--------------+--------------+--------------+--------------+--------------+--------------+--------------+--------------+--------------+--------------+--------------+--------------+
; Pin/Rules          ; IO_000001 ; IO_000002    ; IO_000003 ; IO_000004    ; IO_000005    ; IO_000006 ; IO_000007 ; IO_000008    ; IO_000009 ; IO_000010 ; IO_000011    ; IO_000012    ; IO_000013    ; IO_000014    ; IO_000015    ; IO_000018    ; IO_000019    ; IO_000020    ; IO_000021    ; IO_000022    ; IO_000023    ; IO_000024    ; IO_000026    ; IO_000027    ; IO_000045    ; IO_000046    ; IO_000047    ; IO_000034    ;
+--------------------+-----------+--------------+-----------+--------------+--------------+-----------+-----------+--------------+-----------+-----------+--------------+--------------+--------------+--------------+--------------+--------------+--------------+--------------+--------------+--------------+--------------+--------------+--------------+--------------+--------------+--------------+--------------+--------------+
; Total Pass         ; 54        ; 0            ; 54        ; 0            ; 0            ; 54        ; 54        ; 0            ; 54        ; 54        ; 0            ; 44           ; 0            ; 0            ; 0            ; 0            ; 44           ; 0            ; 0            ; 0            ; 0            ; 44           ; 0            ; 0            ; 0            ; 0            ; 0            ; 0            ;
; Total Unchecked    ; 0         ; 0            ; 0         ; 0            ; 0            ; 0         ; 0         ; 0            ; 0         ; 0         ; 0            ; 0            ; 0            ; 0            ; 0            ; 0            ; 0            ; 0            ; 0            ; 0            ; 0            ; 0            ; 0            ; 0            ; 0            ; 0            ; 0            ; 0            ;
; Total Inapplicable ; 0         ; 54           ; 0         ; 54           ; 54           ; 0         ; 0         ; 54           ; 0         ; 0         ; 54           ; 10           ; 54           ; 54           ; 54           ; 54           ; 10           ; 54           ; 54           ; 54           ; 54           ; 10           ; 54           ; 54           ; 54           ; 54           ; 54           ; 54           ;
; Total Fail         ; 0         ; 0            ; 0         ; 0            ; 0            ; 0         ; 0         ; 0            ; 0         ; 0         ; 0            ; 0            ; 0            ; 0            ; 0            ; 0            ; 0            ; 0            ; 0            ; 0            ; 0            ; 0            ; 0            ; 0            ; 0            ; 0            ; 0            ; 0            ;
; Display0[0]        ; Pass      ; Inapplicable ; Pass      ; Inapplicable ; Inapplicable ; Pass      ; Pass      ; Inapplicable ; Pass      ; Pass      ; Inapplicable ; Pass         ; Inapplicable ; Inapplicable ; Inapplicable ; Inapplicable ; Pass         ; Inapplicable ; Inapplicable ; Inapplicable ; Inapplicable ; Pass         ; Inapplicable ; Inapplicable ; Inapplicable ; Inapplicable ; Inapplicable ; Inapplicable ;
; Display0[1]        ; Pass      ; Inapplicable ; Pass      ; Inapplicable ; Inapplicable ; Pass      ; Pass      ; Inapplicable ; Pass      ; Pass      ; Inapplicable ; Pass         ; Inapplicable ; Inapplicable ; Inapplicable ; Inapplicable ; Pass         ; Inapplicable ; Inapplicable ; Inapplicable ; Inapplicable ; Pass         ; Inapplicable ; Inapplicable ; Inapplicable ; Inapplicable ; Inapplicable ; Inapplicable ;
; Display0[2]        ; Pass      ; Inapplicable ; Pass      ; Inapplicable ; Inapplicable ; Pass      ; Pass      ; Inapplicable ; Pass      ; Pass      ; Inapplicable ; Pass         ; Inapplicable ; Inapplicable ; Inapplicable ; Inapplicable ; Pass         ; Inapplicable ; Inapplicable ; Inapplicable ; Inapplicable ; Pass         ; Inapplicable ; Inapplicable ; Inapplicable ; Inapplicable ; Inapplicable ; Inapplicable ;
; Display0[3]        ; Pass      ; Inapplicable ; Pass      ; Inapplicable ; Inapplicable ; Pass      ; Pass      ; Inapplicable ; Pass      ; Pass      ; Inapplicable ; Pass         ; Inapplicable ; Inapplicable ; Inapplicable ; Inapplicable ; Pass         ; Inapplicable ; Inapplicable ; Inapplicable ; Inapplicable ; Pass         ; Inapplicable ; Inapplicable ; Inapplicable ; Inapplicable ; Inapplicable ; Inapplicable ;
; Display0[4]        ; Pass      ; Inapplicable ; Pass      ; Inapplicable ; Inapplicable ; Pass      ; Pass      ; Inapplicable ; Pass      ; Pass      ; Inapplicable ; Pass         ; Inapplicable ; Inapplicable ; Inapplicable ; Inapplicable ; Pass         ; Inapplicable ; Inapplicable ; Inapplicable ; Inapplicable ; Pass         ; Inapplicable ; Inapplicable ; Inapplicable ; Inapplicable ; Inapplicable ; Inapplicable ;
; Display0[5]        ; Pass      ; Inapplicable ; Pass      ; Inapplicable ; Inapplicable ; Pass      ; Pass      ; Inapplicable ; Pass      ; Pass      ; Inapplicable ; Pass         ; Inapplicable ; Inapplicable ; Inapplicable ; Inapplicable ; Pass         ; Inapplicable ; Inapplicable ; Inapplicable ; Inapplicable ; Pass         ; Inapplicable ; Inapplicable ; Inapplicable ; Inapplicable ; Inapplicable ; Inapplicable ;
; Display0[6]        ; Pass      ; Inapplicable ; Pass      ; Inapplicable ; Inapplicable ; Pass      ; Pass      ; Inapplicable ; Pass      ; Pass      ; Inapplicable ; Pass         ; Inapplicable ; Inapplicable ; Inapplicable ; Inapplicable ; Pass         ; Inapplicable ; Inapplicable ; Inapplicable ; Inapplicable ; Pass         ; Inapplicable ; Inapplicable ; Inapplicable ; Inapplicable ; Inapplicable ; Inapplicable ;
; Display1[0]        ; Pass      ; Inapplicable ; Pass      ; Inapplicable ; Inapplicable ; Pass      ; Pass      ; Inapplicable ; Pass      ; Pass      ; Inapplicable ; Pass         ; Inapplicable ; Inapplicable ; Inapplicable ; Inapplicable ; Pass         ; Inapplicable ; Inapplicable ; Inapplicable ; Inapplicable ; Pass         ; Inapplicable ; Inapplicable ; Inapplicable ; Inapplicable ; Inapplicable ; Inapplicable ;
; Display1[1]        ; Pass      ; Inapplicable ; Pass      ; Inapplicable ; Inapplicable ; Pass      ; Pass      ; Inapplicable ; Pass      ; Pass      ; Inapplicable ; Pass         ; Inapplicable ; Inapplicable ; Inapplicable ; Inapplicable ; Pass         ; Inapplicable ; Inapplicable ; Inapplicable ; Inapplicable ; Pass         ; Inapplicable ; Inapplicable ; Inapplicable ; Inapplicable ; Inapplicable ; Inapplicable ;
; Display1[2]        ; Pass      ; Inapplicable ; Pass      ; Inapplicable ; Inapplicable ; Pass      ; Pass      ; Inapplicable ; Pass      ; Pass      ; Inapplicable ; Pass         ; Inapplicable ; Inapplicable ; Inapplicable ; Inapplicable ; Pass         ; Inapplicable ; Inapplicable ; Inapplicable ; Inapplicable ; Pass         ; Inapplicable ; Inapplicable ; Inapplicable ; Inapplicable ; Inapplicable ; Inapplicable ;
; Display1[3]        ; Pass      ; Inapplicable ; Pass      ; Inapplicable ; Inapplicable ; Pass      ; Pass      ; Inapplicable ; Pass      ; Pass      ; Inapplicable ; Pass         ; Inapplicable ; Inapplicable ; Inapplicable ; Inapplicable ; Pass         ; Inapplicable ; Inapplicable ; Inapplicable ; Inapplicable ; Pass         ; Inapplicable ; Inapplicable ; Inapplicable ; Inapplicable ; Inapplicable ; Inapplicable ;
; Display1[4]        ; Pass      ; Inapplicable ; Pass      ; Inapplicable ; Inapplicable ; Pass      ; Pass      ; Inapplicable ; Pass      ; Pass      ; Inapplicable ; Pass         ; Inapplicable ; Inapplicable ; Inapplicable ; Inapplicable ; Pass         ; Inapplicable ; Inapplicable ; Inapplicable ; Inapplicable ; Pass         ; Inapplicable ; Inapplicable ; Inapplicable ; Inapplicable ; Inapplicable ; Inapplicable ;
; Display1[5]        ; Pass      ; Inapplicable ; Pass      ; Inapplicable ; Inapplicable ; Pass      ; Pass      ; Inapplicable ; Pass      ; Pass      ; Inapplicable ; Pass         ; Inapplicable ; Inapplicable ; Inapplicable ; Inapplicable ; Pass         ; Inapplicable ; Inapplicable ; Inapplicable ; Inapplicable ; Pass         ; Inapplicable ; Inapplicable ; Inapplicable ; Inapplicable ; Inapplicable ; Inapplicable ;
; Display1[6]        ; Pass      ; Inapplicable ; Pass      ; Inapplicable ; Inapplicable ; Pass      ; Pass      ; Inapplicable ; Pass      ; Pass      ; Inapplicable ; Pass         ; Inapplicable ; Inapplicable ; Inapplicable ; Inapplicable ; Pass         ; Inapplicable ; Inapplicable ; Inapplicable ; Inapplicable ; Pass         ; Inapplicable ; Inapplicable ; Inapplicable ; Inapplicable ; Inapplicable ; Inapplicable ;
; Display2[0]        ; Pass      ; Inapplicable ; Pass      ; Inapplicable ; Inapplicable ; Pass      ; Pass      ; Inapplicable ; Pass      ; Pass      ; Inapplicable ; Pass         ; Inapplicable ; Inapplicable ; Inapplicable ; Inapplicable ; Pass         ; Inapplicable ; Inapplicable ; Inapplicable ; Inapplicable ; Pass         ; Inapplicable ; Inapplicable ; Inapplicable ; Inapplicable ; Inapplicable ; Inapplicable ;
; Display2[1]        ; Pass      ; Inapplicable ; Pass      ; Inapplicable ; Inapplicable ; Pass      ; Pass      ; Inapplicable ; Pass      ; Pass      ; Inapplicable ; Pass         ; Inapplicable ; Inapplicable ; Inapplicable ; Inapplicable ; Pass         ; Inapplicable ; Inapplicable ; Inapplicable ; Inapplicable ; Pass         ; Inapplicable ; Inapplicable ; Inapplicable ; Inapplicable ; Inapplicable ; Inapplicable ;
; Display2[2]        ; Pass      ; Inapplicable ; Pass      ; Inapplicable ; Inapplicable ; Pass      ; Pass      ; Inapplicable ; Pass      ; Pass      ; Inapplicable ; Pass         ; Inapplicable ; Inapplicable ; Inapplicable ; Inapplicable ; Pass         ; Inapplicable ; Inapplicable ; Inapplicable ; Inapplicable ; Pass         ; Inapplicable ; Inapplicable ; Inapplicable ; Inapplicable ; Inapplicable ; Inapplicable ;
; Display2[3]        ; Pass      ; Inapplicable ; Pass      ; Inapplicable ; Inapplicable ; Pass      ; Pass      ; Inapplicable ; Pass      ; Pass      ; Inapplicable ; Pass         ; Inapplicable ; Inapplicable ; Inapplicable ; Inapplicable ; Pass         ; Inapplicable ; Inapplicable ; Inapplicable ; Inapplicable ; Pass         ; Inapplicable ; Inapplicable ; Inapplicable ; Inapplicable ; Inapplicable ; Inapplicable ;
; Display2[4]        ; Pass      ; Inapplicable ; Pass      ; Inapplicable ; Inapplicable ; Pass      ; Pass      ; Inapplicable ; Pass      ; Pass      ; Inapplicable ; Pass         ; Inapplicable ; Inapplicable ; Inapplicable ; Inapplicable ; Pass         ; Inapplicable ; Inapplicable ; Inapplicable ; Inapplicable ; Pass         ; Inapplicable ; Inapplicable ; Inapplicable ; Inapplicable ; Inapplicable ; Inapplicable ;
; Display2[5]        ; Pass      ; Inapplicable ; Pass      ; Inapplicable ; Inapplicable ; Pass      ; Pass      ; Inapplicable ; Pass      ; Pass      ; Inapplicable ; Pass         ; Inapplicable ; Inapplicable ; Inapplicable ; Inapplicable ; Pass         ; Inapplicable ; Inapplicable ; Inapplicable ; Inapplicable ; Pass         ; Inapplicable ; Inapplicable ; Inapplicable ; Inapplicable ; Inapplicable ; Inapplicable ;
; Display2[6]        ; Pass      ; Inapplicable ; Pass      ; Inapplicable ; Inapplicable ; Pass      ; Pass      ; Inapplicable ; Pass      ; Pass      ; Inapplicable ; Pass         ; Inapplicable ; Inapplicable ; Inapplicable ; Inapplicable ; Pass         ; Inapplicable ; Inapplicable ; Inapplicable ; Inapplicable ; Pass         ; Inapplicable ; Inapplicable ; Inapplicable ; Inapplicable ; Inapplicable ; Inapplicable ;
; Display3[0]        ; Pass      ; Inapplicable ; Pass      ; Inapplicable ; Inapplicable ; Pass      ; Pass      ; Inapplicable ; Pass      ; Pass      ; Inapplicable ; Pass         ; Inapplicable ; Inapplicable ; Inapplicable ; Inapplicable ; Pass         ; Inapplicable ; Inapplicable ; Inapplicable ; Inapplicable ; Pass         ; Inapplicable ; Inapplicable ; Inapplicable ; Inapplicable ; Inapplicable ; Inapplicable ;
; Display3[1]        ; Pass      ; Inapplicable ; Pass      ; Inapplicable ; Inapplicable ; Pass      ; Pass      ; Inapplicable ; Pass      ; Pass      ; Inapplicable ; Pass         ; Inapplicable ; Inapplicable ; Inapplicable ; Inapplicable ; Pass         ; Inapplicable ; Inapplicable ; Inapplicable ; Inapplicable ; Pass         ; Inapplicable ; Inapplicable ; Inapplicable ; Inapplicable ; Inapplicable ; Inapplicable ;
; Display3[2]        ; Pass      ; Inapplicable ; Pass      ; Inapplicable ; Inapplicable ; Pass      ; Pass      ; Inapplicable ; Pass      ; Pass      ; Inapplicable ; Pass         ; Inapplicable ; Inapplicable ; Inapplicable ; Inapplicable ; Pass         ; Inapplicable ; Inapplicable ; Inapplicable ; Inapplicable ; Pass         ; Inapplicable ; Inapplicable ; Inapplicable ; Inapplicable ; Inapplicable ; Inapplicable ;
; Display3[3]        ; Pass      ; Inapplicable ; Pass      ; Inapplicable ; Inapplicable ; Pass      ; Pass      ; Inapplicable ; Pass      ; Pass      ; Inapplicable ; Pass         ; Inapplicable ; Inapplicable ; Inapplicable ; Inapplicable ; Pass         ; Inapplicable ; Inapplicable ; Inapplicable ; Inapplicable ; Pass         ; Inapplicable ; Inapplicable ; Inapplicable ; Inapplicable ; Inapplicable ; Inapplicable ;
; Display3[4]        ; Pass      ; Inapplicable ; Pass      ; Inapplicable ; Inapplicable ; Pass      ; Pass      ; Inapplicable ; Pass      ; Pass      ; Inapplicable ; Pass         ; Inapplicable ; Inapplicable ; Inapplicable ; Inapplicable ; Pass         ; Inapplicable ; Inapplicable ; Inapplicable ; Inapplicable ; Pass         ; Inapplicable ; Inapplicable ; Inapplicable ; Inapplicable ; Inapplicable ; Inapplicable ;
; Display3[5]        ; Pass      ; Inapplicable ; Pass      ; Inapplicable ; Inapplicable ; Pass      ; Pass      ; Inapplicable ; Pass      ; Pass      ; Inapplicable ; Pass         ; Inapplicable ; Inapplicable ; Inapplicable ; Inapplicable ; Pass         ; Inapplicable ; Inapplicable ; Inapplicable ; Inapplicable ; Pass         ; Inapplicable ; Inapplicable ; Inapplicable ; Inapplicable ; Inapplicable ; Inapplicable ;
; Display3[6]        ; Pass      ; Inapplicable ; Pass      ; Inapplicable ; Inapplicable ; Pass      ; Pass      ; Inapplicable ; Pass      ; Pass      ; Inapplicable ; Pass         ; Inapplicable ; Inapplicable ; Inapplicable ; Inapplicable ; Pass         ; Inapplicable ; Inapplicable ; Inapplicable ; Inapplicable ; Pass         ; Inapplicable ; Inapplicable ; Inapplicable ; Inapplicable ; Inapplicable ; Inapplicable ;
; Display4[0]        ; Pass      ; Inapplicable ; Pass      ; Inapplicable ; Inapplicable ; Pass      ; Pass      ; Inapplicable ; Pass      ; Pass      ; Inapplicable ; Pass         ; Inapplicable ; Inapplicable ; Inapplicable ; Inapplicable ; Pass         ; Inapplicable ; Inapplicable ; Inapplicable ; Inapplicable ; Pass         ; Inapplicable ; Inapplicable ; Inapplicable ; Inapplicable ; Inapplicable ; Inapplicable ;
; Display4[1]        ; Pass      ; Inapplicable ; Pass      ; Inapplicable ; Inapplicable ; Pass      ; Pass      ; Inapplicable ; Pass      ; Pass      ; Inapplicable ; Pass         ; Inapplicable ; Inapplicable ; Inapplicable ; Inapplicable ; Pass         ; Inapplicable ; Inapplicable ; Inapplicable ; Inapplicable ; Pass         ; Inapplicable ; Inapplicable ; Inapplicable ; Inapplicable ; Inapplicable ; Inapplicable ;
; Display4[2]        ; Pass      ; Inapplicable ; Pass      ; Inapplicable ; Inapplicable ; Pass      ; Pass      ; Inapplicable ; Pass      ; Pass      ; Inapplicable ; Pass         ; Inapplicable ; Inapplicable ; Inapplicable ; Inapplicable ; Pass         ; Inapplicable ; Inapplicable ; Inapplicable ; Inapplicable ; Pass         ; Inapplicable ; Inapplicable ; Inapplicable ; Inapplicable ; Inapplicable ; Inapplicable ;
; Display4[3]        ; Pass      ; Inapplicable ; Pass      ; Inapplicable ; Inapplicable ; Pass      ; Pass      ; Inapplicable ; Pass      ; Pass      ; Inapplicable ; Pass         ; Inapplicable ; Inapplicable ; Inapplicable ; Inapplicable ; Pass         ; Inapplicable ; Inapplicable ; Inapplicable ; Inapplicable ; Pass         ; Inapplicable ; Inapplicable ; Inapplicable ; Inapplicable ; Inapplicable ; Inapplicable ;
; Display4[4]        ; Pass      ; Inapplicable ; Pass      ; Inapplicable ; Inapplicable ; Pass      ; Pass      ; Inapplicable ; Pass      ; Pass      ; Inapplicable ; Pass         ; Inapplicable ; Inapplicable ; Inapplicable ; Inapplicable ; Pass         ; Inapplicable ; Inapplicable ; Inapplicable ; Inapplicable ; Pass         ; Inapplicable ; Inapplicable ; Inapplicable ; Inapplicable ; Inapplicable ; Inapplicable ;
; Display4[5]        ; Pass      ; Inapplicable ; Pass      ; Inapplicable ; Inapplicable ; Pass      ; Pass      ; Inapplicable ; Pass      ; Pass      ; Inapplicable ; Pass         ; Inapplicable ; Inapplicable ; Inapplicable ; Inapplicable ; Pass         ; Inapplicable ; Inapplicable ; Inapplicable ; Inapplicable ; Pass         ; Inapplicable ; Inapplicable ; Inapplicable ; Inapplicable ; Inapplicable ; Inapplicable ;
; Display4[6]        ; Pass      ; Inapplicable ; Pass      ; Inapplicable ; Inapplicable ; Pass      ; Pass      ; Inapplicable ; Pass      ; Pass      ; Inapplicable ; Pass         ; Inapplicable ; Inapplicable ; Inapplicable ; Inapplicable ; Pass         ; Inapplicable ; Inapplicable ; Inapplicable ; Inapplicable ; Pass         ; Inapplicable ; Inapplicable ; Inapplicable ; Inapplicable ; Inapplicable ; Inapplicable ;
; Display5[0]        ; Pass      ; Inapplicable ; Pass      ; Inapplicable ; Inapplicable ; Pass      ; Pass      ; Inapplicable ; Pass      ; Pass      ; Inapplicable ; Pass         ; Inapplicable ; Inapplicable ; Inapplicable ; Inapplicable ; Pass         ; Inapplicable ; Inapplicable ; Inapplicable ; Inapplicable ; Pass         ; Inapplicable ; Inapplicable ; Inapplicable ; Inapplicable ; Inapplicable ; Inapplicable ;
; Display5[1]        ; Pass      ; Inapplicable ; Pass      ; Inapplicable ; Inapplicable ; Pass      ; Pass      ; Inapplicable ; Pass      ; Pass      ; Inapplicable ; Pass         ; Inapplicable ; Inapplicable ; Inapplicable ; Inapplicable ; Pass         ; Inapplicable ; Inapplicable ; Inapplicable ; Inapplicable ; Pass         ; Inapplicable ; Inapplicable ; Inapplicable ; Inapplicable ; Inapplicable ; Inapplicable ;
; Display5[2]        ; Pass      ; Inapplicable ; Pass      ; Inapplicable ; Inapplicable ; Pass      ; Pass      ; Inapplicable ; Pass      ; Pass      ; Inapplicable ; Pass         ; Inapplicable ; Inapplicable ; Inapplicable ; Inapplicable ; Pass         ; Inapplicable ; Inapplicable ; Inapplicable ; Inapplicable ; Pass         ; Inapplicable ; Inapplicable ; Inapplicable ; Inapplicable ; Inapplicable ; Inapplicable ;
; Display5[3]        ; Pass      ; Inapplicable ; Pass      ; Inapplicable ; Inapplicable ; Pass      ; Pass      ; Inapplicable ; Pass      ; Pass      ; Inapplicable ; Pass         ; Inapplicable ; Inapplicable ; Inapplicable ; Inapplicable ; Pass         ; Inapplicable ; Inapplicable ; Inapplicable ; Inapplicable ; Pass         ; Inapplicable ; Inapplicable ; Inapplicable ; Inapplicable ; Inapplicable ; Inapplicable ;
; Display5[4]        ; Pass      ; Inapplicable ; Pass      ; Inapplicable ; Inapplicable ; Pass      ; Pass      ; Inapplicable ; Pass      ; Pass      ; Inapplicable ; Pass         ; Inapplicable ; Inapplicable ; Inapplicable ; Inapplicable ; Pass         ; Inapplicable ; Inapplicable ; Inapplicable ; Inapplicable ; Pass         ; Inapplicable ; Inapplicable ; Inapplicable ; Inapplicable ; Inapplicable ; Inapplicable ;
; Display5[5]        ; Pass      ; Inapplicable ; Pass      ; Inapplicable ; Inapplicable ; Pass      ; Pass      ; Inapplicable ; Pass      ; Pass      ; Inapplicable ; Pass         ; Inapplicable ; Inapplicable ; Inapplicable ; Inapplicable ; Pass         ; Inapplicable ; Inapplicable ; Inapplicable ; Inapplicable ; Pass         ; Inapplicable ; Inapplicable ; Inapplicable ; Inapplicable ; Inapplicable ; Inapplicable ;
; Display5[6]        ; Pass      ; Inapplicable ; Pass      ; Inapplicable ; Inapplicable ; Pass      ; Pass      ; Inapplicable ; Pass      ; Pass      ; Inapplicable ; Pass         ; Inapplicable ; Inapplicable ; Inapplicable ; Inapplicable ; Pass         ; Inapplicable ; Inapplicable ; Inapplicable ; Inapplicable ; Pass         ; Inapplicable ; Inapplicable ; Inapplicable ; Inapplicable ; Inapplicable ; Inapplicable ;
; LoggedIn           ; Pass      ; Inapplicable ; Pass      ; Inapplicable ; Inapplicable ; Pass      ; Pass      ; Inapplicable ; Pass      ; Pass      ; Inapplicable ; Pass         ; Inapplicable ; Inapplicable ; Inapplicable ; Inapplicable ; Pass         ; Inapplicable ; Inapplicable ; Inapplicable ; Inapplicable ; Pass         ; Inapplicable ; Inapplicable ; Inapplicable ; Inapplicable ; Inapplicable ; Inapplicable ;
; LoggedOut          ; Pass      ; Inapplicable ; Pass      ; Inapplicable ; Inapplicable ; Pass      ; Pass      ; Inapplicable ; Pass      ; Pass      ; Inapplicable ; Pass         ; Inapplicable ; Inapplicable ; Inapplicable ; Inapplicable ; Pass         ; Inapplicable ; Inapplicable ; Inapplicable ; Inapplicable ; Pass         ; Inapplicable ; Inapplicable ; Inapplicable ; Inapplicable ; Inapplicable ; Inapplicable ;
; ResetSwitch        ; Pass      ; Inapplicable ; Pass      ; Inapplicable ; Inapplicable ; Pass      ; Pass      ; Inapplicable ; Pass      ; Pass      ; Inapplicable ; Inapplicable ; Inapplicable ; Inapplicable ; Inapplicable ; Inapplicable ; Inapplicable ; Inapplicable ; Inapplicable ; Inapplicable ; Inapplicable ; Inapplicable ; Inapplicable ; Inapplicable ; Inapplicable ; Inapplicable ; Inapplicable ; Inapplicable ;
; clk                ; Pass      ; Inapplicable ; Pass      ; Inapplicable ; Inapplicable ; Pass      ; Pass      ; Inapplicable ; Pass      ; Pass      ; Inapplicable ; Inapplicable ; Inapplicable ; Inapplicable ; Inapplicable ; Inapplicable ; Inapplicable ; Inapplicable ; Inapplicable ; Inapplicable ; Inapplicable ; Inapplicable ; Inapplicable ; Inapplicable ; Inapplicable ; Inapplicable ; Inapplicable ; Inapplicable ;
; PasswordDigits[3]  ; Pass      ; Inapplicable ; Pass      ; Inapplicable ; Inapplicable ; Pass      ; Pass      ; Inapplicable ; Pass      ; Pass      ; Inapplicable ; Inapplicable ; Inapplicable ; Inapplicable ; Inapplicable ; Inapplicable ; Inapplicable ; Inapplicable ; Inapplicable ; Inapplicable ; Inapplicable ; Inapplicable ; Inapplicable ; Inapplicable ; Inapplicable ; Inapplicable ; Inapplicable ; Inapplicable ;
; PasswordDigits[0]  ; Pass      ; Inapplicable ; Pass      ; Inapplicable ; Inapplicable ; Pass      ; Pass      ; Inapplicable ; Pass      ; Pass      ; Inapplicable ; Inapplicable ; Inapplicable ; Inapplicable ; Inapplicable ; Inapplicable ; Inapplicable ; Inapplicable ; Inapplicable ; Inapplicable ; Inapplicable ; Inapplicable ; Inapplicable ; Inapplicable ; Inapplicable ; Inapplicable ; Inapplicable ; Inapplicable ;
; PasswordDigits[1]  ; Pass      ; Inapplicable ; Pass      ; Inapplicable ; Inapplicable ; Pass      ; Pass      ; Inapplicable ; Pass      ; Pass      ; Inapplicable ; Inapplicable ; Inapplicable ; Inapplicable ; Inapplicable ; Inapplicable ; Inapplicable ; Inapplicable ; Inapplicable ; Inapplicable ; Inapplicable ; Inapplicable ; Inapplicable ; Inapplicable ; Inapplicable ; Inapplicable ; Inapplicable ; Inapplicable ;
; PasswordDigits[2]  ; Pass      ; Inapplicable ; Pass      ; Inapplicable ; Inapplicable ; Pass      ; Pass      ; Inapplicable ; Pass      ; Pass      ; Inapplicable ; Inapplicable ; Inapplicable ; Inapplicable ; Inapplicable ; Inapplicable ; Inapplicable ; Inapplicable ; Inapplicable ; Inapplicable ; Inapplicable ; Inapplicable ; Inapplicable ; Inapplicable ; Inapplicable ; Inapplicable ; Inapplicable ; Inapplicable ;
; Button2            ; Pass      ; Inapplicable ; Pass      ; Inapplicable ; Inapplicable ; Pass      ; Pass      ; Inapplicable ; Pass      ; Pass      ; Inapplicable ; Inapplicable ; Inapplicable ; Inapplicable ; Inapplicable ; Inapplicable ; Inapplicable ; Inapplicable ; Inapplicable ; Inapplicable ; Inapplicable ; Inapplicable ; Inapplicable ; Inapplicable ; Inapplicable ; Inapplicable ; Inapplicable ; Inapplicable ;
; Button1            ; Pass      ; Inapplicable ; Pass      ; Inapplicable ; Inapplicable ; Pass      ; Pass      ; Inapplicable ; Pass      ; Pass      ; Inapplicable ; Inapplicable ; Inapplicable ; Inapplicable ; Inapplicable ; Inapplicable ; Inapplicable ; Inapplicable ; Inapplicable ; Inapplicable ; Inapplicable ; Inapplicable ; Inapplicable ; Inapplicable ; Inapplicable ; Inapplicable ; Inapplicable ; Inapplicable ;
; Button0            ; Pass      ; Inapplicable ; Pass      ; Inapplicable ; Inapplicable ; Pass      ; Pass      ; Inapplicable ; Pass      ; Pass      ; Inapplicable ; Inapplicable ; Inapplicable ; Inapplicable ; Inapplicable ; Inapplicable ; Inapplicable ; Inapplicable ; Inapplicable ; Inapplicable ; Inapplicable ; Inapplicable ; Inapplicable ; Inapplicable ; Inapplicable ; Inapplicable ; Inapplicable ; Inapplicable ;
; Button3            ; Pass      ; Inapplicable ; Pass      ; Inapplicable ; Inapplicable ; Pass      ; Pass      ; Inapplicable ; Pass      ; Pass      ; Inapplicable ; Inapplicable ; Inapplicable ; Inapplicable ; Inapplicable ; Inapplicable ; Inapplicable ; Inapplicable ; Inapplicable ; Inapplicable ; Inapplicable ; Inapplicable ; Inapplicable ; Inapplicable ; Inapplicable ; Inapplicable ; Inapplicable ; Inapplicable ;
+--------------------+-----------+--------------+-----------+--------------+--------------+-----------+-----------+--------------+-----------+-----------+--------------+--------------+--------------+--------------+--------------+--------------+--------------+--------------+--------------+--------------+--------------+--------------+--------------+--------------+--------------+--------------+--------------+--------------+


+------------------------------------------------------------------------------------------------+
; Fitter Device Options                                                                          ;
+------------------------------------------------------------------+-----------------------------+
; Option                                                           ; Setting                     ;
+------------------------------------------------------------------+-----------------------------+
; Enable user-supplied start-up clock (CLKUSR)                     ; Off                         ;
; Enable device-wide reset (DEV_CLRn)                              ; Off                         ;
; Enable device-wide output enable (DEV_OE)                        ; Off                         ;
; Enable INIT_DONE output                                          ; Off                         ;
; Configuration scheme                                             ; Active Serial x1            ;
; Enable Error Detection CRC_ERROR pin                             ; Off                         ;
; Enable CvP_CONFDONE pin                                          ; Off                         ;
; Enable open drain on CRC_ERROR pin                               ; On                          ;
; Enable open drain on CvP_CONFDONE pin                            ; On                          ;
; Enable open drain on INIT_DONE pin                               ; On                          ;
; Enable open drain on Partial Reconfiguration pins                ; Off                         ;
; Enable open drain on nCEO pin                                    ; On                          ;
; Enable Partial Reconfiguration pins                              ; Off                         ;
; Enable input tri-state on active configuration pins in user mode ; Off                         ;
; Enable internal scrubbing                                        ; Off                         ;
; Active Serial clock source                                       ; 100 MHz Internal Oscillator ;
; Device initialization clock source                               ; Internal Oscillator         ;
; Configuration via Protocol                                       ; Off                         ;
; Configuration Voltage Level                                      ; Auto                        ;
; Force Configuration Voltage Level                                ; Off                         ;
; Enable nCEO output                                               ; Off                         ;
; Data[15..8]                                                      ; Unreserved                  ;
; Data[7..5]                                                       ; Unreserved                  ;
; Base pin-out file on sameframe device                            ; Off                         ;
+------------------------------------------------------------------+-----------------------------+


+------------------------------------+
; Operating Settings and Conditions  ;
+---------------------------+--------+
; Setting                   ; Value  ;
+---------------------------+--------+
; Nominal Core Voltage      ; 1.10 V ;
; Low Junction Temperature  ; 0 °C   ;
; High Junction Temperature ; 85 °C  ;
+---------------------------+--------+


+---------------------------------------------------------------------------------------------------+
; Estimated Delay Added for Hold Timing Summary                                                     ;
+--------------------------------------------------------+----------------------+-------------------+
; Source Clock(s)                                        ; Destination Clock(s) ; Delay Added in ns ;
+--------------------------------------------------------+----------------------+-------------------+
; clk                                                    ; clk                  ; 103.1             ;
; clk,GameController:game_inst|Levels:Levels1|state.IDLE ; clk                  ; 20.7              ;
; GameController:game_inst|Levels:Levels1|state.IDLE     ; clk                  ; 3.3               ;
+--------------------------------------------------------+----------------------+-------------------+
Note: For more information on problematic transfers, consider running the Fitter again with the Optimize hold timing option (Settings Menu) turned off.
This will disable optimization of problematic paths and expose them for further analysis using the Timing Analyzer.


+-----------------------------------------------------------------------------------------------------------------------------------------------------------------------------------------------------------------------------------------------------------------------------------------------------+
; Estimated Delay Added for Hold Timing Details                                                                                                                                                                                                                                                       ;
+--------------------------------------------------------------------------------------------------------------------------------+------------------------------------------------------------------------------------------------------------------------------------------------+-------------------+
; Source Register                                                                                                                ; Destination Register                                                                                                                           ; Delay Added in ns ;
+--------------------------------------------------------------------------------------------------------------------------------+------------------------------------------------------------------------------------------------------------------------------------------------+-------------------+
; GameController:game_inst|Levels:Levels1|state.IDLE                                                                             ; GameController:game_inst|Levels:Levels1|seconds_counter[1]                                                                                     ; 4.904             ;
; GameController:game_inst|Levels:Levels1|spawn_duration[2]                                                                      ; GameController:game_inst|Levels:Levels1|objLoc_r[3]                                                                                            ; 3.955             ;
; GameController:game_inst|Levels:Levels1|spawn_duration[1]                                                                      ; GameController:game_inst|Levels:Levels1|objLoc_r[3]                                                                                            ; 3.892             ;
; GameController:game_inst|Levels:Levels1|seconds_counter[2]                                                                     ; GameController:game_inst|Levels:Levels1|objLoc_r[3]                                                                                            ; 2.263             ;
; GameController:game_inst|Levels:Levels1|OneSecond_Timer:timer|countTo10:u_10|OneSecTimeOut                                     ; GameController:game_inst|Levels:Levels1|objLoc_r[3]                                                                                            ; 2.263             ;
; GameController:game_inst|Levels:Levels1|seconds_counter[0]                                                                     ; GameController:game_inst|Levels:Levels1|objLoc_r[3]                                                                                            ; 2.263             ;
; GameController:game_inst|Levels:Levels1|seconds_counter[1]                                                                     ; GameController:game_inst|Levels:Levels1|objLoc_r[3]                                                                                            ; 2.263             ;
; GameController:game_inst|gameLevel[1]                                                                                          ; GameController:game_inst|Levels:Levels1|state.IDLE                                                                                             ; 1.687             ;
; GameController:game_inst|gameLevel[0]                                                                                          ; GameController:game_inst|Levels:Levels1|state.IDLE                                                                                             ; 1.687             ;
; GameController:game_inst|roundRunning                                                                                          ; GameController:game_inst|Levels:Levels1|state.IDLE                                                                                             ; 1.687             ;
; ResetSwitch                                                                                                                    ; GameController:game_inst|Levels:Levels1|state.IDLE                                                                                             ; 1.687             ;
; Authentication:auth_inst|id_verification:id_verify|idAddr[2]                                                                   ; Authentication:auth_inst|PLAYER_ID_ROM:pid_ROM|altsyncram:altsyncram_component|altsyncram_j5g1:auto_generated|ram_block1a5~porta_address_reg0  ; 0.449             ;
; GameController:game_inst|Levels:Levels1|obj_location[2]                                                                        ; GameController:game_inst|displayBus4[4]                                                                                                        ; 0.425             ;
; GameController:game_inst|Levels:Levels1|obj_location[1]                                                                        ; GameController:game_inst|displayBus3[5]                                                                                                        ; 0.418             ;
; Authentication:auth_inst|id_verification:id_verify|memoryID[8]                                                                 ; Authentication:auth_inst|id_verification:id_verify|idInternal[0]                                                                               ; 0.366             ;
; Authentication:auth_inst|id_verification:id_verify|idVerified                                                                  ; Authentication:auth_inst|pswd_verification:pw_verify|State.PASSED                                                                              ; 0.365             ;
; Authentication:auth_inst|id_verification:id_verify|isGuest                                                                     ; Authentication:auth_inst|pswd_verification:pw_verify|State.PASSED                                                                              ; 0.365             ;
; Authentication:auth_inst|pswd_verification:pw_verify|State.WAIT_4_ID                                                           ; Authentication:auth_inst|pswd_verification:pw_verify|State.PASSED                                                                              ; 0.365             ;
; Authentication:auth_inst|id_verification:id_verify|memoryID[0]                                                                 ; Authentication:auth_inst|id_verification:id_verify|idInternal[0]                                                                               ; 0.347             ;
; GameController:game_inst|pseudoRNG:pseudoRNG1|LFSR[6]                                                                          ; GameController:game_inst|pseudoRNG:pseudoRNG1|LFSR[7]                                                                                          ; 0.340             ;
; Authentication:auth_inst|id_verification:id_verify|memoryID[11]                                                                ; Authentication:auth_inst|id_verification:id_verify|idInternal[0]                                                                               ; 0.339             ;
; Authentication:auth_inst|id_verification:id_verify|memoryID[5]                                                                 ; Authentication:auth_inst|id_verification:id_verify|idInternal[0]                                                                               ; 0.339             ;
; GameController:game_inst|Levels:Levels1|OneSecond_Timer:timer|countTo10:u_10|Count[2]                                          ; GameController:game_inst|Levels:Levels1|OneSecond_Timer:timer|countTo10:u_10|Count[3]                                                          ; 0.337             ;
; GameController:game_inst|Levels:Levels1|state.LEVEL1                                                                           ; GameController:game_inst|Levels:Levels1|score_decrease                                                                                         ; 0.335             ;
; GameController:game_inst|Levels:Levels1|OneSecond_Timer:timer|countTo10:u_10|Count[1]                                          ; GameController:game_inst|Levels:Levels1|OneSecond_Timer:timer|countTo10:u_10|Count[3]                                                          ; 0.335             ;
; GameController:game_inst|State.preGame                                                                                         ; GameController:game_inst|gameLevel[1]                                                                                                          ; 0.333             ;
; Authentication:auth_inst|pswd_verification:pw_verify|State.CMP_PWS                                                             ; Authentication:auth_inst|pswd_verification:pw_verify|loginAttempt[1]                                                                           ; 0.328             ;
; GameController:game_inst|pseudoRNG:pseudoRNG1|LFSR[3]                                                                          ; GameController:game_inst|pseudoRNG:pseudoRNG1|LFSR[4]                                                                                          ; 0.326             ;
; Authentication:auth_inst|pswd_verification:pw_verify|State.PASSED                                                              ; Authentication:auth_inst|pswd_verification:pw_verify|State.PASSED                                                                              ; 0.325             ;
; GameController:game_inst|pseudoRNG:pseudoRNG1|LFSR[1]                                                                          ; GameController:game_inst|pseudoRNG:pseudoRNG1|LFSR[2]                                                                                          ; 0.321             ;
; GameController:game_inst|Levels:Levels1|OneSecond_Timer:timer|countTo10:u_10|countTo100:u_100|One_ms_counter:u_ms|OnemsTimeOut ; GameController:game_inst|Levels:Levels1|OneSecond_Timer:timer|countTo10:u_10|countTo100:u_100|HundredmsTimeout                                 ; 0.320             ;
; GameController:game_inst|pseudoRNG:pseudoRNG1|LFSR[5]                                                                          ; GameController:game_inst|pseudoRNG:pseudoRNG1|LFSR[6]                                                                                          ; 0.319             ;
; Authentication:auth_inst|id_verification:id_verify|memoryID[1]                                                                 ; Authentication:auth_inst|id_verification:id_verify|idInternal[0]                                                                               ; 0.319             ;
; Authentication:auth_inst|pswd_verification:pw_verify|State.LOGOUT_WAIT                                                         ; Authentication:auth_inst|id_verification:id_verify|State.ID_VERIFIED                                                                           ; 0.319             ;
; Authentication:auth_inst|pswd_verification:pw_verify|loginAttempt[1]                                                           ; Authentication:auth_inst|pswd_verification:pw_verify|State.DIGIT1                                                                              ; 0.310             ;
; Authentication:auth_inst|id_verification:id_verify|State.COMPARE_IDS                                                           ; Authentication:auth_inst|id_verification:id_verify|State.ID_DIGIT1                                                                             ; 0.309             ;
; GameController:game_inst|pseudoRNG:pseudoRNG1|LFSR[0]                                                                          ; GameController:game_inst|pseudoRNG:pseudoRNG1|LFSR[1]                                                                                          ; 0.309             ;
; ButtonShaper:bs1|State.PULSE                                                                                                   ; GameController:game_inst|buttonReg[2]                                                                                                          ; 0.307             ;
; GameController:game_inst|Levels:Levels1|OneSecond_Timer:timer|countTo10:u_10|countTo100:u_100|HundredmsTimeout                 ; GameController:game_inst|Levels:Levels1|OneSecond_Timer:timer|countTo10:u_10|OneSecTimeOut                                                     ; 0.306             ;
; GameController:game_inst|pseudoRNG:pseudoRNG1|LFSR[2]                                                                          ; GameController:game_inst|pseudoRNG:pseudoRNG1|LFSR[3]                                                                                          ; 0.305             ;
; GameController:game_inst|Levels:Levels1|OneSecond_Timer:timer|countTo10:u_10|Count[3]                                          ; GameController:game_inst|Levels:Levels1|OneSecond_Timer:timer|countTo10:u_10|Count[2]                                                          ; 0.304             ;
; GameController:game_inst|State.loggedOut                                                                                       ; GameController:game_inst|State.preGame                                                                                                         ; 0.299             ;
; Authentication:auth_inst|id_verification:id_verify|candidateID[0]                                                              ; Authentication:auth_inst|id_verification:id_verify|State.FETCH_ID                                                                              ; 0.298             ;
; Authentication:auth_inst|id_verification:id_verify|candidateID[1]                                                              ; Authentication:auth_inst|id_verification:id_verify|State.FETCH_ID                                                                              ; 0.298             ;
; Authentication:auth_inst|id_verification:id_verify|candidateID[2]                                                              ; Authentication:auth_inst|id_verification:id_verify|State.FETCH_ID                                                                              ; 0.298             ;
; Authentication:auth_inst|id_verification:id_verify|memoryID[2]                                                                 ; Authentication:auth_inst|id_verification:id_verify|State.FETCH_ID                                                                              ; 0.298             ;
; GameController:game_inst|ScoreCounter:ScoreCounter1|Score[2]                                                                   ; GameController:game_inst|ScoreCounter:ScoreCounter1|Score[2]                                                                                   ; 0.297             ;
; DisplayController:display_inst|flashCounter[25]                                                                                ; DisplayController:display_inst|displayState.FLASH                                                                                              ; 0.292             ;
; GameController:game_inst|pseudoRNG:pseudoRNG1|LFSR[7]                                                                          ; GameController:game_inst|pseudoRNG:pseudoRNG1|LFSR[2]                                                                                          ; 0.291             ;
; GameController:game_inst|Levels:Levels1|obj_type_out[1]                                                                        ; GameController:game_inst|displayBus3[4]                                                                                                        ; 0.291             ;
; GameController:game_inst|Levels:Levels1|obj_type_out[0]                                                                        ; GameController:game_inst|displayBus2[4]                                                                                                        ; 0.288             ;
; ButtonShaper:bs0|State.INIT                                                                                                    ; ButtonShaper:bs0|State.PULSE                                                                                                                   ; 0.286             ;
; GameController:game_inst|gameState[1]                                                                                          ; DisplayController:display_inst|displayState.IDLE                                                                                               ; 0.277             ;
; Authentication:auth_inst|pswd_verification:pw_verify|State.DIGIT2                                                              ; Authentication:auth_inst|pswd_verification:pw_verify|State.DIGIT3                                                                              ; 0.275             ;
; Authentication:auth_inst|id_verification:id_verify|State.WAIT1                                                                 ; Authentication:auth_inst|id_verification:id_verify|State.WAIT2                                                                                 ; 0.274             ;
; Authentication:auth_inst|pswd_verification:pw_verify|State.DIGIT4                                                              ; Authentication:auth_inst|pswd_verification:pw_verify|State.DIGIT5                                                                              ; 0.274             ;
; ButtonShaper:bs1|State.INIT                                                                                                    ; ButtonShaper:bs1|State.PULSE                                                                                                                   ; 0.274             ;
; ButtonShaper:bs3|State.PULSE                                                                                                   ; ButtonShaper:bs3|State.INIT                                                                                                                    ; 0.274             ;
; GameController:game_inst|Levels:Levels1|OneSecond_Timer:timer|countTo10:u_10|countTo100:u_100|One_ms_counter:u_ms|Count[8]     ; GameController:game_inst|Levels:Levels1|OneSecond_Timer:timer|countTo10:u_10|countTo100:u_100|One_ms_counter:u_ms|OnemsTimeOut                 ; 0.273             ;
; GameController:game_inst|Levels:Levels1|OneSecond_Timer:timer|countTo10:u_10|countTo100:u_100|One_ms_counter:u_ms|Count[9]     ; GameController:game_inst|Levels:Levels1|OneSecond_Timer:timer|countTo10:u_10|countTo100:u_100|One_ms_counter:u_ms|OnemsTimeOut                 ; 0.273             ;
; GameController:game_inst|Levels:Levels1|OneSecond_Timer:timer|countTo10:u_10|countTo100:u_100|One_ms_counter:u_ms|Count[7]     ; GameController:game_inst|Levels:Levels1|OneSecond_Timer:timer|countTo10:u_10|countTo100:u_100|One_ms_counter:u_ms|OnemsTimeOut                 ; 0.273             ;
; GameController:game_inst|Levels:Levels1|OneSecond_Timer:timer|countTo10:u_10|countTo100:u_100|One_ms_counter:u_ms|Count[6]     ; GameController:game_inst|Levels:Levels1|OneSecond_Timer:timer|countTo10:u_10|countTo100:u_100|One_ms_counter:u_ms|OnemsTimeOut                 ; 0.273             ;
; GameController:game_inst|Levels:Levels1|OneSecond_Timer:timer|countTo10:u_10|countTo100:u_100|One_ms_counter:u_ms|Count[5]     ; GameController:game_inst|Levels:Levels1|OneSecond_Timer:timer|countTo10:u_10|countTo100:u_100|One_ms_counter:u_ms|OnemsTimeOut                 ; 0.273             ;
; GameController:game_inst|Levels:Levels1|OneSecond_Timer:timer|countTo10:u_10|countTo100:u_100|One_ms_counter:u_ms|Count[4]     ; GameController:game_inst|Levels:Levels1|OneSecond_Timer:timer|countTo10:u_10|countTo100:u_100|One_ms_counter:u_ms|OnemsTimeOut                 ; 0.273             ;
; ButtonShaper:bs2|State.PULSE                                                                                                   ; ButtonShaper:bs2|State.INIT                                                                                                                    ; 0.272             ;
; Authentication:auth_inst|id_verification:id_verify|State.ID_VERIFIED                                                           ; Authentication:auth_inst|id_verification:id_verify|idVerified                                                                                  ; 0.269             ;
; ButtonShaper:bs2|State.INIT                                                                                                    ; ButtonShaper:bs2|State.PULSE                                                                                                                   ; 0.267             ;
; ButtonShaper:bs3|State.INIT                                                                                                    ; ButtonShaper:bs3|State.PULSE                                                                                                                   ; 0.267             ;
; GameController:game_inst|Levels:Levels1|objType_r[3]                                                                           ; GameController:game_inst|Levels:Levels1|obj_type_out[3]                                                                                        ; 0.264             ;
; Authentication:auth_inst|pswd_verification:pw_verify|State.CATCH_PW                                                            ; Authentication:auth_inst|pswd_verification:pw_verify|State.CMP_PWS                                                                             ; 0.261             ;
; Authentication:auth_inst|id_verification:id_verify|State.ID_DIGIT3                                                             ; Authentication:auth_inst|id_verification:id_verify|State.ID_DIGIT4                                                                             ; 0.259             ;
; Authentication:auth_inst|pswd_verification:pw_verify|State.DIGIT3                                                              ; Authentication:auth_inst|pswd_verification:pw_verify|State.DIGIT4                                                                              ; 0.257             ;
; GameController:game_inst|Levels:Levels1|obj_type_out[2]                                                                        ; GameController:game_inst|displayBus4[4]                                                                                                        ; 0.256             ;
; Authentication:auth_inst|id_verification:id_verify|State.ID_DIGIT2                                                             ; Authentication:auth_inst|id_verification:id_verify|State.ID_DIGIT3                                                                             ; 0.256             ;
; Authentication:auth_inst|id_verification:id_verify|State.WAIT2                                                                 ; Authentication:auth_inst|id_verification:id_verify|State.CATCH_ID                                                                              ; 0.256             ;
; Authentication:auth_inst|pswd_verification:pw_verify|State.DIGIT5                                                              ; Authentication:auth_inst|pswd_verification:pw_verify|State.DIGIT6                                                                              ; 0.256             ;
; ButtonShaper:bs0|State.PULSE                                                                                                   ; Authentication:auth_inst|pswd_verification:pw_verify|State.FETCH_PW                                                                            ; 0.256             ;
; Authentication:auth_inst|pswd_verification:pw_verify|State.DIGIT6                                                              ; Authentication:auth_inst|pswd_verification:pw_verify|State.FETCH_PW                                                                            ; 0.251             ;
; GameController:game_inst|Levels:Levels1|objLoc_r[3]                                                                            ; GameController:game_inst|Levels:Levels1|obj_location[3]                                                                                        ; 0.247             ;
; DisplayController:display_inst|flashCounter[24]                                                                                ; DisplayController:display_inst|displayState.FLASH                                                                                              ; 0.247             ;
; DisplayController:display_inst|flashCounter[23]                                                                                ; DisplayController:display_inst|displayState.FLASH                                                                                              ; 0.247             ;
; DisplayController:display_inst|flashCounter[22]                                                                                ; DisplayController:display_inst|displayState.FLASH                                                                                              ; 0.247             ;
; DisplayController:display_inst|flashCounter[21]                                                                                ; DisplayController:display_inst|displayState.FLASH                                                                                              ; 0.247             ;
; GameController:game_inst|Levels:Levels1|OneSecond_Timer:timer|countTo10:u_10|Count[0]                                          ; GameController:game_inst|Levels:Levels1|OneSecond_Timer:timer|countTo10:u_10|Count[2]                                                          ; 0.240             ;
; Authentication:auth_inst|id_verification:id_verify|idAddr[0]                                                                   ; Authentication:auth_inst|PLAYER_ID_ROM:pid_ROM|altsyncram:altsyncram_component|altsyncram_j5g1:auto_generated|ram_block1a13~porta_address_reg0 ; 0.237             ;
; Authentication:auth_inst|id_verification:id_verify|idAddr[1]                                                                   ; Authentication:auth_inst|PLAYER_ID_ROM:pid_ROM|altsyncram:altsyncram_component|altsyncram_j5g1:auto_generated|ram_block1a13~porta_address_reg0 ; 0.237             ;
; Authentication:auth_inst|id_verification:id_verify|candidateID[9]                                                              ; Authentication:auth_inst|id_verification:id_verify|State.FETCH_ID                                                                              ; 0.233             ;
; Authentication:auth_inst|id_verification:id_verify|candidateID[10]                                                             ; Authentication:auth_inst|id_verification:id_verify|State.FETCH_ID                                                                              ; 0.233             ;
; Authentication:auth_inst|id_verification:id_verify|candidateID[11]                                                             ; Authentication:auth_inst|id_verification:id_verify|State.FETCH_ID                                                                              ; 0.233             ;
; Authentication:auth_inst|id_verification:id_verify|memoryID[10]                                                                ; Authentication:auth_inst|id_verification:id_verify|State.FETCH_ID                                                                              ; 0.233             ;
; Authentication:auth_inst|id_verification:id_verify|memoryID[9]                                                                 ; Authentication:auth_inst|id_verification:id_verify|State.FETCH_ID                                                                              ; 0.233             ;
; Authentication:auth_inst|id_verification:id_verify|candidateID[6]                                                              ; Authentication:auth_inst|id_verification:id_verify|State.FETCH_ID                                                                              ; 0.220             ;
; Authentication:auth_inst|id_verification:id_verify|candidateID[7]                                                              ; Authentication:auth_inst|id_verification:id_verify|State.FETCH_ID                                                                              ; 0.220             ;
; Authentication:auth_inst|id_verification:id_verify|memoryID[7]                                                                 ; Authentication:auth_inst|id_verification:id_verify|State.FETCH_ID                                                                              ; 0.220             ;
; Authentication:auth_inst|id_verification:id_verify|candidateID[8]                                                              ; Authentication:auth_inst|id_verification:id_verify|State.FETCH_ID                                                                              ; 0.220             ;
; Authentication:auth_inst|id_verification:id_verify|memoryID[6]                                                                 ; Authentication:auth_inst|id_verification:id_verify|State.FETCH_ID                                                                              ; 0.220             ;
; GameController:game_inst|ScoreCounter:ScoreCounter1|Score[5]                                                                   ; GameController:game_inst|ScoreCounter:ScoreCounter1|Score[3]                                                                                   ; 0.216             ;
; Authentication:auth_inst|pswd_verification:pw_verify|addr_to_mem[2]                                                            ; Authentication:auth_inst|ROM_PSWD:pswd_ROM|altsyncram:altsyncram_component|altsyncram_nlf1:auto_generated|ram_block1a5~porta_address_reg0      ; 0.209             ;
; Authentication:auth_inst|id_verification:id_verify|memoryID[12]                                                                ; Authentication:auth_inst|id_verification:id_verify|idInternal[0]                                                                               ; 0.202             ;
; GameController:game_inst|Levels:Levels1|OneSecond_Timer:timer|countTo10:u_10|countTo100:u_100|One_ms_counter:u_ms|Count[15]    ; GameController:game_inst|Levels:Levels1|OneSecond_Timer:timer|countTo10:u_10|countTo100:u_100|One_ms_counter:u_ms|OnemsTimeOut                 ; 0.201             ;
+--------------------------------------------------------------------------------------------------------------------------------+------------------------------------------------------------------------------------------------------------------------------------------------+-------------------+
Note: This table only shows the top 100 path(s) that have the largest delay added for hold.


+-----------------+
; Fitter Messages ;
+-----------------+
Warning (18236): Number of processors has not been specified which may cause overloading on shared machines.  Set the global assignment NUM_PARALLEL_PROCESSORS in your QSF to an appropriate value for best performance.
Info (20030): Parallel compilation is enabled and will use 4 of the 4 processors detected
Info (119006): Selected device 5CEBA4F23C7 for design "WhackAMole"
Info (21077): Low junction temperature is 0 degrees C
Info (21077): High junction temperature is 85 degrees C
Info (171003): Fitter is performing an Auto Fit compilation, which may decrease Fitter effort to reduce compilation time
Warning (292013): Feature LogicLock is only available with a valid subscription license. You can purchase a software subscription to gain full access to this feature.
Critical Warning (11114): Active serial configuration mode is selected with the INIT_DONE pin disabled. Depending on the configuration setup and board design, the INIT_DONE pin may need to be enabled in the design. For more information, refer to the Intel FPGA Knowledge Database solution number rd05092012_239
Warning (15714): Some pins have incomplete I/O assignments. Refer to the I/O Assignment Warnings report for details
Info (176045): Design uses memory blocks. Violating setup or hold times of memory block address registers for either read or write operations could cause memory contents to be corrupted. Make sure that all memory block address registers meet the setup and hold time requirements.
Info (184020): Starting Fitter periphery placement operations
Info (11191): Automatically promoted 1 clock (1 global)
    Info (11162): clk~inputCLKENA0 with 294 fanout uses global clock CLKCTRL_G6
Info (184021): Fitter periphery placement operations ending: elapsed time is 00:00:00
Info (176233): Starting register packing
Warning (335093): The Timing Analyzer is analyzing 2 combinational loops as latches. For more details, run the Check Timing command in the Timing Analyzer or view the "User-Specified and Inferred Latches" table in the Analysis & Synthesis report.
Critical Warning (332012): Synopsys Design Constraints File file not found: 'WhackAMole.sdc'. A Synopsys Design Constraints File is required by the Timing Analyzer to get proper timing constraints. Without it, the Compiler will not properly optimize the design.
Info (332144): No user constrained base clocks found in the design
Info (332143): No user constrained clock uncertainty found in the design. Calling "derive_clock_uncertainty"
Info (332123): Deriving Clock Uncertainty. Please refer to report_sdc in the Timing Analyzer to see clock uncertainties.
Info (332130): Timing requirements not specified -- quality metrics such as performance may be sacrificed to reduce compilation time.
Info (176235): Finished register packing
    Extra Info (176219): No registers were packed into other blocks
Info (11798): Fitter preparation operations ending: elapsed time is 00:00:04
Info (170189): Fitter placement preparation operations beginning
Info (14951): The Fitter is using Advanced Physical Optimization.
Info (170190): Fitter placement preparation operations ending: elapsed time is 00:00:02
Info (170191): Fitter placement operations beginning
Info (170137): Fitter placement was successful
Info (170192): Fitter placement operations ending: elapsed time is 00:00:01
Info (170193): Fitter routing operations beginning
Info (170195): Router estimated average interconnect usage is 0% of the available device resources
    Info (170196): Router estimated peak interconnect usage is 8% of the available device resources in the region that extends from location X33_Y0 to location X43_Y10
Info (170199): The Fitter performed an Auto Fit compilation.  Optimizations were skipped to reduce compilation time.
    Info (170201): Optimizations that may affect the design's routability were skipped
Info (170194): Fitter routing operations ending: elapsed time is 00:00:02
Info (11888): Total time spent on timing analysis during the Fitter is 0.86 seconds.
Info (334003): Started post-fitting delay annotation
Info (334004): Delay annotation completed successfully
Info (334003): Started post-fitting delay annotation
Info (334004): Delay annotation completed successfully
Info (11801): Fitter post-fit operations ending: elapsed time is 00:00:04
Info (144001): Generated suppressed messages file C:/ADD/AdvancedDigitalDesignFinal/syn/output_files/WhackAMole.fit.smsg
Info: Quartus Prime Fitter was successful. 0 errors, 6 warnings
    Info: Peak virtual memory: 6330 megabytes
    Info: Processing ended: Mon May 11 13:50:21 2026
    Info: Elapsed time: 00:00:24
    Info: Total CPU time (on all processors): 00:00:49


+----------------------------+
; Fitter Suppressed Messages ;
+----------------------------+
The suppressed messages can be found in C:/ADD/AdvancedDigitalDesignFinal/syn/output_files/WhackAMole.fit.smsg.


