Analysis & Synthesis report for WhackAMole
Mon May 11 17:45:13 2026
Quartus Prime Version 20.1.1 Build 720 11/11/2020 SJ Lite Edition


---------------------
; Table of Contents ;
---------------------
  1. Legal Notice
  2. Analysis & Synthesis Summary
  3. Analysis & Synthesis Settings
  4. Parallel Compilation
  5. Analysis & Synthesis Source Files Read
  6. Analysis & Synthesis Resource Usage Summary
  7. Analysis & Synthesis Resource Utilization by Entity
  8. Analysis & Synthesis RAM Summary
  9. Analysis & Synthesis IP Cores Summary
 10. State Machine - |WhackAMole|DisplayController:display_inst|displayState
 11. State Machine - |WhackAMole|GameController:game_inst|State
 12. State Machine - |WhackAMole|GameController:game_inst|ScoreTracker:ScoreTracker1|State
 13. State Machine - |WhackAMole|GameController:game_inst|Levels:Levels1|state
 14. State Machine - |WhackAMole|Authentication:auth_inst|pswd_verification:pw_verify|State
 15. State Machine - |WhackAMole|Authentication:auth_inst|id_verification:id_verify|State
 16. State Machine - |WhackAMole|ButtonShaper:bs3|State
 17. State Machine - |WhackAMole|ButtonShaper:bs2|State
 18. State Machine - |WhackAMole|ButtonShaper:bs1|State
 19. State Machine - |WhackAMole|ButtonShaper:bs0|State
 20. User-Specified and Inferred Latches
 21. Registers Removed During Synthesis
 22. Removed Registers Triggering Further Register Optimizations
 23. General Register Statistics
 24. Inverted Register Statistics
 25. Multiplexer Restructuring Statistics (Restructuring Performed)
 26. Source assignments for Authentication:auth_inst|PLAYER_ID_ROM:pid_ROM|altsyncram:altsyncram_component|altsyncram_j5g1:auto_generated
 27. Source assignments for Authentication:auth_inst|RAM_PSWD:pswd_RAM|altsyncram:altsyncram_component|altsyncram_lkl1:auto_generated
 28. Source assignments for Authentication:auth_inst|ROM_PSWD:pswd_ROM|altsyncram:altsyncram_component|altsyncram_nlf1:auto_generated
 29. Source assignments for GameController:game_inst|ScoreTracker:ScoreTracker1|RAM_Score:ScoreRAM|altsyncram:altsyncram_component|altsyncram_evn1:auto_generated
 30. Parameter Settings for User Entity Instance: ButtonShaper:bs0
 31. Parameter Settings for User Entity Instance: ButtonShaper:bs1
 32. Parameter Settings for User Entity Instance: ButtonShaper:bs2
 33. Parameter Settings for User Entity Instance: ButtonShaper:bs3
 34. Parameter Settings for User Entity Instance: Authentication:auth_inst|id_verification:id_verify
 35. Parameter Settings for User Entity Instance: Authentication:auth_inst|pswd_verification:pw_verify
 36. Parameter Settings for User Entity Instance: Authentication:auth_inst|PLAYER_ID_ROM:pid_ROM|altsyncram:altsyncram_component
 37. Parameter Settings for User Entity Instance: Authentication:auth_inst|RAM_PSWD:pswd_RAM|altsyncram:altsyncram_component
 38. Parameter Settings for User Entity Instance: Authentication:auth_inst|ROM_PSWD:pswd_ROM|altsyncram:altsyncram_component
 39. Parameter Settings for User Entity Instance: GameController:game_inst
 40. Parameter Settings for User Entity Instance: GameController:game_inst|Levels:Levels1
 41. Parameter Settings for User Entity Instance: GameController:game_inst|ScoreTracker:ScoreTracker1
 42. Parameter Settings for User Entity Instance: GameController:game_inst|ScoreTracker:ScoreTracker1|RAM_Score:ScoreRAM|altsyncram:altsyncram_component
 43. Parameter Settings for User Entity Instance: DisplayController:display_inst
 44. Parameter Settings for Inferred Entity Instance: DisplayController:display_inst|ScoreDisplay:scoreDisplay|lpm_divide:Div0
 45. Parameter Settings for Inferred Entity Instance: DisplayController:display_inst|ScoreDisplay:scoreDisplay|lpm_divide:Mod0
 46. Parameter Settings for Inferred Entity Instance: DisplayController:display_inst|lpm_divide:Div0
 47. Parameter Settings for Inferred Entity Instance: DisplayController:display_inst|ScoreDisplay:scoreDisplay|lpm_divide:Mod1
 48. Parameter Settings for Inferred Entity Instance: DisplayController:display_inst|ScoreDisplay:bestDisplay|lpm_divide:Div0
 49. Parameter Settings for Inferred Entity Instance: DisplayController:display_inst|ScoreDisplay:bestDisplay|lpm_divide:Mod0
 50. Parameter Settings for Inferred Entity Instance: DisplayController:display_inst|ScoreDisplay:bestDisplay|lpm_divide:Mod1
 51. altsyncram Parameter Settings by Entity Instance
 52. Port Connectivity Checks: "DisplayController:display_inst|LetterDecoder:playY_dec"
 53. Port Connectivity Checks: "DisplayController:display_inst|LetterDecoder:playA_dec"
 54. Port Connectivity Checks: "DisplayController:display_inst|LetterDecoder:playL_dec"
 55. Port Connectivity Checks: "DisplayController:display_inst|LetterDecoder:playP_dec"
 56. Port Connectivity Checks: "DisplayController:display_inst|DisplayManager:dm|LetterDecoder:LD5"
 57. Port Connectivity Checks: "DisplayController:display_inst|DisplayManager:dm|LetterDecoder:LD4"
 58. Port Connectivity Checks: "DisplayController:display_inst|DisplayManager:dm|LetterDecoder:LD3"
 59. Port Connectivity Checks: "DisplayController:display_inst|DisplayManager:dm|LetterDecoder:LD2"
 60. Port Connectivity Checks: "GameController:game_inst|ScoreTracker:ScoreTracker1"
 61. Port Connectivity Checks: "GameController:game_inst"
 62. Port Connectivity Checks: "digitTimer:tens_timer"
 63. Port Connectivity Checks: "OneSecTimer:timer_tick|countTo10:CountTo10_1"
 64. Port Connectivity Checks: "Authentication:auth_inst"
 65. Post-Synthesis Netlist Statistics for Top Partition
 66. Elapsed Time Per Partition
 67. Analysis & Synthesis Messages
 68. Analysis & Synthesis Suppressed Messages



----------------
; Legal Notice ;
----------------
Copyright (C) 2020  Intel Corporation. All rights reserved.
Your use of Intel Corporation's design tools, logic functions 
and other software and tools, and any partner logic 
functions, and any output files from any of the foregoing 
(including device programming or simulation files), and any 
associated documentation or information are expressly subject 
to the terms and conditions of the Intel Program License 
Subscription Agreement, the Intel Quartus Prime License Agreement,
the Intel FPGA IP License Agreement, or other applicable license
agreement, including, without limitation, that your use is for
the sole purpose of programming logic devices manufactured by
Intel and sold by Intel or its authorized distributors.  Please
refer to the applicable agreement for further details, at
https://fpgasoftware.intel.com/eula.



+-------------------------------------------------------------------------------+
; Analysis & Synthesis Summary                                                  ;
+---------------------------------+---------------------------------------------+
; Analysis & Synthesis Status     ; Successful - Mon May 11 17:45:13 2026       ;
; Quartus Prime Version           ; 20.1.1 Build 720 11/11/2020 SJ Lite Edition ;
; Revision Name                   ; WhackAMole                                  ;
; Top-level Entity Name           ; WhackAMole                                  ;
; Family                          ; Cyclone V                                   ;
; Logic utilization (in ALMs)     ; N/A                                         ;
; Total registers                 ; 257                                         ;
; Total pins                      ; 54                                          ;
; Total virtual pins              ; 0                                           ;
; Total block memory bits         ; 320                                         ;
; Total DSP Blocks                ; 0                                           ;
; Total HSSI RX PCSs              ; 0                                           ;
; Total HSSI PMA RX Deserializers ; 0                                           ;
; Total HSSI TX PCSs              ; 0                                           ;
; Total HSSI PMA TX Serializers   ; 0                                           ;
; Total PLLs                      ; 0                                           ;
; Total DLLs                      ; 0                                           ;
+---------------------------------+---------------------------------------------+


+---------------------------------------------------------------------------------------------------------------------------+
; Analysis & Synthesis Settings                                                                                             ;
+---------------------------------------------------------------------------------+--------------------+--------------------+
; Option                                                                          ; Setting            ; Default Value      ;
+---------------------------------------------------------------------------------+--------------------+--------------------+
; Device                                                                          ; 5CEBA4F23C7        ;                    ;
; Top-level entity name                                                           ; WhackAMole         ; WhackAMole         ;
; Family name                                                                     ; Cyclone V          ; Cyclone V          ;
; Use smart compilation                                                           ; Off                ; Off                ;
; Enable parallel Assembler and Timing Analyzer during compilation                ; On                 ; On                 ;
; Enable compact report table                                                     ; Off                ; Off                ;
; Restructure Multiplexers                                                        ; Auto               ; Auto               ;
; MLAB Add Timing Constraints For Mixed-Port Feed-Through Mode Setting Don't Care ; Off                ; Off                ;
; Create Debugging Nodes for IP Cores                                             ; Off                ; Off                ;
; Preserve fewer node names                                                       ; On                 ; On                 ;
; Intel FPGA IP Evaluation Mode                                                   ; Enable             ; Enable             ;
; Verilog Version                                                                 ; Verilog_2001       ; Verilog_2001       ;
; VHDL Version                                                                    ; VHDL_1993          ; VHDL_1993          ;
; State Machine Processing                                                        ; Auto               ; Auto               ;
; Safe State Machine                                                              ; Off                ; Off                ;
; Extract Verilog State Machines                                                  ; On                 ; On                 ;
; Extract VHDL State Machines                                                     ; On                 ; On                 ;
; Ignore Verilog initial constructs                                               ; Off                ; Off                ;
; Iteration limit for constant Verilog loops                                      ; 5000               ; 5000               ;
; Iteration limit for non-constant Verilog loops                                  ; 250                ; 250                ;
; Add Pass-Through Logic to Inferred RAMs                                         ; On                 ; On                 ;
; Infer RAMs from Raw Logic                                                       ; On                 ; On                 ;
; Parallel Synthesis                                                              ; On                 ; On                 ;
; DSP Block Balancing                                                             ; Auto               ; Auto               ;
; NOT Gate Push-Back                                                              ; On                 ; On                 ;
; Power-Up Don't Care                                                             ; On                 ; On                 ;
; Remove Redundant Logic Cells                                                    ; Off                ; Off                ;
; Remove Duplicate Registers                                                      ; On                 ; On                 ;
; Ignore CARRY Buffers                                                            ; Off                ; Off                ;
; Ignore CASCADE Buffers                                                          ; Off                ; Off                ;
; Ignore GLOBAL Buffers                                                           ; Off                ; Off                ;
; Ignore ROW GLOBAL Buffers                                                       ; Off                ; Off                ;
; Ignore LCELL Buffers                                                            ; Off                ; Off                ;
; Ignore SOFT Buffers                                                             ; On                 ; On                 ;
; Limit AHDL Integers to 32 Bits                                                  ; Off                ; Off                ;
; Optimization Technique                                                          ; Balanced           ; Balanced           ;
; Carry Chain Length                                                              ; 70                 ; 70                 ;
; Auto Carry Chains                                                               ; On                 ; On                 ;
; Auto Open-Drain Pins                                                            ; On                 ; On                 ;
; Perform WYSIWYG Primitive Resynthesis                                           ; Off                ; Off                ;
; Auto ROM Replacement                                                            ; On                 ; On                 ;
; Auto RAM Replacement                                                            ; On                 ; On                 ;
; Auto DSP Block Replacement                                                      ; On                 ; On                 ;
; Auto Shift Register Replacement                                                 ; Auto               ; Auto               ;
; Allow Shift Register Merging across Hierarchies                                 ; Auto               ; Auto               ;
; Auto Clock Enable Replacement                                                   ; On                 ; On                 ;
; Strict RAM Replacement                                                          ; Off                ; Off                ;
; Allow Synchronous Control Signals                                               ; On                 ; On                 ;
; Force Use of Synchronous Clear Signals                                          ; Off                ; Off                ;
; Auto Resource Sharing                                                           ; Off                ; Off                ;
; Allow Any RAM Size For Recognition                                              ; Off                ; Off                ;
; Allow Any ROM Size For Recognition                                              ; Off                ; Off                ;
; Allow Any Shift Register Size For Recognition                                   ; Off                ; Off                ;
; Use LogicLock Constraints during Resource Balancing                             ; On                 ; On                 ;
; Ignore translate_off and synthesis_off directives                               ; Off                ; Off                ;
; Timing-Driven Synthesis                                                         ; On                 ; On                 ;
; Report Parameter Settings                                                       ; On                 ; On                 ;
; Report Source Assignments                                                       ; On                 ; On                 ;
; Report Connectivity Checks                                                      ; On                 ; On                 ;
; Ignore Maximum Fan-Out Assignments                                              ; Off                ; Off                ;
; Synchronization Register Chain Length                                           ; 3                  ; 3                  ;
; Power Optimization During Synthesis                                             ; Normal compilation ; Normal compilation ;
; HDL message level                                                               ; Level2             ; Level2             ;
; Suppress Register Optimization Related Messages                                 ; Off                ; Off                ;
; Number of Removed Registers Reported in Synthesis Report                        ; 5000               ; 5000               ;
; Number of Swept Nodes Reported in Synthesis Report                              ; 5000               ; 5000               ;
; Number of Inverted Registers Reported in Synthesis Report                       ; 100                ; 100                ;
; Clock MUX Protection                                                            ; On                 ; On                 ;
; Auto Gated Clock Conversion                                                     ; Off                ; Off                ;
; Block Design Naming                                                             ; Auto               ; Auto               ;
; SDC constraint protection                                                       ; Off                ; Off                ;
; Synthesis Effort                                                                ; Auto               ; Auto               ;
; Shift Register Replacement - Allow Asynchronous Clear Signal                    ; On                 ; On                 ;
; Pre-Mapping Resynthesis Optimization                                            ; Off                ; Off                ;
; Analysis & Synthesis Message Level                                              ; Medium             ; Medium             ;
; Disable Register Merging Across Hierarchies                                     ; Auto               ; Auto               ;
; Resource Aware Inference For Block RAM                                          ; On                 ; On                 ;
; Automatic Parallel Synthesis                                                    ; On                 ; On                 ;
; Partial Reconfiguration Bitstream ID                                            ; Off                ; Off                ;
+---------------------------------------------------------------------------------+--------------------+--------------------+


+------------------------------------------+
; Parallel Compilation                     ;
+----------------------------+-------------+
; Processors                 ; Number      ;
+----------------------------+-------------+
; Number detected on machine ; 8           ;
; Maximum allowed            ; 4           ;
;                            ;             ;
; Average used               ; 1.00        ;
; Maximum used               ; 4           ;
;                            ;             ;
; Usage by Processor         ; % Time Used ;
;     Processor 1            ; 100.0%      ;
;     Processor 2            ;   0.0%      ;
;     Processor 3            ;   0.0%      ;
;     Processor 4            ;   0.0%      ;
+----------------------------+-------------+


+-------------------------------------------------------------------------------------------------------------------------------------------------------------------------------------+
; Analysis & Synthesis Source Files Read                                                                                                                                              ;
+----------------------------------+-----------------+---------------------------------------+------------------------------------------------------------------------------+---------+
; File Name with User-Entered Path ; Used in Netlist ; File Type                             ; File Name with Absolute Path                                                 ; Library ;
+----------------------------------+-----------------+---------------------------------------+------------------------------------------------------------------------------+---------+
; ../src/One_ms_counter.v          ; yes             ; User Verilog HDL File                 ; C:/ADD/AdvancedDigitalDesignFinal/src/One_ms_counter.v                       ;         ;
; ../src/ButtonShaper.v            ; yes             ; User Verilog HDL File                 ; C:/ADD/AdvancedDigitalDesignFinal/src/ButtonShaper.v                         ;         ;
; ../src/WhackAMole.v              ; yes             ; User Verilog HDL File                 ; C:/ADD/AdvancedDigitalDesignFinal/src/WhackAMole.v                           ;         ;
; ../src/ScoreTracker.v            ; yes             ; User Verilog HDL File                 ; C:/ADD/AdvancedDigitalDesignFinal/src/ScoreTracker.v                         ;         ;
; ../src/ScoreDisplay.v            ; yes             ; User Verilog HDL File                 ; C:/ADD/AdvancedDigitalDesignFinal/src/ScoreDisplay.v                         ;         ;
; ../src/ScoreCounter.v            ; yes             ; User Verilog HDL File                 ; C:/ADD/AdvancedDigitalDesignFinal/src/ScoreCounter.v                         ;         ;
; ../src/ROM_PSWD.v                ; yes             ; User Wizard-Generated File            ; C:/ADD/AdvancedDigitalDesignFinal/src/ROM_PSWD.v                             ;         ;
; ../src/RAM_PSWD.v                ; yes             ; User Wizard-Generated File            ; C:/ADD/AdvancedDigitalDesignFinal/src/RAM_PSWD.v                             ;         ;
; ../src/pswd_verification.v       ; yes             ; User Verilog HDL File                 ; C:/ADD/AdvancedDigitalDesignFinal/src/pswd_verification.v                    ;         ;
; ../src/PseudoRNG.v               ; yes             ; User Verilog HDL File                 ; C:/ADD/AdvancedDigitalDesignFinal/src/PseudoRNG.v                            ;         ;
; ../src/PlayerDisplay.v           ; yes             ; User Verilog HDL File                 ; C:/ADD/AdvancedDigitalDesignFinal/src/PlayerDisplay.v                        ;         ;
; ../src/PLAYER_ID_ROM.v           ; yes             ; User Wizard-Generated File            ; C:/ADD/AdvancedDigitalDesignFinal/src/PLAYER_ID_ROM.v                        ;         ;
; ../src/OneSecTimer.v             ; yes             ; User Verilog HDL File                 ; C:/ADD/AdvancedDigitalDesignFinal/src/OneSecTimer.v                          ;         ;
; ../src/OneSecond_Timer.v         ; yes             ; User Verilog HDL File                 ; C:/ADD/AdvancedDigitalDesignFinal/src/OneSecond_Timer.v                      ;         ;
; ../src/NumberDecoder.v           ; yes             ; User Verilog HDL File                 ; C:/ADD/AdvancedDigitalDesignFinal/src/NumberDecoder.v                        ;         ;
; ../src/Levels.v                  ; yes             ; User Verilog HDL File                 ; C:/ADD/AdvancedDigitalDesignFinal/src/Levels.v                               ;         ;
; ../src/LetterDecoder.v           ; yes             ; User Verilog HDL File                 ; C:/ADD/AdvancedDigitalDesignFinal/src/LetterDecoder.v                        ;         ;
; ../src/id_verification.v         ; yes             ; User Verilog HDL File                 ; C:/ADD/AdvancedDigitalDesignFinal/src/id_verification.v                      ;         ;
; ../src/GameController.v          ; yes             ; User Verilog HDL File                 ; C:/ADD/AdvancedDigitalDesignFinal/src/GameController.v                       ;         ;
; ../src/DisplayManager.v          ; yes             ; User Verilog HDL File                 ; C:/ADD/AdvancedDigitalDesignFinal/src/DisplayManager.v                       ;         ;
; ../src/DisplayController.v       ; yes             ; User Verilog HDL File                 ; C:/ADD/AdvancedDigitalDesignFinal/src/DisplayController.v                    ;         ;
; ../src/digitTimer.v              ; yes             ; User Verilog HDL File                 ; C:/ADD/AdvancedDigitalDesignFinal/src/digitTimer.v                           ;         ;
; ../src/countTo100.v              ; yes             ; User Verilog HDL File                 ; C:/ADD/AdvancedDigitalDesignFinal/src/countTo100.v                           ;         ;
; ../src/countTo10.v               ; yes             ; User Verilog HDL File                 ; C:/ADD/AdvancedDigitalDesignFinal/src/countTo10.v                            ;         ;
; ../src/Authentication.v          ; yes             ; User Verilog HDL File                 ; C:/ADD/AdvancedDigitalDesignFinal/src/Authentication.v                       ;         ;
; RAM_Score.hex                    ; yes             ; User Hexadecimal (Intel-Format) File  ; C:/ADD/AdvancedDigitalDesignFinal/syn/RAM_Score.hex                          ;         ;
; RAM_Score.v                      ; yes             ; User Wizard-Generated File            ; C:/ADD/AdvancedDigitalDesignFinal/syn/RAM_Score.v                            ;         ;
; PLAYER_ID_ROM.hex                ; yes             ; User Hexadecimal (Intel-Format) File  ; C:/ADD/AdvancedDigitalDesignFinal/syn/PLAYER_ID_ROM.hex                      ;         ;
; ROM_PSWD.hex                     ; yes             ; User Hexadecimal (Intel-Format) File  ; C:/ADD/AdvancedDigitalDesignFinal/syn/ROM_PSWD.hex                           ;         ;
; altsyncram.tdf                   ; yes             ; Megafunction                          ; c:/intelfpga_lite/20.1/quartus/libraries/megafunctions/altsyncram.tdf        ;         ;
; stratix_ram_block.inc            ; yes             ; Megafunction                          ; c:/intelfpga_lite/20.1/quartus/libraries/megafunctions/stratix_ram_block.inc ;         ;
; lpm_mux.inc                      ; yes             ; Megafunction                          ; c:/intelfpga_lite/20.1/quartus/libraries/megafunctions/lpm_mux.inc           ;         ;
; lpm_decode.inc                   ; yes             ; Megafunction                          ; c:/intelfpga_lite/20.1/quartus/libraries/megafunctions/lpm_decode.inc        ;         ;
; aglobal201.inc                   ; yes             ; Megafunction                          ; c:/intelfpga_lite/20.1/quartus/libraries/megafunctions/aglobal201.inc        ;         ;
; a_rdenreg.inc                    ; yes             ; Megafunction                          ; c:/intelfpga_lite/20.1/quartus/libraries/megafunctions/a_rdenreg.inc         ;         ;
; altrom.inc                       ; yes             ; Megafunction                          ; c:/intelfpga_lite/20.1/quartus/libraries/megafunctions/altrom.inc            ;         ;
; altram.inc                       ; yes             ; Megafunction                          ; c:/intelfpga_lite/20.1/quartus/libraries/megafunctions/altram.inc            ;         ;
; altdpram.inc                     ; yes             ; Megafunction                          ; c:/intelfpga_lite/20.1/quartus/libraries/megafunctions/altdpram.inc          ;         ;
; db/altsyncram_j5g1.tdf           ; yes             ; Auto-Generated Megafunction           ; C:/ADD/AdvancedDigitalDesignFinal/syn/db/altsyncram_j5g1.tdf                 ;         ;
; db/altsyncram_lkl1.tdf           ; yes             ; Auto-Generated Megafunction           ; C:/ADD/AdvancedDigitalDesignFinal/syn/db/altsyncram_lkl1.tdf                 ;         ;
; db/altsyncram_nlf1.tdf           ; yes             ; Auto-Generated Megafunction           ; C:/ADD/AdvancedDigitalDesignFinal/syn/db/altsyncram_nlf1.tdf                 ;         ;
; db/altsyncram_evn1.tdf           ; yes             ; Auto-Generated Megafunction           ; C:/ADD/AdvancedDigitalDesignFinal/syn/db/altsyncram_evn1.tdf                 ;         ;
; lpm_divide.tdf                   ; yes             ; Megafunction                          ; c:/intelfpga_lite/20.1/quartus/libraries/megafunctions/lpm_divide.tdf        ;         ;
; abs_divider.inc                  ; yes             ; Megafunction                          ; c:/intelfpga_lite/20.1/quartus/libraries/megafunctions/abs_divider.inc       ;         ;
; sign_div_unsign.inc              ; yes             ; Megafunction                          ; c:/intelfpga_lite/20.1/quartus/libraries/megafunctions/sign_div_unsign.inc   ;         ;
; db/lpm_divide_4am.tdf            ; yes             ; Auto-Generated Megafunction           ; C:/ADD/AdvancedDigitalDesignFinal/syn/db/lpm_divide_4am.tdf                  ;         ;
; db/sign_div_unsign_akh.tdf       ; yes             ; Auto-Generated Megafunction           ; C:/ADD/AdvancedDigitalDesignFinal/syn/db/sign_div_unsign_akh.tdf             ;         ;
; db/alt_u_div_qse.tdf             ; yes             ; Auto-Generated Megafunction           ; C:/ADD/AdvancedDigitalDesignFinal/syn/db/alt_u_div_qse.tdf                   ;         ;
; db/lpm_divide_72m.tdf            ; yes             ; Auto-Generated Megafunction           ; C:/ADD/AdvancedDigitalDesignFinal/syn/db/lpm_divide_72m.tdf                  ;         ;
; db/lpm_divide_5dm.tdf            ; yes             ; Auto-Generated Megafunction           ; C:/ADD/AdvancedDigitalDesignFinal/syn/db/lpm_divide_5dm.tdf                  ;         ;
; db/sign_div_unsign_bnh.tdf       ; yes             ; Auto-Generated Megafunction           ; C:/ADD/AdvancedDigitalDesignFinal/syn/db/sign_div_unsign_bnh.tdf             ;         ;
; db/alt_u_div_s2f.tdf             ; yes             ; Auto-Generated Megafunction           ; C:/ADD/AdvancedDigitalDesignFinal/syn/db/alt_u_div_s2f.tdf                   ;         ;
+----------------------------------+-----------------+---------------------------------------+------------------------------------------------------------------------------+---------+


+---------------------------------------------------------+
; Analysis & Synthesis Resource Usage Summary             ;
+---------------------------------------------+-----------+
; Resource                                    ; Usage     ;
+---------------------------------------------+-----------+
; Estimate of Logic utilization (ALMs needed) ; 545       ;
;                                             ;           ;
; Combinational ALUT usage for logic          ; 1014      ;
;     -- 7 input functions                    ; 0         ;
;     -- 6 input functions                    ; 65        ;
;     -- 5 input functions                    ; 56        ;
;     -- 4 input functions                    ; 192       ;
;     -- <=3 input functions                  ; 701       ;
;                                             ;           ;
; Dedicated logic registers                   ; 257       ;
;                                             ;           ;
; I/O pins                                    ; 54        ;
; Total MLAB memory bits                      ; 0         ;
; Total block memory bits                     ; 320       ;
;                                             ;           ;
; Total DSP Blocks                            ; 0         ;
;                                             ;           ;
; Maximum fan-out node                        ; clk~input ;
; Maximum fan-out                             ; 297       ;
; Total fan-out                               ; 4212      ;
; Average fan-out                             ; 2.97      ;
+---------------------------------------------+-----------+


+-------------------------------------------------------------------------------------------------------------------------------------------------------------------------------------------------------------------------------------------------------------------------------------------------------------------------------------------------------------------+
; Analysis & Synthesis Resource Utilization by Entity                                                                                                                                                                                                                                                                                                               ;
+----------------------------------------------+---------------------+---------------------------+-------------------+------------+------+--------------+----------------------------------------------------------------------------------------------------------------------------------------------------------------------+---------------------+--------------+
; Compilation Hierarchy Node                   ; Combinational ALUTs ; Dedicated Logic Registers ; Block Memory Bits ; DSP Blocks ; Pins ; Virtual Pins ; Full Hierarchy Name                                                                                                                                                  ; Entity Name         ; Library Name ;
+----------------------------------------------+---------------------+---------------------------+-------------------+------------+------+--------------+----------------------------------------------------------------------------------------------------------------------------------------------------------------------+---------------------+--------------+
; |WhackAMole                                  ; 1014 (0)            ; 257 (0)                   ; 320               ; 0          ; 54   ; 0            ; |WhackAMole                                                                                                                                                          ; WhackAMole          ; work         ;
;    |Authentication:auth_inst|                ; 88 (0)              ; 119 (0)                   ; 320               ; 0          ; 0    ; 0            ; |WhackAMole|Authentication:auth_inst                                                                                                                                 ; Authentication      ; work         ;
;       |PLAYER_ID_ROM:pid_ROM|                ; 0 (0)               ; 0 (0)                     ; 128               ; 0          ; 0    ; 0            ; |WhackAMole|Authentication:auth_inst|PLAYER_ID_ROM:pid_ROM                                                                                                           ; PLAYER_ID_ROM       ; work         ;
;          |altsyncram:altsyncram_component|   ; 0 (0)               ; 0 (0)                     ; 128               ; 0          ; 0    ; 0            ; |WhackAMole|Authentication:auth_inst|PLAYER_ID_ROM:pid_ROM|altsyncram:altsyncram_component                                                                           ; altsyncram          ; work         ;
;             |altsyncram_j5g1:auto_generated| ; 0 (0)               ; 0 (0)                     ; 128               ; 0          ; 0    ; 0            ; |WhackAMole|Authentication:auth_inst|PLAYER_ID_ROM:pid_ROM|altsyncram:altsyncram_component|altsyncram_j5g1:auto_generated                                            ; altsyncram_j5g1     ; work         ;
;       |ROM_PSWD:pswd_ROM|                    ; 0 (0)               ; 0 (0)                     ; 192               ; 0          ; 0    ; 0            ; |WhackAMole|Authentication:auth_inst|ROM_PSWD:pswd_ROM                                                                                                               ; ROM_PSWD            ; work         ;
;          |altsyncram:altsyncram_component|   ; 0 (0)               ; 0 (0)                     ; 192               ; 0          ; 0    ; 0            ; |WhackAMole|Authentication:auth_inst|ROM_PSWD:pswd_ROM|altsyncram:altsyncram_component                                                                               ; altsyncram          ; work         ;
;             |altsyncram_nlf1:auto_generated| ; 0 (0)               ; 0 (0)                     ; 192               ; 0          ; 0    ; 0            ; |WhackAMole|Authentication:auth_inst|ROM_PSWD:pswd_ROM|altsyncram:altsyncram_component|altsyncram_nlf1:auto_generated                                                ; altsyncram_nlf1     ; work         ;
;       |id_verification:id_verify|            ; 44 (44)             ; 50 (50)                   ; 0                 ; 0          ; 0    ; 0            ; |WhackAMole|Authentication:auth_inst|id_verification:id_verify                                                                                                       ; id_verification     ; work         ;
;       |pswd_verification:pw_verify|          ; 44 (44)             ; 69 (69)                   ; 0                 ; 0          ; 0    ; 0            ; |WhackAMole|Authentication:auth_inst|pswd_verification:pw_verify                                                                                                     ; pswd_verification   ; work         ;
;    |ButtonShaper:bs0|                        ; 2 (2)               ; 2 (2)                     ; 0                 ; 0          ; 0    ; 0            ; |WhackAMole|ButtonShaper:bs0                                                                                                                                         ; ButtonShaper        ; work         ;
;    |ButtonShaper:bs1|                        ; 2 (2)               ; 2 (2)                     ; 0                 ; 0          ; 0    ; 0            ; |WhackAMole|ButtonShaper:bs1                                                                                                                                         ; ButtonShaper        ; work         ;
;    |ButtonShaper:bs2|                        ; 2 (2)               ; 2 (2)                     ; 0                 ; 0          ; 0    ; 0            ; |WhackAMole|ButtonShaper:bs2                                                                                                                                         ; ButtonShaper        ; work         ;
;    |ButtonShaper:bs3|                        ; 2 (2)               ; 2 (2)                     ; 0                 ; 0          ; 0    ; 0            ; |WhackAMole|ButtonShaper:bs3                                                                                                                                         ; ButtonShaper        ; work         ;
;    |DisplayController:display_inst|          ; 769 (78)            ; 38 (38)                   ; 0                 ; 0          ; 0    ; 0            ; |WhackAMole|DisplayController:display_inst                                                                                                                           ; DisplayController   ; work         ;
;       |ScoreDisplay:bestDisplay|             ; 110 (0)             ; 0 (0)                     ; 0                 ; 0          ; 0    ; 0            ; |WhackAMole|DisplayController:display_inst|ScoreDisplay:bestDisplay                                                                                                  ; ScoreDisplay        ; work         ;
;          |NumberDecoder:OnesDecoder|         ; 5 (5)               ; 0 (0)                     ; 0                 ; 0          ; 0    ; 0            ; |WhackAMole|DisplayController:display_inst|ScoreDisplay:bestDisplay|NumberDecoder:OnesDecoder                                                                        ; NumberDecoder       ; work         ;
;          |NumberDecoder:TensDecoder|         ; 6 (6)               ; 0 (0)                     ; 0                 ; 0          ; 0    ; 0            ; |WhackAMole|DisplayController:display_inst|ScoreDisplay:bestDisplay|NumberDecoder:TensDecoder                                                                        ; NumberDecoder       ; work         ;
;          |lpm_divide:Div0|                   ; 34 (0)              ; 0 (0)                     ; 0                 ; 0          ; 0    ; 0            ; |WhackAMole|DisplayController:display_inst|ScoreDisplay:bestDisplay|lpm_divide:Div0                                                                                  ; lpm_divide          ; work         ;
;             |lpm_divide_4am:auto_generated|  ; 34 (0)              ; 0 (0)                     ; 0                 ; 0          ; 0    ; 0            ; |WhackAMole|DisplayController:display_inst|ScoreDisplay:bestDisplay|lpm_divide:Div0|lpm_divide_4am:auto_generated                                                    ; lpm_divide_4am      ; work         ;
;                |sign_div_unsign_akh:divider| ; 34 (0)              ; 0 (0)                     ; 0                 ; 0          ; 0    ; 0            ; |WhackAMole|DisplayController:display_inst|ScoreDisplay:bestDisplay|lpm_divide:Div0|lpm_divide_4am:auto_generated|sign_div_unsign_akh:divider                        ; sign_div_unsign_akh ; work         ;
;                   |alt_u_div_qse:divider|    ; 34 (34)             ; 0 (0)                     ; 0                 ; 0          ; 0    ; 0            ; |WhackAMole|DisplayController:display_inst|ScoreDisplay:bestDisplay|lpm_divide:Div0|lpm_divide_4am:auto_generated|sign_div_unsign_akh:divider|alt_u_div_qse:divider  ; alt_u_div_qse       ; work         ;
;          |lpm_divide:Mod0|                   ; 27 (0)              ; 0 (0)                     ; 0                 ; 0          ; 0    ; 0            ; |WhackAMole|DisplayController:display_inst|ScoreDisplay:bestDisplay|lpm_divide:Mod0                                                                                  ; lpm_divide          ; work         ;
;             |lpm_divide_72m:auto_generated|  ; 27 (0)              ; 0 (0)                     ; 0                 ; 0          ; 0    ; 0            ; |WhackAMole|DisplayController:display_inst|ScoreDisplay:bestDisplay|lpm_divide:Mod0|lpm_divide_72m:auto_generated                                                    ; lpm_divide_72m      ; work         ;
;                |sign_div_unsign_akh:divider| ; 27 (0)              ; 0 (0)                     ; 0                 ; 0          ; 0    ; 0            ; |WhackAMole|DisplayController:display_inst|ScoreDisplay:bestDisplay|lpm_divide:Mod0|lpm_divide_72m:auto_generated|sign_div_unsign_akh:divider                        ; sign_div_unsign_akh ; work         ;
;                   |alt_u_div_qse:divider|    ; 27 (27)             ; 0 (0)                     ; 0                 ; 0          ; 0    ; 0            ; |WhackAMole|DisplayController:display_inst|ScoreDisplay:bestDisplay|lpm_divide:Mod0|lpm_divide_72m:auto_generated|sign_div_unsign_akh:divider|alt_u_div_qse:divider  ; alt_u_div_qse       ; work         ;
;          |lpm_divide:Mod1|                   ; 38 (0)              ; 0 (0)                     ; 0                 ; 0          ; 0    ; 0            ; |WhackAMole|DisplayController:display_inst|ScoreDisplay:bestDisplay|lpm_divide:Mod1                                                                                  ; lpm_divide          ; work         ;
;             |lpm_divide_72m:auto_generated|  ; 38 (0)              ; 0 (0)                     ; 0                 ; 0          ; 0    ; 0            ; |WhackAMole|DisplayController:display_inst|ScoreDisplay:bestDisplay|lpm_divide:Mod1|lpm_divide_72m:auto_generated                                                    ; lpm_divide_72m      ; work         ;
;                |sign_div_unsign_akh:divider| ; 38 (0)              ; 0 (0)                     ; 0                 ; 0          ; 0    ; 0            ; |WhackAMole|DisplayController:display_inst|ScoreDisplay:bestDisplay|lpm_divide:Mod1|lpm_divide_72m:auto_generated|sign_div_unsign_akh:divider                        ; sign_div_unsign_akh ; work         ;
;                   |alt_u_div_qse:divider|    ; 38 (38)             ; 0 (0)                     ; 0                 ; 0          ; 0    ; 0            ; |WhackAMole|DisplayController:display_inst|ScoreDisplay:bestDisplay|lpm_divide:Mod1|lpm_divide_72m:auto_generated|sign_div_unsign_akh:divider|alt_u_div_qse:divider  ; alt_u_div_qse       ; work         ;
;       |ScoreDisplay:scoreDisplay|            ; 121 (0)             ; 0 (0)                     ; 0                 ; 0          ; 0    ; 0            ; |WhackAMole|DisplayController:display_inst|ScoreDisplay:scoreDisplay                                                                                                 ; ScoreDisplay        ; work         ;
;          |NumberDecoder:OnesDecoder|         ; 7 (7)               ; 0 (0)                     ; 0                 ; 0          ; 0    ; 0            ; |WhackAMole|DisplayController:display_inst|ScoreDisplay:scoreDisplay|NumberDecoder:OnesDecoder                                                                       ; NumberDecoder       ; work         ;
;          |NumberDecoder:TensDecoder|         ; 7 (7)               ; 0 (0)                     ; 0                 ; 0          ; 0    ; 0            ; |WhackAMole|DisplayController:display_inst|ScoreDisplay:scoreDisplay|NumberDecoder:TensDecoder                                                                       ; NumberDecoder       ; work         ;
;          |lpm_divide:Div0|                   ; 38 (0)              ; 0 (0)                     ; 0                 ; 0          ; 0    ; 0            ; |WhackAMole|DisplayController:display_inst|ScoreDisplay:scoreDisplay|lpm_divide:Div0                                                                                 ; lpm_divide          ; work         ;
;             |lpm_divide_4am:auto_generated|  ; 38 (0)              ; 0 (0)                     ; 0                 ; 0          ; 0    ; 0            ; |WhackAMole|DisplayController:display_inst|ScoreDisplay:scoreDisplay|lpm_divide:Div0|lpm_divide_4am:auto_generated                                                   ; lpm_divide_4am      ; work         ;
;                |sign_div_unsign_akh:divider| ; 38 (0)              ; 0 (0)                     ; 0                 ; 0          ; 0    ; 0            ; |WhackAMole|DisplayController:display_inst|ScoreDisplay:scoreDisplay|lpm_divide:Div0|lpm_divide_4am:auto_generated|sign_div_unsign_akh:divider                       ; sign_div_unsign_akh ; work         ;
;                   |alt_u_div_qse:divider|    ; 38 (38)             ; 0 (0)                     ; 0                 ; 0          ; 0    ; 0            ; |WhackAMole|DisplayController:display_inst|ScoreDisplay:scoreDisplay|lpm_divide:Div0|lpm_divide_4am:auto_generated|sign_div_unsign_akh:divider|alt_u_div_qse:divider ; alt_u_div_qse       ; work         ;
;          |lpm_divide:Mod0|                   ; 27 (0)              ; 0 (0)                     ; 0                 ; 0          ; 0    ; 0            ; |WhackAMole|DisplayController:display_inst|ScoreDisplay:scoreDisplay|lpm_divide:Mod0                                                                                 ; lpm_divide          ; work         ;
;             |lpm_divide_72m:auto_generated|  ; 27 (0)              ; 0 (0)                     ; 0                 ; 0          ; 0    ; 0            ; |WhackAMole|DisplayController:display_inst|ScoreDisplay:scoreDisplay|lpm_divide:Mod0|lpm_divide_72m:auto_generated                                                   ; lpm_divide_72m      ; work         ;
;                |sign_div_unsign_akh:divider| ; 27 (0)              ; 0 (0)                     ; 0                 ; 0          ; 0    ; 0            ; |WhackAMole|DisplayController:display_inst|ScoreDisplay:scoreDisplay|lpm_divide:Mod0|lpm_divide_72m:auto_generated|sign_div_unsign_akh:divider                       ; sign_div_unsign_akh ; work         ;
;                   |alt_u_div_qse:divider|    ; 27 (27)             ; 0 (0)                     ; 0                 ; 0          ; 0    ; 0            ; |WhackAMole|DisplayController:display_inst|ScoreDisplay:scoreDisplay|lpm_divide:Mod0|lpm_divide_72m:auto_generated|sign_div_unsign_akh:divider|alt_u_div_qse:divider ; alt_u_div_qse       ; work         ;
;          |lpm_divide:Mod1|                   ; 42 (0)              ; 0 (0)                     ; 0                 ; 0          ; 0    ; 0            ; |WhackAMole|DisplayController:display_inst|ScoreDisplay:scoreDisplay|lpm_divide:Mod1                                                                                 ; lpm_divide          ; work         ;
;             |lpm_divide_72m:auto_generated|  ; 42 (0)              ; 0 (0)                     ; 0                 ; 0          ; 0    ; 0            ; |WhackAMole|DisplayController:display_inst|ScoreDisplay:scoreDisplay|lpm_divide:Mod1|lpm_divide_72m:auto_generated                                                   ; lpm_divide_72m      ; work         ;
;                |sign_div_unsign_akh:divider| ; 42 (0)              ; 0 (0)                     ; 0                 ; 0          ; 0    ; 0            ; |WhackAMole|DisplayController:display_inst|ScoreDisplay:scoreDisplay|lpm_divide:Mod1|lpm_divide_72m:auto_generated|sign_div_unsign_akh:divider                       ; sign_div_unsign_akh ; work         ;
;                   |alt_u_div_qse:divider|    ; 42 (42)             ; 0 (0)                     ; 0                 ; 0          ; 0    ; 0            ; |WhackAMole|DisplayController:display_inst|ScoreDisplay:scoreDisplay|lpm_divide:Mod1|lpm_divide_72m:auto_generated|sign_div_unsign_akh:divider|alt_u_div_qse:divider ; alt_u_div_qse       ; work         ;
;       |lpm_divide:Div0|                      ; 460 (0)             ; 0 (0)                     ; 0                 ; 0          ; 0    ; 0            ; |WhackAMole|DisplayController:display_inst|lpm_divide:Div0                                                                                                           ; lpm_divide          ; work         ;
;          |lpm_divide_5dm:auto_generated|     ; 460 (0)             ; 0 (0)                     ; 0                 ; 0          ; 0    ; 0            ; |WhackAMole|DisplayController:display_inst|lpm_divide:Div0|lpm_divide_5dm:auto_generated                                                                             ; lpm_divide_5dm      ; work         ;
;             |sign_div_unsign_bnh:divider|    ; 460 (0)             ; 0 (0)                     ; 0                 ; 0          ; 0    ; 0            ; |WhackAMole|DisplayController:display_inst|lpm_divide:Div0|lpm_divide_5dm:auto_generated|sign_div_unsign_bnh:divider                                                 ; sign_div_unsign_bnh ; work         ;
;                |alt_u_div_s2f:divider|       ; 460 (460)           ; 0 (0)                     ; 0                 ; 0          ; 0    ; 0            ; |WhackAMole|DisplayController:display_inst|lpm_divide:Div0|lpm_divide_5dm:auto_generated|sign_div_unsign_bnh:divider|alt_u_div_s2f:divider                           ; alt_u_div_s2f       ; work         ;
;    |GameController:game_inst|                ; 148 (23)            ; 91 (21)                   ; 0                 ; 0          ; 0    ; 0            ; |WhackAMole|GameController:game_inst                                                                                                                                 ; GameController      ; work         ;
;       |Levels:Levels1|                       ; 79 (42)             ; 55 (25)                   ; 0                 ; 0          ; 0    ; 0            ; |WhackAMole|GameController:game_inst|Levels:Levels1                                                                                                                  ; Levels              ; work         ;
;          |OneSecond_Timer:timer|             ; 37 (0)              ; 30 (0)                    ; 0                 ; 0          ; 0    ; 0            ; |WhackAMole|GameController:game_inst|Levels:Levels1|OneSecond_Timer:timer                                                                                            ; OneSecond_Timer     ; work         ;
;             |countTo10:u_10|                 ; 37 (6)              ; 30 (5)                    ; 0                 ; 0          ; 0    ; 0            ; |WhackAMole|GameController:game_inst|Levels:Levels1|OneSecond_Timer:timer|countTo10:u_10                                                                             ; countTo10           ; work         ;
;                |countTo100:u_100|            ; 31 (10)             ; 25 (8)                    ; 0                 ; 0          ; 0    ; 0            ; |WhackAMole|GameController:game_inst|Levels:Levels1|OneSecond_Timer:timer|countTo10:u_10|countTo100:u_100                                                            ; countTo100          ; work         ;
;                   |One_ms_counter:u_ms|      ; 21 (21)             ; 17 (17)                   ; 0                 ; 0          ; 0    ; 0            ; |WhackAMole|GameController:game_inst|Levels:Levels1|OneSecond_Timer:timer|countTo10:u_10|countTo100:u_100|One_ms_counter:u_ms                                        ; One_ms_counter      ; work         ;
;       |ScoreCounter:ScoreCounter1|           ; 39 (39)             ; 7 (7)                     ; 0                 ; 0          ; 0    ; 0            ; |WhackAMole|GameController:game_inst|ScoreCounter:ScoreCounter1                                                                                                      ; ScoreCounter        ; work         ;
;       |pseudoRNG:pseudoRNG1|                 ; 7 (7)               ; 8 (8)                     ; 0                 ; 0          ; 0    ; 0            ; |WhackAMole|GameController:game_inst|pseudoRNG:pseudoRNG1                                                                                                            ; pseudoRNG           ; work         ;
;    |digitTimer:ones_timer|                   ; 1 (1)               ; 1 (1)                     ; 0                 ; 0          ; 0    ; 0            ; |WhackAMole|digitTimer:ones_timer                                                                                                                                    ; digitTimer          ; work         ;
+----------------------------------------------+---------------------+---------------------------+-------------------+------------+------+--------------+----------------------------------------------------------------------------------------------------------------------------------------------------------------------+---------------------+--------------+
Note: For table entries with two numbers listed, the numbers in parentheses indicate the number of resources of the given type used by the specific entity alone. The numbers listed outside of parentheses indicate the total resources of the given type used by the specific entity and all of its sub-entities in the hierarchy.


+-------------------------------------------------------------------------------------------------------------------------------------------------------------------------------------------------------------------------------+
; Analysis & Synthesis RAM Summary                                                                                                                                                                                              ;
+--------------------------------------------------------------------------------------------------------------------------+------+------+--------------+--------------+--------------+--------------+------+-------------------+
; Name                                                                                                                     ; Type ; Mode ; Port A Depth ; Port A Width ; Port B Depth ; Port B Width ; Size ; MIF               ;
+--------------------------------------------------------------------------------------------------------------------------+------+------+--------------+--------------+--------------+--------------+------+-------------------+
; Authentication:auth_inst|PLAYER_ID_ROM:pid_ROM|altsyncram:altsyncram_component|altsyncram_j5g1:auto_generated|ALTSYNCRAM ; AUTO ; ROM  ; 32           ; 16           ; --           ; --           ; 512  ; PLAYER_ID_ROM.hex ;
; Authentication:auth_inst|ROM_PSWD:pswd_ROM|altsyncram:altsyncram_component|altsyncram_nlf1:auto_generated|ALTSYNCRAM     ; AUTO ; ROM  ; 32           ; 24           ; --           ; --           ; 768  ; ROM_PSWD.hex      ;
+--------------------------------------------------------------------------------------------------------------------------+------+------+--------------+--------------+--------------+--------------+------+-------------------+


+----------------------------------------------------------------------------------------------------------------------------------------------------------------------+
; Analysis & Synthesis IP Cores Summary                                                                                                                                ;
+--------+--------------+---------+--------------+--------------+------------------------------------------------------------------------------------+-----------------+
; Vendor ; IP Core Name ; Version ; Release Date ; License Type ; Entity Instance                                                                    ; IP Include File ;
+--------+--------------+---------+--------------+--------------+------------------------------------------------------------------------------------+-----------------+
; Altera ; RAM: 1-PORT  ; 20.1    ; N/A          ; N/A          ; |WhackAMole|GameController:game_inst|ScoreTracker:ScoreTracker1|RAM_Score:ScoreRAM ; RAM_Score.v     ;
+--------+--------------+---------+--------------+--------------+------------------------------------------------------------------------------------+-----------------+


Encoding Type:  One-Hot
+---------------------------------------------------------------------------------------------------------+
; State Machine - |WhackAMole|DisplayController:display_inst|displayState                                 ;
+---------------------+--------------------+--------------------+---------------------+-------------------+
; Name                ; displayState.FINAL ; displayState.FLASH ; displayState.GAMING ; displayState.IDLE ;
+---------------------+--------------------+--------------------+---------------------+-------------------+
; displayState.IDLE   ; 0                  ; 0                  ; 0                   ; 0                 ;
; displayState.GAMING ; 0                  ; 0                  ; 1                   ; 1                 ;
; displayState.FLASH  ; 0                  ; 1                  ; 0                   ; 1                 ;
; displayState.FINAL  ; 1                  ; 0                  ; 0                   ; 1                 ;
+---------------------+--------------------+--------------------+---------------------+-------------------+


Encoding Type:  One-Hot
+------------------------------------------------------------------------------------+
; State Machine - |WhackAMole|GameController:game_inst|State                         ;
+-----------------+----------------+---------------+---------------+-----------------+
; Name            ; State.gameOver ; State.gameRun ; State.preGame ; State.loggedOut ;
+-----------------+----------------+---------------+---------------+-----------------+
; State.loggedOut ; 0              ; 0             ; 0             ; 0               ;
; State.preGame   ; 0              ; 0             ; 1             ; 1               ;
; State.gameRun   ; 0              ; 1             ; 0             ; 1               ;
; State.gameOver  ; 1              ; 0             ; 0             ; 1               ;
+-----------------+----------------+---------------+---------------+-----------------+


Encoding Type:  One-Hot
+------------------------------------------------------------------------------------------------------------------------------------------------------------------------------------------------------------------------------------------+
; State Machine - |WhackAMole|GameController:game_inst|ScoreTracker:ScoreTracker1|State                                                                                                                                                    ;
+----------------------+------------+---------------------+--------------------+------------------+----------------------+-----------------+------------------+------------------+-----------------+----------------------+----------------+
; Name                 ; State.DONE ; State.UPDATE_GLOBAL ; State.CHECK_GLOBAL ; State.UPDATE_RAM ; State.COMPARE_SCORES ; State.CATCH_RAM ; State.RAM_CYCLE2 ; State.RAM_CYCLE1 ; State.FETCH_RAM ; State.WAIT_FOR_SCORE ; State.RAM_INIT ;
+----------------------+------------+---------------------+--------------------+------------------+----------------------+-----------------+------------------+------------------+-----------------+----------------------+----------------+
; State.RAM_INIT       ; 0          ; 0                   ; 0                  ; 0                ; 0                    ; 0               ; 0                ; 0                ; 0               ; 0                    ; 0              ;
; State.WAIT_FOR_SCORE ; 0          ; 0                   ; 0                  ; 0                ; 0                    ; 0               ; 0                ; 0                ; 0               ; 1                    ; 1              ;
; State.FETCH_RAM      ; 0          ; 0                   ; 0                  ; 0                ; 0                    ; 0               ; 0                ; 0                ; 1               ; 0                    ; 1              ;
; State.RAM_CYCLE1     ; 0          ; 0                   ; 0                  ; 0                ; 0                    ; 0               ; 0                ; 1                ; 0               ; 0                    ; 1              ;
; State.RAM_CYCLE2     ; 0          ; 0                   ; 0                  ; 0                ; 0                    ; 0               ; 1                ; 0                ; 0               ; 0                    ; 1              ;
; State.CATCH_RAM      ; 0          ; 0                   ; 0                  ; 0                ; 0                    ; 1               ; 0                ; 0                ; 0               ; 0                    ; 1              ;
; State.COMPARE_SCORES ; 0          ; 0                   ; 0                  ; 0                ; 1                    ; 0               ; 0                ; 0                ; 0               ; 0                    ; 1              ;
; State.UPDATE_RAM     ; 0          ; 0                   ; 0                  ; 1                ; 0                    ; 0               ; 0                ; 0                ; 0               ; 0                    ; 1              ;
; State.CHECK_GLOBAL   ; 0          ; 0                   ; 1                  ; 0                ; 0                    ; 0               ; 0                ; 0                ; 0               ; 0                    ; 1              ;
; State.UPDATE_GLOBAL  ; 0          ; 1                   ; 0                  ; 0                ; 0                    ; 0               ; 0                ; 0                ; 0               ; 0                    ; 1              ;
; State.DONE           ; 1          ; 0                   ; 0                  ; 0                ; 0                    ; 0               ; 0                ; 0                ; 0               ; 0                    ; 1              ;
+----------------------+------------+---------------------+--------------------+------------------+----------------------+-----------------+------------------+------------------+-----------------+----------------------+----------------+


Encoding Type:  One-Hot
+---------------------------------------------------------------------------+
; State Machine - |WhackAMole|GameController:game_inst|Levels:Levels1|state ;
+--------------+--------------+--------------+--------------+---------------+
; Name         ; state.LEVEL3 ; state.LEVEL2 ; state.LEVEL1 ; state.IDLE    ;
+--------------+--------------+--------------+--------------+---------------+
; state.IDLE   ; 0            ; 0            ; 0            ; 0             ;
; state.LEVEL1 ; 0            ; 0            ; 1            ; 1             ;
; state.LEVEL2 ; 0            ; 1            ; 0            ; 1             ;
; state.LEVEL3 ; 1            ; 0            ; 0            ; 1             ;
+--------------+--------------+--------------+--------------+---------------+


Encoding Type:  One-Hot
+-----------------------------------------------------------------------------------------------------------------------------------------------------------------------------------------------------------------------------------------------------------------------------------------------------------------------------------------------------------------------------------------+
; State Machine - |WhackAMole|Authentication:auth_inst|pswd_verification:pw_verify|State                                                                                                                                                                                                                                                                                                  ;
+-------------------+------------------+---------------+----------------+----------------+----------------+----------------+----------------+----------------+--------------+-------------------+---------------+----------------+-------------+-------------+----------------+--------------+--------------+--------------+--------------+--------------+--------------+-----------------+
; Name              ; State.RELEASE_PW ; State.SEND_PW ; State.RESET_D6 ; State.RESET_D5 ; State.RESET_D4 ; State.RESET_D3 ; State.RESET_D2 ; State.RESET_D1 ; State.PASSED ; State.LOGOUT_WAIT ; State.CMP_PWS ; State.CATCH_PW ; State.WAIT2 ; State.WAIT1 ; State.FETCH_PW ; State.DIGIT6 ; State.DIGIT5 ; State.DIGIT4 ; State.DIGIT3 ; State.DIGIT2 ; State.DIGIT1 ; State.WAIT_4_ID ;
+-------------------+------------------+---------------+----------------+----------------+----------------+----------------+----------------+----------------+--------------+-------------------+---------------+----------------+-------------+-------------+----------------+--------------+--------------+--------------+--------------+--------------+--------------+-----------------+
; State.WAIT_4_ID   ; 0                ; 0             ; 0              ; 0              ; 0              ; 0              ; 0              ; 0              ; 0            ; 0                 ; 0             ; 0              ; 0           ; 0           ; 0              ; 0            ; 0            ; 0            ; 0            ; 0            ; 0            ; 0               ;
; State.DIGIT1      ; 0                ; 0             ; 0              ; 0              ; 0              ; 0              ; 0              ; 0              ; 0            ; 0                 ; 0             ; 0              ; 0           ; 0           ; 0              ; 0            ; 0            ; 0            ; 0            ; 0            ; 1            ; 1               ;
; State.DIGIT2      ; 0                ; 0             ; 0              ; 0              ; 0              ; 0              ; 0              ; 0              ; 0            ; 0                 ; 0             ; 0              ; 0           ; 0           ; 0              ; 0            ; 0            ; 0            ; 0            ; 1            ; 0            ; 1               ;
; State.DIGIT3      ; 0                ; 0             ; 0              ; 0              ; 0              ; 0              ; 0              ; 0              ; 0            ; 0                 ; 0             ; 0              ; 0           ; 0           ; 0              ; 0            ; 0            ; 0            ; 1            ; 0            ; 0            ; 1               ;
; State.DIGIT4      ; 0                ; 0             ; 0              ; 0              ; 0              ; 0              ; 0              ; 0              ; 0            ; 0                 ; 0             ; 0              ; 0           ; 0           ; 0              ; 0            ; 0            ; 1            ; 0            ; 0            ; 0            ; 1               ;
; State.DIGIT5      ; 0                ; 0             ; 0              ; 0              ; 0              ; 0              ; 0              ; 0              ; 0            ; 0                 ; 0             ; 0              ; 0           ; 0           ; 0              ; 0            ; 1            ; 0            ; 0            ; 0            ; 0            ; 1               ;
; State.DIGIT6      ; 0                ; 0             ; 0              ; 0              ; 0              ; 0              ; 0              ; 0              ; 0            ; 0                 ; 0             ; 0              ; 0           ; 0           ; 0              ; 1            ; 0            ; 0            ; 0            ; 0            ; 0            ; 1               ;
; State.FETCH_PW    ; 0                ; 0             ; 0              ; 0              ; 0              ; 0              ; 0              ; 0              ; 0            ; 0                 ; 0             ; 0              ; 0           ; 0           ; 1              ; 0            ; 0            ; 0            ; 0            ; 0            ; 0            ; 1               ;
; State.WAIT1       ; 0                ; 0             ; 0              ; 0              ; 0              ; 0              ; 0              ; 0              ; 0            ; 0                 ; 0             ; 0              ; 0           ; 1           ; 0              ; 0            ; 0            ; 0            ; 0            ; 0            ; 0            ; 1               ;
; State.WAIT2       ; 0                ; 0             ; 0              ; 0              ; 0              ; 0              ; 0              ; 0              ; 0            ; 0                 ; 0             ; 0              ; 1           ; 0           ; 0              ; 0            ; 0            ; 0            ; 0            ; 0            ; 0            ; 1               ;
; State.CATCH_PW    ; 0                ; 0             ; 0              ; 0              ; 0              ; 0              ; 0              ; 0              ; 0            ; 0                 ; 0             ; 1              ; 0           ; 0           ; 0              ; 0            ; 0            ; 0            ; 0            ; 0            ; 0            ; 1               ;
; State.CMP_PWS     ; 0                ; 0             ; 0              ; 0              ; 0              ; 0              ; 0              ; 0              ; 0            ; 0                 ; 1             ; 0              ; 0           ; 0           ; 0              ; 0            ; 0            ; 0            ; 0            ; 0            ; 0            ; 1               ;
; State.LOGOUT_WAIT ; 0                ; 0             ; 0              ; 0              ; 0              ; 0              ; 0              ; 0              ; 0            ; 1                 ; 0             ; 0              ; 0           ; 0           ; 0              ; 0            ; 0            ; 0            ; 0            ; 0            ; 0            ; 1               ;
; State.PASSED      ; 0                ; 0             ; 0              ; 0              ; 0              ; 0              ; 0              ; 0              ; 1            ; 0                 ; 0             ; 0              ; 0           ; 0           ; 0              ; 0            ; 0            ; 0            ; 0            ; 0            ; 0            ; 1               ;
; State.RESET_D1    ; 0                ; 0             ; 0              ; 0              ; 0              ; 0              ; 0              ; 1              ; 0            ; 0                 ; 0             ; 0              ; 0           ; 0           ; 0              ; 0            ; 0            ; 0            ; 0            ; 0            ; 0            ; 1               ;
; State.RESET_D2    ; 0                ; 0             ; 0              ; 0              ; 0              ; 0              ; 1              ; 0              ; 0            ; 0                 ; 0             ; 0              ; 0           ; 0           ; 0              ; 0            ; 0            ; 0            ; 0            ; 0            ; 0            ; 1               ;
; State.RESET_D3    ; 0                ; 0             ; 0              ; 0              ; 0              ; 1              ; 0              ; 0              ; 0            ; 0                 ; 0             ; 0              ; 0           ; 0           ; 0              ; 0            ; 0            ; 0            ; 0            ; 0            ; 0            ; 1               ;
; State.RESET_D4    ; 0                ; 0             ; 0              ; 0              ; 1              ; 0              ; 0              ; 0              ; 0            ; 0                 ; 0             ; 0              ; 0           ; 0           ; 0              ; 0            ; 0            ; 0            ; 0            ; 0            ; 0            ; 1               ;
; State.RESET_D5    ; 0                ; 0             ; 0              ; 1              ; 0              ; 0              ; 0              ; 0              ; 0            ; 0                 ; 0             ; 0              ; 0           ; 0           ; 0              ; 0            ; 0            ; 0            ; 0            ; 0            ; 0            ; 1               ;
; State.RESET_D6    ; 0                ; 0             ; 1              ; 0              ; 0              ; 0              ; 0              ; 0              ; 0            ; 0                 ; 0             ; 0              ; 0           ; 0           ; 0              ; 0            ; 0            ; 0            ; 0            ; 0            ; 0            ; 1               ;
; State.SEND_PW     ; 0                ; 1             ; 0              ; 0              ; 0              ; 0              ; 0              ; 0              ; 0            ; 0                 ; 0             ; 0              ; 0           ; 0           ; 0              ; 0            ; 0            ; 0            ; 0            ; 0            ; 0            ; 1               ;
; State.RELEASE_PW  ; 1                ; 0             ; 0              ; 0              ; 0              ; 0              ; 0              ; 0              ; 0            ; 0                 ; 0             ; 0              ; 0           ; 0           ; 0              ; 0            ; 0            ; 0            ; 0            ; 0            ; 0            ; 1               ;
+-------------------+------------------+---------------+----------------+----------------+----------------+----------------+----------------+----------------+--------------+-------------------+---------------+----------------+-------------+-------------+----------------+--------------+--------------+--------------+--------------+--------------+--------------+-----------------+


Encoding Type:  One-Hot
+-------------------------------------------------------------------------------------------------------------------------------------------------------------------------------------------------+
; State Machine - |WhackAMole|Authentication:auth_inst|id_verification:id_verify|State                                                                                                            ;
+-------------------+-------------------+-------------------+----------------+-------------+-------------+----------------+-----------------+-----------------+-----------------+-----------------+
; Name              ; State.ID_VERIFIED ; State.COMPARE_IDS ; State.CATCH_ID ; State.WAIT2 ; State.WAIT1 ; State.FETCH_ID ; State.ID_DIGIT4 ; State.ID_DIGIT3 ; State.ID_DIGIT2 ; State.ID_DIGIT1 ;
+-------------------+-------------------+-------------------+----------------+-------------+-------------+----------------+-----------------+-----------------+-----------------+-----------------+
; State.ID_DIGIT1   ; 0                 ; 0                 ; 0              ; 0           ; 0           ; 0              ; 0               ; 0               ; 0               ; 0               ;
; State.ID_DIGIT2   ; 0                 ; 0                 ; 0              ; 0           ; 0           ; 0              ; 0               ; 0               ; 1               ; 1               ;
; State.ID_DIGIT3   ; 0                 ; 0                 ; 0              ; 0           ; 0           ; 0              ; 0               ; 1               ; 0               ; 1               ;
; State.ID_DIGIT4   ; 0                 ; 0                 ; 0              ; 0           ; 0           ; 0              ; 1               ; 0               ; 0               ; 1               ;
; State.FETCH_ID    ; 0                 ; 0                 ; 0              ; 0           ; 0           ; 1              ; 0               ; 0               ; 0               ; 1               ;
; State.WAIT1       ; 0                 ; 0                 ; 0              ; 0           ; 1           ; 0              ; 0               ; 0               ; 0               ; 1               ;
; State.WAIT2       ; 0                 ; 0                 ; 0              ; 1           ; 0           ; 0              ; 0               ; 0               ; 0               ; 1               ;
; State.CATCH_ID    ; 0                 ; 0                 ; 1              ; 0           ; 0           ; 0              ; 0               ; 0               ; 0               ; 1               ;
; State.COMPARE_IDS ; 0                 ; 1                 ; 0              ; 0           ; 0           ; 0              ; 0               ; 0               ; 0               ; 1               ;
; State.ID_VERIFIED ; 1                 ; 0                 ; 0              ; 0           ; 0           ; 0              ; 0               ; 0               ; 0               ; 1               ;
+-------------------+-------------------+-------------------+----------------+-------------+-------------+----------------+-----------------+-----------------+-----------------+-----------------+


Encoding Type:  One-Hot
+-----------------------------------------------------+
; State Machine - |WhackAMole|ButtonShaper:bs3|State  ;
+-------------+------------+------------+-------------+
; Name        ; State.INIT ; State.WAIT ; State.PULSE ;
+-------------+------------+------------+-------------+
; State.INIT  ; 0          ; 0          ; 0           ;
; State.PULSE ; 1          ; 0          ; 1           ;
; State.WAIT  ; 1          ; 1          ; 0           ;
+-------------+------------+------------+-------------+


Encoding Type:  One-Hot
+-----------------------------------------------------+
; State Machine - |WhackAMole|ButtonShaper:bs2|State  ;
+-------------+------------+------------+-------------+
; Name        ; State.INIT ; State.WAIT ; State.PULSE ;
+-------------+------------+------------+-------------+
; State.INIT  ; 0          ; 0          ; 0           ;
; State.PULSE ; 1          ; 0          ; 1           ;
; State.WAIT  ; 1          ; 1          ; 0           ;
+-------------+------------+------------+-------------+


Encoding Type:  One-Hot
+-----------------------------------------------------+
; State Machine - |WhackAMole|ButtonShaper:bs1|State  ;
+-------------+------------+------------+-------------+
; Name        ; State.INIT ; State.WAIT ; State.PULSE ;
+-------------+------------+------------+-------------+
; State.INIT  ; 0          ; 0          ; 0           ;
; State.PULSE ; 1          ; 0          ; 1           ;
; State.WAIT  ; 1          ; 1          ; 0           ;
+-------------+------------+------------+-------------+


Encoding Type:  One-Hot
+-----------------------------------------------------+
; State Machine - |WhackAMole|ButtonShaper:bs0|State  ;
+-------------+------------+------------+-------------+
; Name        ; State.INIT ; State.WAIT ; State.PULSE ;
+-------------+------------+------------+-------------+
; State.INIT  ; 0          ; 0          ; 0           ;
; State.PULSE ; 1          ; 0          ; 1           ;
; State.WAIT  ; 1          ; 1          ; 0           ;
+-------------+------------+------------+-------------+


+-----------------------------------------------------------------------------------------------------------------------------------------+
; User-Specified and Inferred Latches                                                                                                     ;
+-----------------------------------------------------------+----------------------------------------------------+------------------------+
; Latch Name                                                ; Latch Enable Signal                                ; Free of Timing Hazards ;
+-----------------------------------------------------------+----------------------------------------------------+------------------------+
; GameController:game_inst|Levels:Levels1|spawn_duration[1] ; GameController:game_inst|Levels:Levels1|state.IDLE ; yes                    ;
; GameController:game_inst|Levels:Levels1|spawn_duration[2] ; GameController:game_inst|Levels:Levels1|state.IDLE ; yes                    ;
; Number of user-specified and inferred latches = 2         ;                                                    ;                        ;
+-----------------------------------------------------------+----------------------------------------------------+------------------------+
Note: All latches listed above may not be present at the end of synthesis due to various synthesis optimizations.


+-------------------------------------------------------------------------------------------------------------------------------------------------------------------+
; Registers Removed During Synthesis                                                                                                                                ;
+------------------------------------------------------------------------------+------------------------------------------------------------------------------------+
; Register name                                                                ; Reason for Removal                                                                 ;
+------------------------------------------------------------------------------+------------------------------------------------------------------------------------+
; GameController:game_inst|gameState[2]                                        ; Stuck at GND due to stuck port data_in                                             ;
; GameController:game_inst|buttonReg[3]                                        ; Stuck at GND due to stuck port data_in                                             ;
; digitTimer:ones_timer|BorrowUp                                               ; Stuck at GND due to stuck port data_in                                             ;
; digitTimer:ones_timer|NoBorrowDown                                           ; Stuck at GND due to stuck port data_in                                             ;
; DisplayController:display_inst|prevGameState[2]                              ; Stuck at GND due to stuck port data_in                                             ;
; GameController:game_inst|ScoreTracker:ScoreTracker1|RAMAddress[3..5]         ; Stuck at GND due to stuck port data_in                                             ;
; Authentication:auth_inst|pswd_verification:pw_verify|addr_to_mem[3,4]        ; Stuck at GND due to stuck port data_in                                             ;
; Authentication:auth_inst|id_verification:id_verify|idAddr[3,4]               ; Stuck at GND due to stuck port data_in                                             ;
; digitTimer:ones_timer|Num[3]                                                 ; Merged with digitTimer:ones_timer|Num[0]                                           ;
; digitTimer:tens_timer|Num[0,3]                                               ; Merged with digitTimer:ones_timer|Num[0]                                           ;
; digitTimer:ones_timer|Num[2]                                                 ; Merged with digitTimer:ones_timer|Num[1]                                           ;
; digitTimer:tens_timer|Num[1,2]                                               ; Merged with digitTimer:ones_timer|Num[1]                                           ;
; digitTimer:ones_timer|Num[1]                                                 ; Stuck at GND due to stuck port data_in                                             ;
; DisplayController:display_inst|displayState~2                                ; Lost fanout                                                                        ;
; DisplayController:display_inst|displayState~3                                ; Lost fanout                                                                        ;
; DisplayController:display_inst|displayState~4                                ; Lost fanout                                                                        ;
; GameController:game_inst|State~2                                             ; Lost fanout                                                                        ;
; GameController:game_inst|State~3                                             ; Lost fanout                                                                        ;
; GameController:game_inst|State~4                                             ; Lost fanout                                                                        ;
; GameController:game_inst|ScoreTracker:ScoreTracker1|State~2                  ; Lost fanout                                                                        ;
; GameController:game_inst|ScoreTracker:ScoreTracker1|State~3                  ; Lost fanout                                                                        ;
; GameController:game_inst|ScoreTracker:ScoreTracker1|State~4                  ; Lost fanout                                                                        ;
; GameController:game_inst|ScoreTracker:ScoreTracker1|State~5                  ; Lost fanout                                                                        ;
; GameController:game_inst|Levels:Levels1|state~3                              ; Lost fanout                                                                        ;
; GameController:game_inst|Levels:Levels1|state~4                              ; Lost fanout                                                                        ;
; Authentication:auth_inst|pswd_verification:pw_verify|State~2                 ; Lost fanout                                                                        ;
; Authentication:auth_inst|pswd_verification:pw_verify|State~3                 ; Lost fanout                                                                        ;
; Authentication:auth_inst|pswd_verification:pw_verify|State~4                 ; Lost fanout                                                                        ;
; Authentication:auth_inst|pswd_verification:pw_verify|State~5                 ; Lost fanout                                                                        ;
; Authentication:auth_inst|pswd_verification:pw_verify|State~6                 ; Lost fanout                                                                        ;
; Authentication:auth_inst|id_verification:id_verify|State~2                   ; Lost fanout                                                                        ;
; Authentication:auth_inst|id_verification:id_verify|State~3                   ; Lost fanout                                                                        ;
; Authentication:auth_inst|id_verification:id_verify|State~4                   ; Lost fanout                                                                        ;
; Authentication:auth_inst|id_verification:id_verify|State~5                   ; Lost fanout                                                                        ;
; ButtonShaper:bs3|State~4                                                     ; Lost fanout                                                                        ;
; ButtonShaper:bs2|State~4                                                     ; Lost fanout                                                                        ;
; ButtonShaper:bs1|State~4                                                     ; Lost fanout                                                                        ;
; ButtonShaper:bs0|State~4                                                     ; Lost fanout                                                                        ;
; ButtonShaper:bs3|State.WAIT                                                  ; Lost fanout                                                                        ;
; ButtonShaper:bs2|State.WAIT                                                  ; Lost fanout                                                                        ;
; ButtonShaper:bs1|State.WAIT                                                  ; Lost fanout                                                                        ;
; ButtonShaper:bs0|State.WAIT                                                  ; Lost fanout                                                                        ;
; Authentication:auth_inst|pswd_verification:pw_verify|logout_start_to_ID      ; Merged with Authentication:auth_inst|pswd_verification:pw_verify|State.LOGOUT_WAIT ;
; GameController:game_inst|State.gameOver                                      ; Stuck at GND due to stuck port data_in                                             ;
; Authentication:auth_inst|pswd_verification:pw_verify|State.RESET_D1          ; Stuck at GND due to stuck port data_in                                             ;
; GameController:game_inst|scoreRequest                                        ; Stuck at GND due to stuck port data_in                                             ;
; GameController:game_inst|ScoreTracker:ScoreTracker1|State.FETCH_RAM          ; Stuck at GND due to stuck port data_in                                             ;
; GameController:game_inst|ScoreTracker:ScoreTracker1|State.RAM_CYCLE1         ; Stuck at GND due to stuck port data_in                                             ;
; GameController:game_inst|ScoreTracker:ScoreTracker1|State.RAM_CYCLE2         ; Stuck at GND due to stuck port data_in                                             ;
; GameController:game_inst|ScoreTracker:ScoreTracker1|State.CATCH_RAM          ; Stuck at GND due to stuck port data_in                                             ;
; GameController:game_inst|ScoreTracker:ScoreTracker1|State.COMPARE_SCORES     ; Stuck at GND due to stuck port data_in                                             ;
; GameController:game_inst|ScoreTracker:ScoreTracker1|State.UPDATE_RAM         ; Stuck at GND due to stuck port data_in                                             ;
; GameController:game_inst|ScoreTracker:ScoreTracker1|State.CHECK_GLOBAL       ; Stuck at GND due to stuck port data_in                                             ;
; GameController:game_inst|ScoreTracker:ScoreTracker1|RAMDataIn[0..6]          ; Stuck at GND due to stuck port clock_enable                                        ;
; GameController:game_inst|ScoreTracker:ScoreTracker1|State.UPDATE_GLOBAL      ; Stuck at GND due to stuck port data_in                                             ;
; GameController:game_inst|ScoreTracker:ScoreTracker1|State.DONE               ; Stuck at GND due to stuck port data_in                                             ;
; GameController:game_inst|ScoreTracker:ScoreTracker1|RAMWriteEnable           ; Stuck at GND due to stuck port data_in                                             ;
; Authentication:auth_inst|pswd_verification:pw_verify|State.RESET_D2          ; Stuck at GND due to stuck port data_in                                             ;
; Authentication:auth_inst|pswd_verification:pw_verify|State.RESET_D3          ; Stuck at GND due to stuck port data_in                                             ;
; Authentication:auth_inst|pswd_verification:pw_verify|State.RESET_D4          ; Stuck at GND due to stuck port data_in                                             ;
; Authentication:auth_inst|pswd_verification:pw_verify|State.RESET_D5          ; Stuck at GND due to stuck port data_in                                             ;
; Authentication:auth_inst|pswd_verification:pw_verify|State.RESET_D6          ; Stuck at GND due to stuck port data_in                                             ;
; Authentication:auth_inst|pswd_verification:pw_verify|State.SEND_PW           ; Stuck at GND due to stuck port data_in                                             ;
; Authentication:auth_inst|pswd_verification:pw_verify|State.RELEASE_PW        ; Stuck at GND due to stuck port data_in                                             ;
; Authentication:auth_inst|pswd_verification:pw_verify|pswd_to_RAM[0..23]      ; Stuck at GND due to stuck port data_in                                             ;
; Authentication:auth_inst|pswd_verification:pw_verify|pswd_reset_status[0..4] ; Stuck at GND due to stuck port data_in                                             ;
; Authentication:auth_inst|pswd_verification:pw_verify|RW                      ; Stuck at GND due to stuck port data_in                                             ;
; Authentication:auth_inst|pswd_verification:pw_verify|isGuest_to_GC           ; Lost fanout                                                                        ;
; GameController:game_inst|ScoreTracker:ScoreTracker1|State.WAIT_FOR_SCORE     ; Lost fanout                                                                        ;
; GameController:game_inst|ScoreTracker:ScoreTracker1|RAMAddress[0]            ; Lost fanout                                                                        ;
; Authentication:auth_inst|pswd_verification:pw_verify|playerID_to_GC[0]       ; Lost fanout                                                                        ;
; GameController:game_inst|ScoreTracker:ScoreTracker1|RAMAddress[1]            ; Lost fanout                                                                        ;
; Authentication:auth_inst|pswd_verification:pw_verify|playerID_to_GC[1]       ; Lost fanout                                                                        ;
; GameController:game_inst|ScoreTracker:ScoreTracker1|RAMAddress[2]            ; Lost fanout                                                                        ;
; Authentication:auth_inst|pswd_verification:pw_verify|playerID_to_GC[2]       ; Lost fanout                                                                        ;
; GameController:game_inst|ScoreTracker:ScoreTracker1|State.RAM_INIT           ; Lost fanout                                                                        ;
; GameController:game_inst|ScoreTracker:ScoreTracker1|GlobalWinner[0..2]       ; Stuck at GND due to stuck port data_in                                             ;
; GameController:game_inst|ScoreTracker:ScoreTracker1|PersonalBest[0..6]       ; Stuck at GND due to stuck port data_in                                             ;
; Total Number of Removed Registers = 125                                      ;                                                                                    ;
+------------------------------------------------------------------------------+------------------------------------------------------------------------------------+


+--------------------------------------------------------------------------------------------------------------------------------------------------------------------------------+
; Removed Registers Triggering Further Register Optimizations                                                                                                                    ;
+-----------------------------------------------------------------------+---------------------------+----------------------------------------------------------------------------+
; Register name                                                         ; Reason for Removal        ; Registers Removed due to This Register                                     ;
+-----------------------------------------------------------------------+---------------------------+----------------------------------------------------------------------------+
; Authentication:auth_inst|pswd_verification:pw_verify|State.RESET_D1   ; Stuck at GND              ; Authentication:auth_inst|pswd_verification:pw_verify|State.RESET_D2,       ;
;                                                                       ; due to stuck port data_in ; Authentication:auth_inst|pswd_verification:pw_verify|State.RESET_D3,       ;
;                                                                       ;                           ; Authentication:auth_inst|pswd_verification:pw_verify|State.RESET_D4,       ;
;                                                                       ;                           ; Authentication:auth_inst|pswd_verification:pw_verify|State.RESET_D5,       ;
;                                                                       ;                           ; Authentication:auth_inst|pswd_verification:pw_verify|State.RESET_D6,       ;
;                                                                       ;                           ; Authentication:auth_inst|pswd_verification:pw_verify|State.SEND_PW,        ;
;                                                                       ;                           ; Authentication:auth_inst|pswd_verification:pw_verify|pswd_to_RAM[23],      ;
;                                                                       ;                           ; Authentication:auth_inst|pswd_verification:pw_verify|pswd_to_RAM[22],      ;
;                                                                       ;                           ; Authentication:auth_inst|pswd_verification:pw_verify|pswd_to_RAM[21],      ;
;                                                                       ;                           ; Authentication:auth_inst|pswd_verification:pw_verify|pswd_to_RAM[20],      ;
;                                                                       ;                           ; Authentication:auth_inst|pswd_verification:pw_verify|pswd_to_RAM[19],      ;
;                                                                       ;                           ; Authentication:auth_inst|pswd_verification:pw_verify|pswd_to_RAM[18],      ;
;                                                                       ;                           ; Authentication:auth_inst|pswd_verification:pw_verify|pswd_to_RAM[17],      ;
;                                                                       ;                           ; Authentication:auth_inst|pswd_verification:pw_verify|pswd_to_RAM[16],      ;
;                                                                       ;                           ; Authentication:auth_inst|pswd_verification:pw_verify|pswd_to_RAM[15],      ;
;                                                                       ;                           ; Authentication:auth_inst|pswd_verification:pw_verify|pswd_to_RAM[14],      ;
;                                                                       ;                           ; Authentication:auth_inst|pswd_verification:pw_verify|pswd_to_RAM[13],      ;
;                                                                       ;                           ; Authentication:auth_inst|pswd_verification:pw_verify|pswd_to_RAM[12],      ;
;                                                                       ;                           ; Authentication:auth_inst|pswd_verification:pw_verify|pswd_to_RAM[11],      ;
;                                                                       ;                           ; Authentication:auth_inst|pswd_verification:pw_verify|pswd_to_RAM[10],      ;
;                                                                       ;                           ; Authentication:auth_inst|pswd_verification:pw_verify|pswd_to_RAM[9],       ;
;                                                                       ;                           ; Authentication:auth_inst|pswd_verification:pw_verify|pswd_to_RAM[8],       ;
;                                                                       ;                           ; Authentication:auth_inst|pswd_verification:pw_verify|pswd_to_RAM[7],       ;
;                                                                       ;                           ; Authentication:auth_inst|pswd_verification:pw_verify|pswd_to_RAM[6],       ;
;                                                                       ;                           ; Authentication:auth_inst|pswd_verification:pw_verify|pswd_to_RAM[5],       ;
;                                                                       ;                           ; Authentication:auth_inst|pswd_verification:pw_verify|pswd_to_RAM[4],       ;
;                                                                       ;                           ; Authentication:auth_inst|pswd_verification:pw_verify|pswd_to_RAM[3],       ;
;                                                                       ;                           ; Authentication:auth_inst|pswd_verification:pw_verify|pswd_to_RAM[2],       ;
;                                                                       ;                           ; Authentication:auth_inst|pswd_verification:pw_verify|pswd_to_RAM[1],       ;
;                                                                       ;                           ; Authentication:auth_inst|pswd_verification:pw_verify|pswd_to_RAM[0],       ;
;                                                                       ;                           ; Authentication:auth_inst|pswd_verification:pw_verify|RW                    ;
; digitTimer:ones_timer|NoBorrowDown                                    ; Stuck at GND              ; GameController:game_inst|scoreRequest,                                     ;
;                                                                       ; due to stuck port data_in ; GameController:game_inst|ScoreTracker:ScoreTracker1|State.FETCH_RAM,       ;
;                                                                       ;                           ; GameController:game_inst|ScoreTracker:ScoreTracker1|State.RAM_CYCLE1,      ;
;                                                                       ;                           ; GameController:game_inst|ScoreTracker:ScoreTracker1|State.RAM_CYCLE2,      ;
;                                                                       ;                           ; GameController:game_inst|ScoreTracker:ScoreTracker1|State.CATCH_RAM,       ;
;                                                                       ;                           ; GameController:game_inst|ScoreTracker:ScoreTracker1|State.COMPARE_SCORES,  ;
;                                                                       ;                           ; GameController:game_inst|ScoreTracker:ScoreTracker1|State.CHECK_GLOBAL,    ;
;                                                                       ;                           ; GameController:game_inst|ScoreTracker:ScoreTracker1|State.UPDATE_GLOBAL,   ;
;                                                                       ;                           ; GameController:game_inst|ScoreTracker:ScoreTracker1|State.DONE,            ;
;                                                                       ;                           ; GameController:game_inst|ScoreTracker:ScoreTracker1|RAMWriteEnable,        ;
;                                                                       ;                           ; GameController:game_inst|ScoreTracker:ScoreTracker1|State.RAM_INIT,        ;
;                                                                       ;                           ; GameController:game_inst|ScoreTracker:ScoreTracker1|GlobalWinner[0],       ;
;                                                                       ;                           ; GameController:game_inst|ScoreTracker:ScoreTracker1|GlobalWinner[1],       ;
;                                                                       ;                           ; GameController:game_inst|ScoreTracker:ScoreTracker1|GlobalWinner[2]        ;
; GameController:game_inst|ScoreTracker:ScoreTracker1|RAMAddress[3]     ; Stuck at GND              ; GameController:game_inst|ScoreTracker:ScoreTracker1|RAMAddress[0],         ;
;                                                                       ; due to stuck port data_in ; Authentication:auth_inst|pswd_verification:pw_verify|playerID_to_GC[0],    ;
;                                                                       ;                           ; GameController:game_inst|ScoreTracker:ScoreTracker1|RAMAddress[1],         ;
;                                                                       ;                           ; Authentication:auth_inst|pswd_verification:pw_verify|playerID_to_GC[1],    ;
;                                                                       ;                           ; GameController:game_inst|ScoreTracker:ScoreTracker1|RAMAddress[2],         ;
;                                                                       ;                           ; Authentication:auth_inst|pswd_verification:pw_verify|playerID_to_GC[2],    ;
;                                                                       ;                           ; GameController:game_inst|ScoreTracker:ScoreTracker1|PersonalBest[0],       ;
;                                                                       ;                           ; GameController:game_inst|ScoreTracker:ScoreTracker1|PersonalBest[1],       ;
;                                                                       ;                           ; GameController:game_inst|ScoreTracker:ScoreTracker1|PersonalBest[2],       ;
;                                                                       ;                           ; GameController:game_inst|ScoreTracker:ScoreTracker1|PersonalBest[3],       ;
;                                                                       ;                           ; GameController:game_inst|ScoreTracker:ScoreTracker1|PersonalBest[4],       ;
;                                                                       ;                           ; GameController:game_inst|ScoreTracker:ScoreTracker1|PersonalBest[5],       ;
;                                                                       ;                           ; GameController:game_inst|ScoreTracker:ScoreTracker1|PersonalBest[6]        ;
; GameController:game_inst|ScoreTracker:ScoreTracker1|State.UPDATE_RAM  ; Stuck at GND              ; GameController:game_inst|ScoreTracker:ScoreTracker1|RAMDataIn[6],          ;
;                                                                       ; due to stuck port data_in ; GameController:game_inst|ScoreTracker:ScoreTracker1|RAMDataIn[5],          ;
;                                                                       ;                           ; GameController:game_inst|ScoreTracker:ScoreTracker1|RAMDataIn[4],          ;
;                                                                       ;                           ; GameController:game_inst|ScoreTracker:ScoreTracker1|RAMDataIn[3],          ;
;                                                                       ;                           ; GameController:game_inst|ScoreTracker:ScoreTracker1|RAMDataIn[2],          ;
;                                                                       ;                           ; GameController:game_inst|ScoreTracker:ScoreTracker1|RAMDataIn[1],          ;
;                                                                       ;                           ; GameController:game_inst|ScoreTracker:ScoreTracker1|RAMDataIn[0]           ;
; Authentication:auth_inst|pswd_verification:pw_verify|State.RELEASE_PW ; Stuck at GND              ; Authentication:auth_inst|pswd_verification:pw_verify|pswd_reset_status[4], ;
;                                                                       ; due to stuck port data_in ; Authentication:auth_inst|pswd_verification:pw_verify|pswd_reset_status[3], ;
;                                                                       ;                           ; Authentication:auth_inst|pswd_verification:pw_verify|pswd_reset_status[2], ;
;                                                                       ;                           ; Authentication:auth_inst|pswd_verification:pw_verify|pswd_reset_status[1], ;
;                                                                       ;                           ; Authentication:auth_inst|pswd_verification:pw_verify|pswd_reset_status[0]  ;
; GameController:game_inst|gameState[2]                                 ; Stuck at GND              ; DisplayController:display_inst|prevGameState[2]                            ;
;                                                                       ; due to stuck port data_in ;                                                                            ;
; GameController:game_inst|ScoreTracker:ScoreTracker1|State~2           ; Lost Fanouts              ; Authentication:auth_inst|pswd_verification:pw_verify|isGuest_to_GC         ;
+-----------------------------------------------------------------------+---------------------------+----------------------------------------------------------------------------+


+------------------------------------------------------+
; General Register Statistics                          ;
+----------------------------------------------+-------+
; Statistic                                    ; Value ;
+----------------------------------------------+-------+
; Total registers                              ; 257   ;
; Number of registers using Synchronous Clear  ; 137   ;
; Number of registers using Synchronous Load   ; 3     ;
; Number of registers using Asynchronous Clear ; 0     ;
; Number of registers using Asynchronous Load  ; 0     ;
; Number of registers using Clock Enable       ; 126   ;
; Number of registers using Preset             ; 0     ;
+----------------------------------------------+-------+


+-----------------------------------------------------------------+
; Inverted Register Statistics                                    ;
+-------------------------------------------------------+---------+
; Inverted Register                                     ; Fan out ;
+-------------------------------------------------------+---------+
; GameController:game_inst|pseudoRNG:pseudoRNG1|LFSR[0] ; 3       ;
; GameController:game_inst|pseudoRNG:pseudoRNG1|LFSR[3] ; 2       ;
; GameController:game_inst|pseudoRNG:pseudoRNG1|LFSR[5] ; 2       ;
; GameController:game_inst|pseudoRNG:pseudoRNG1|LFSR[7] ; 5       ;
; Total number of inverted registers = 4                ;         ;
+-------------------------------------------------------+---------+


+------------------------------------------------------------------------------------------------------------------------------------------------------------------------------------------------------------------------------------------------------+
; Multiplexer Restructuring Statistics (Restructuring Performed)                                                                                                                                                                                       ;
+--------------------+-----------+---------------+----------------------+------------------------+------------+----------------------------------------------------------------------------------------------------------------------------------------+
; Multiplexer Inputs ; Bus Width ; Baseline Area ; Area if Restructured ; Saving if Restructured ; Registered ; Example Multiplexer Output                                                                                                             ;
+--------------------+-----------+---------------+----------------------+------------------------+------------+----------------------------------------------------------------------------------------------------------------------------------------+
; 3:1                ; 7 bits    ; 14 LEs        ; 7 LEs                ; 7 LEs                  ; Yes        ; |WhackAMole|GameController:game_inst|ScoreTracker:ScoreTracker1|PersonalBest[1]                                                        ;
; 3:1                ; 24 bits   ; 48 LEs        ; 0 LEs                ; 48 LEs                 ; Yes        ; |WhackAMole|Authentication:auth_inst|pswd_verification:pw_verify|pswd_to_RAM[22]                                                       ;
; 3:1                ; 3 bits    ; 6 LEs         ; 3 LEs                ; 3 LEs                  ; Yes        ; |WhackAMole|GameController:game_inst|ScoreTracker:ScoreTracker1|GlobalWinner[0]                                                        ;
; 4:1                ; 4 bits    ; 8 LEs         ; 4 LEs                ; 4 LEs                  ; Yes        ; |WhackAMole|Authentication:auth_inst|pswd_verification:pw_verify|pswd_entered[23]                                                      ;
; 4:1                ; 4 bits    ; 8 LEs         ; 4 LEs                ; 4 LEs                  ; Yes        ; |WhackAMole|Authentication:auth_inst|pswd_verification:pw_verify|pswd_entered[19]                                                      ;
; 4:1                ; 4 bits    ; 8 LEs         ; 4 LEs                ; 4 LEs                  ; Yes        ; |WhackAMole|Authentication:auth_inst|pswd_verification:pw_verify|pswd_entered[15]                                                      ;
; 4:1                ; 4 bits    ; 8 LEs         ; 4 LEs                ; 4 LEs                  ; Yes        ; |WhackAMole|Authentication:auth_inst|pswd_verification:pw_verify|pswd_entered[11]                                                      ;
; 4:1                ; 4 bits    ; 8 LEs         ; 4 LEs                ; 4 LEs                  ; Yes        ; |WhackAMole|Authentication:auth_inst|pswd_verification:pw_verify|pswd_entered[7]                                                       ;
; 4:1                ; 4 bits    ; 8 LEs         ; 4 LEs                ; 4 LEs                  ; Yes        ; |WhackAMole|Authentication:auth_inst|pswd_verification:pw_verify|pswd_entered[3]                                                       ;
; 4:1                ; 5 bits    ; 10 LEs        ; 10 LEs               ; 0 LEs                  ; Yes        ; |WhackAMole|GameController:game_inst|ScoreCounter:ScoreCounter1|Score[2]                                                               ;
; 4:1                ; 24 bits   ; 48 LEs        ; 24 LEs               ; 24 LEs                 ; Yes        ; |WhackAMole|Authentication:auth_inst|pswd_verification:pw_verify|pswd_from_mem[14]                                                     ;
; 4:1                ; 4 bits    ; 8 LEs         ; 8 LEs                ; 0 LEs                  ; Yes        ; |WhackAMole|GameController:game_inst|Levels:Levels1|OneSecond_Timer:timer|countTo10:u_10|Count[0]                                      ;
; 4:1                ; 7 bits    ; 14 LEs        ; 14 LEs               ; 0 LEs                  ; Yes        ; |WhackAMole|GameController:game_inst|Levels:Levels1|OneSecond_Timer:timer|countTo10:u_10|countTo100:u_100|Count[2]                     ;
; 4:1                ; 16 bits   ; 32 LEs        ; 0 LEs                ; 32 LEs                 ; Yes        ; |WhackAMole|GameController:game_inst|Levels:Levels1|OneSecond_Timer:timer|countTo10:u_10|countTo100:u_100|One_ms_counter:u_ms|Count[9] ;
; 4:1                ; 32 bits   ; 64 LEs        ; 0 LEs                ; 64 LEs                 ; Yes        ; |WhackAMole|DisplayController:display_inst|flashCounter[12]                                                                            ;
; 6:1                ; 3 bits    ; 12 LEs        ; 6 LEs                ; 6 LEs                  ; Yes        ; |WhackAMole|Authentication:auth_inst|pswd_verification:pw_verify|playerID_to_GC[2]                                                     ;
; 5:1                ; 16 bits   ; 48 LEs        ; 0 LEs                ; 48 LEs                 ; Yes        ; |WhackAMole|Authentication:auth_inst|id_verification:id_verify|memoryID[1]                                                             ;
; 7:1                ; 2 bits    ; 8 LEs         ; 4 LEs                ; 4 LEs                  ; Yes        ; |WhackAMole|GameController:game_inst|gameLevel[1]                                                                                      ;
; 6:1                ; 4 bits    ; 16 LEs        ; 8 LEs                ; 8 LEs                  ; Yes        ; |WhackAMole|Authentication:auth_inst|id_verification:id_verify|candidateID[8]                                                          ;
; 6:1                ; 4 bits    ; 16 LEs        ; 8 LEs                ; 8 LEs                  ; Yes        ; |WhackAMole|Authentication:auth_inst|id_verification:id_verify|candidateID[7]                                                          ;
; 6:1                ; 4 bits    ; 16 LEs        ; 8 LEs                ; 8 LEs                  ; Yes        ; |WhackAMole|Authentication:auth_inst|id_verification:id_verify|candidateID[3]                                                          ;
; 6:1                ; 4 bits    ; 16 LEs        ; 8 LEs                ; 8 LEs                  ; Yes        ; |WhackAMole|Authentication:auth_inst|id_verification:id_verify|candidateID[15]                                                         ;
; 7:1                ; 2 bits    ; 8 LEs         ; 6 LEs                ; 2 LEs                  ; Yes        ; |WhackAMole|GameController:game_inst|ScoreCounter:ScoreCounter1|Score[0]                                                               ;
; 7:1                ; 3 bits    ; 12 LEs        ; 6 LEs                ; 6 LEs                  ; Yes        ; |WhackAMole|Authentication:auth_inst|id_verification:id_verify|idInternal[2]                                                           ;
; 3:1                ; 13 bits   ; 26 LEs        ; 26 LEs               ; 0 LEs                  ; No         ; |WhackAMole|Authentication:auth_inst|id_verification:id_verify|State                                                                   ;
; 3:1                ; 2 bits    ; 4 LEs         ; 4 LEs                ; 0 LEs                  ; No         ; |WhackAMole|Authentication:auth_inst|pswd_verification:pw_verify|logout_start_to_ID                                                    ;
; 3:1                ; 2 bits    ; 4 LEs         ; 4 LEs                ; 0 LEs                  ; No         ; |WhackAMole|DisplayController:display_inst|displayState                                                                                ;
; 4:1                ; 5 bits    ; 10 LEs        ; 10 LEs               ; 0 LEs                  ; No         ; |WhackAMole|GameController:game_inst|ScoreCounter:ScoreCounter1|Mux2                                                                   ;
; 4:1                ; 3 bits    ; 6 LEs         ; 6 LEs                ; 0 LEs                  ; No         ; |WhackAMole|GameController:game_inst|Levels:Levels1|seconds_counter                                                                    ;
; 4:1                ; 4 bits    ; 8 LEs         ; 8 LEs                ; 0 LEs                  ; No         ; |WhackAMole|GameController:game_inst|Levels:Levels1|state                                                                              ;
; 4:1                ; 5 bits    ; 10 LEs        ; 10 LEs               ; 0 LEs                  ; No         ; |WhackAMole|DisplayController:display_inst|Selector35                                                                                  ;
; 5:1                ; 4 bits    ; 12 LEs        ; 12 LEs               ; 0 LEs                  ; No         ; |WhackAMole|DisplayController:display_inst|Selector6                                                                                   ;
; 5:1                ; 3 bits    ; 9 LEs         ; 9 LEs                ; 0 LEs                  ; No         ; |WhackAMole|DisplayController:display_inst|Selector32                                                                                  ;
; 12:1               ; 2 bits    ; 16 LEs        ; 12 LEs               ; 4 LEs                  ; No         ; |WhackAMole|DisplayController:display_inst|Selector29                                                                                  ;
+--------------------+-----------+---------------+----------------------+------------------------+------------+----------------------------------------------------------------------------------------------------------------------------------------+


+--------------------------------------------------------------------------------------------------------------------------------------+
; Source assignments for Authentication:auth_inst|PLAYER_ID_ROM:pid_ROM|altsyncram:altsyncram_component|altsyncram_j5g1:auto_generated ;
+---------------------------------+--------------------+------+------------------------------------------------------------------------+
; Assignment                      ; Value              ; From ; To                                                                     ;
+---------------------------------+--------------------+------+------------------------------------------------------------------------+
; OPTIMIZE_POWER_DURING_SYNTHESIS ; NORMAL_COMPILATION ; -    ; -                                                                      ;
+---------------------------------+--------------------+------+------------------------------------------------------------------------+


+----------------------------------------------------------------------------------------------------------------------------------+
; Source assignments for Authentication:auth_inst|RAM_PSWD:pswd_RAM|altsyncram:altsyncram_component|altsyncram_lkl1:auto_generated ;
+---------------------------------+--------------------+------+--------------------------------------------------------------------+
; Assignment                      ; Value              ; From ; To                                                                 ;
+---------------------------------+--------------------+------+--------------------------------------------------------------------+
; OPTIMIZE_POWER_DURING_SYNTHESIS ; NORMAL_COMPILATION ; -    ; -                                                                  ;
+---------------------------------+--------------------+------+--------------------------------------------------------------------+


+----------------------------------------------------------------------------------------------------------------------------------+
; Source assignments for Authentication:auth_inst|ROM_PSWD:pswd_ROM|altsyncram:altsyncram_component|altsyncram_nlf1:auto_generated ;
+---------------------------------+--------------------+------+--------------------------------------------------------------------+
; Assignment                      ; Value              ; From ; To                                                                 ;
+---------------------------------+--------------------+------+--------------------------------------------------------------------+
; OPTIMIZE_POWER_DURING_SYNTHESIS ; NORMAL_COMPILATION ; -    ; -                                                                  ;
+---------------------------------+--------------------+------+--------------------------------------------------------------------+


+--------------------------------------------------------------------------------------------------------------------------------------------------------------+
; Source assignments for GameController:game_inst|ScoreTracker:ScoreTracker1|RAM_Score:ScoreRAM|altsyncram:altsyncram_component|altsyncram_evn1:auto_generated ;
+---------------------------------+--------------------+------+------------------------------------------------------------------------------------------------+
; Assignment                      ; Value              ; From ; To                                                                                             ;
+---------------------------------+--------------------+------+------------------------------------------------------------------------------------------------+
; OPTIMIZE_POWER_DURING_SYNTHESIS ; NORMAL_COMPILATION ; -    ; -                                                                                              ;
+---------------------------------+--------------------+------+------------------------------------------------------------------------------------------------+


+---------------------------------------------------------------+
; Parameter Settings for User Entity Instance: ButtonShaper:bs0 ;
+----------------+-------+--------------------------------------+
; Parameter Name ; Value ; Type                                 ;
+----------------+-------+--------------------------------------+
; INIT           ; 0     ; Signed Integer                       ;
; PULSE          ; 1     ; Signed Integer                       ;
; WAIT           ; 2     ; Signed Integer                       ;
+----------------+-------+--------------------------------------+
Note: In order to hide this table in the UI and the text report file, please set the "Show Parameter Settings in Synthesis Report" option in "Analysis and Synthesis Settings -> More Settings" to "Off".


+---------------------------------------------------------------+
; Parameter Settings for User Entity Instance: ButtonShaper:bs1 ;
+----------------+-------+--------------------------------------+
; Parameter Name ; Value ; Type                                 ;
+----------------+-------+--------------------------------------+
; INIT           ; 0     ; Signed Integer                       ;
; PULSE          ; 1     ; Signed Integer                       ;
; WAIT           ; 2     ; Signed Integer                       ;
+----------------+-------+--------------------------------------+
Note: In order to hide this table in the UI and the text report file, please set the "Show Parameter Settings in Synthesis Report" option in "Analysis and Synthesis Settings -> More Settings" to "Off".


+---------------------------------------------------------------+
; Parameter Settings for User Entity Instance: ButtonShaper:bs2 ;
+----------------+-------+--------------------------------------+
; Parameter Name ; Value ; Type                                 ;
+----------------+-------+--------------------------------------+
; INIT           ; 0     ; Signed Integer                       ;
; PULSE          ; 1     ; Signed Integer                       ;
; WAIT           ; 2     ; Signed Integer                       ;
+----------------+-------+--------------------------------------+
Note: In order to hide this table in the UI and the text report file, please set the "Show Parameter Settings in Synthesis Report" option in "Analysis and Synthesis Settings -> More Settings" to "Off".


+---------------------------------------------------------------+
; Parameter Settings for User Entity Instance: ButtonShaper:bs3 ;
+----------------+-------+--------------------------------------+
; Parameter Name ; Value ; Type                                 ;
+----------------+-------+--------------------------------------+
; INIT           ; 0     ; Signed Integer                       ;
; PULSE          ; 1     ; Signed Integer                       ;
; WAIT           ; 2     ; Signed Integer                       ;
+----------------+-------+--------------------------------------+
Note: In order to hide this table in the UI and the text report file, please set the "Show Parameter Settings in Synthesis Report" option in "Analysis and Synthesis Settings -> More Settings" to "Off".


+-------------------------------------------------------------------------------------------------+
; Parameter Settings for User Entity Instance: Authentication:auth_inst|id_verification:id_verify ;
+----------------+-------+------------------------------------------------------------------------+
; Parameter Name ; Value ; Type                                                                   ;
+----------------+-------+------------------------------------------------------------------------+
; ID_DIGIT1      ; 0     ; Signed Integer                                                         ;
; ID_DIGIT2      ; 1     ; Signed Integer                                                         ;
; ID_DIGIT3      ; 2     ; Signed Integer                                                         ;
; ID_DIGIT4      ; 3     ; Signed Integer                                                         ;
; FETCH_ID       ; 4     ; Signed Integer                                                         ;
; WAIT1          ; 5     ; Signed Integer                                                         ;
; WAIT2          ; 6     ; Signed Integer                                                         ;
; CATCH_ID       ; 7     ; Signed Integer                                                         ;
; COMPARE_IDS    ; 8     ; Signed Integer                                                         ;
; ID_VERIFIED    ; 9     ; Signed Integer                                                         ;
+----------------+-------+------------------------------------------------------------------------+
Note: In order to hide this table in the UI and the text report file, please set the "Show Parameter Settings in Synthesis Report" option in "Analysis and Synthesis Settings -> More Settings" to "Off".


+---------------------------------------------------------------------------------------------------+
; Parameter Settings for User Entity Instance: Authentication:auth_inst|pswd_verification:pw_verify ;
+----------------+-------+--------------------------------------------------------------------------+
; Parameter Name ; Value ; Type                                                                     ;
+----------------+-------+--------------------------------------------------------------------------+
; WAIT_4_ID      ; 0     ; Signed Integer                                                           ;
; DIGIT1         ; 1     ; Signed Integer                                                           ;
; DIGIT2         ; 2     ; Signed Integer                                                           ;
; DIGIT3         ; 3     ; Signed Integer                                                           ;
; DIGIT4         ; 4     ; Signed Integer                                                           ;
; DIGIT5         ; 5     ; Signed Integer                                                           ;
; DIGIT6         ; 6     ; Signed Integer                                                           ;
; FETCH_PW       ; 7     ; Signed Integer                                                           ;
; WAIT1          ; 8     ; Signed Integer                                                           ;
; WAIT2          ; 9     ; Signed Integer                                                           ;
; CATCH_PW       ; 10    ; Signed Integer                                                           ;
; CMP_PWS        ; 11    ; Signed Integer                                                           ;
; LOGOUT_WAIT    ; 12    ; Signed Integer                                                           ;
; PASSED         ; 13    ; Signed Integer                                                           ;
; RESET_D1       ; 14    ; Signed Integer                                                           ;
; RESET_D2       ; 15    ; Signed Integer                                                           ;
; RESET_D3       ; 16    ; Signed Integer                                                           ;
; RESET_D4       ; 17    ; Signed Integer                                                           ;
; RESET_D5       ; 18    ; Signed Integer                                                           ;
; RESET_D6       ; 19    ; Signed Integer                                                           ;
; SEND_PW        ; 20    ; Signed Integer                                                           ;
; RELEASE_PW     ; 21    ; Signed Integer                                                           ;
+----------------+-------+--------------------------------------------------------------------------+
Note: In order to hide this table in the UI and the text report file, please set the "Show Parameter Settings in Synthesis Report" option in "Analysis and Synthesis Settings -> More Settings" to "Off".


+-----------------------------------------------------------------------------------------------------------------------------+
; Parameter Settings for User Entity Instance: Authentication:auth_inst|PLAYER_ID_ROM:pid_ROM|altsyncram:altsyncram_component ;
+------------------------------------+----------------------+-----------------------------------------------------------------+
; Parameter Name                     ; Value                ; Type                                                            ;
+------------------------------------+----------------------+-----------------------------------------------------------------+
; BYTE_SIZE_BLOCK                    ; 8                    ; Untyped                                                         ;
; AUTO_CARRY_CHAINS                  ; ON                   ; AUTO_CARRY                                                      ;
; IGNORE_CARRY_BUFFERS               ; OFF                  ; IGNORE_CARRY                                                    ;
; AUTO_CASCADE_CHAINS                ; ON                   ; AUTO_CASCADE                                                    ;
; IGNORE_CASCADE_BUFFERS             ; OFF                  ; IGNORE_CASCADE                                                  ;
; WIDTH_BYTEENA                      ; 1                    ; Untyped                                                         ;
; OPERATION_MODE                     ; ROM                  ; Untyped                                                         ;
; WIDTH_A                            ; 16                   ; Signed Integer                                                  ;
; WIDTHAD_A                          ; 5                    ; Signed Integer                                                  ;
; NUMWORDS_A                         ; 32                   ; Signed Integer                                                  ;
; OUTDATA_REG_A                      ; CLOCK0               ; Untyped                                                         ;
; ADDRESS_ACLR_A                     ; NONE                 ; Untyped                                                         ;
; OUTDATA_ACLR_A                     ; NONE                 ; Untyped                                                         ;
; WRCONTROL_ACLR_A                   ; NONE                 ; Untyped                                                         ;
; INDATA_ACLR_A                      ; NONE                 ; Untyped                                                         ;
; BYTEENA_ACLR_A                     ; NONE                 ; Untyped                                                         ;
; WIDTH_B                            ; 1                    ; Untyped                                                         ;
; WIDTHAD_B                          ; 1                    ; Untyped                                                         ;
; NUMWORDS_B                         ; 1                    ; Untyped                                                         ;
; INDATA_REG_B                       ; CLOCK1               ; Untyped                                                         ;
; WRCONTROL_WRADDRESS_REG_B          ; CLOCK1               ; Untyped                                                         ;
; RDCONTROL_REG_B                    ; CLOCK1               ; Untyped                                                         ;
; ADDRESS_REG_B                      ; CLOCK1               ; Untyped                                                         ;
; OUTDATA_REG_B                      ; UNREGISTERED         ; Untyped                                                         ;
; BYTEENA_REG_B                      ; CLOCK1               ; Untyped                                                         ;
; INDATA_ACLR_B                      ; NONE                 ; Untyped                                                         ;
; WRCONTROL_ACLR_B                   ; NONE                 ; Untyped                                                         ;
; ADDRESS_ACLR_B                     ; NONE                 ; Untyped                                                         ;
; OUTDATA_ACLR_B                     ; NONE                 ; Untyped                                                         ;
; RDCONTROL_ACLR_B                   ; NONE                 ; Untyped                                                         ;
; BYTEENA_ACLR_B                     ; NONE                 ; Untyped                                                         ;
; WIDTH_BYTEENA_A                    ; 1                    ; Signed Integer                                                  ;
; WIDTH_BYTEENA_B                    ; 1                    ; Untyped                                                         ;
; RAM_BLOCK_TYPE                     ; AUTO                 ; Untyped                                                         ;
; BYTE_SIZE                          ; 8                    ; Untyped                                                         ;
; READ_DURING_WRITE_MODE_MIXED_PORTS ; DONT_CARE            ; Untyped                                                         ;
; READ_DURING_WRITE_MODE_PORT_A      ; NEW_DATA_NO_NBE_READ ; Untyped                                                         ;
; READ_DURING_WRITE_MODE_PORT_B      ; NEW_DATA_NO_NBE_READ ; Untyped                                                         ;
; INIT_FILE                          ; PLAYER_ID_ROM.hex    ; Untyped                                                         ;
; INIT_FILE_LAYOUT                   ; PORT_A               ; Untyped                                                         ;
; MAXIMUM_DEPTH                      ; 0                    ; Untyped                                                         ;
; CLOCK_ENABLE_INPUT_A               ; BYPASS               ; Untyped                                                         ;
; CLOCK_ENABLE_INPUT_B               ; NORMAL               ; Untyped                                                         ;
; CLOCK_ENABLE_OUTPUT_A              ; BYPASS               ; Untyped                                                         ;
; CLOCK_ENABLE_OUTPUT_B              ; NORMAL               ; Untyped                                                         ;
; CLOCK_ENABLE_CORE_A                ; USE_INPUT_CLKEN      ; Untyped                                                         ;
; CLOCK_ENABLE_CORE_B                ; USE_INPUT_CLKEN      ; Untyped                                                         ;
; ENABLE_ECC                         ; FALSE                ; Untyped                                                         ;
; ECC_PIPELINE_STAGE_ENABLED         ; FALSE                ; Untyped                                                         ;
; WIDTH_ECCSTATUS                    ; 3                    ; Untyped                                                         ;
; DEVICE_FAMILY                      ; Cyclone V            ; Untyped                                                         ;
; CBXI_PARAMETER                     ; altsyncram_j5g1      ; Untyped                                                         ;
+------------------------------------+----------------------+-----------------------------------------------------------------+
Note: In order to hide this table in the UI and the text report file, please set the "Show Parameter Settings in Synthesis Report" option in "Analysis and Synthesis Settings -> More Settings" to "Off".


+-------------------------------------------------------------------------------------------------------------------------+
; Parameter Settings for User Entity Instance: Authentication:auth_inst|RAM_PSWD:pswd_RAM|altsyncram:altsyncram_component ;
+------------------------------------+----------------------+-------------------------------------------------------------+
; Parameter Name                     ; Value                ; Type                                                        ;
+------------------------------------+----------------------+-------------------------------------------------------------+
; BYTE_SIZE_BLOCK                    ; 8                    ; Untyped                                                     ;
; AUTO_CARRY_CHAINS                  ; ON                   ; AUTO_CARRY                                                  ;
; IGNORE_CARRY_BUFFERS               ; OFF                  ; IGNORE_CARRY                                                ;
; AUTO_CASCADE_CHAINS                ; ON                   ; AUTO_CASCADE                                                ;
; IGNORE_CASCADE_BUFFERS             ; OFF                  ; IGNORE_CASCADE                                              ;
; WIDTH_BYTEENA                      ; 1                    ; Untyped                                                     ;
; OPERATION_MODE                     ; SINGLE_PORT          ; Untyped                                                     ;
; WIDTH_A                            ; 24                   ; Signed Integer                                              ;
; WIDTHAD_A                          ; 5                    ; Signed Integer                                              ;
; NUMWORDS_A                         ; 32                   ; Signed Integer                                              ;
; OUTDATA_REG_A                      ; CLOCK0               ; Untyped                                                     ;
; ADDRESS_ACLR_A                     ; NONE                 ; Untyped                                                     ;
; OUTDATA_ACLR_A                     ; NONE                 ; Untyped                                                     ;
; WRCONTROL_ACLR_A                   ; NONE                 ; Untyped                                                     ;
; INDATA_ACLR_A                      ; NONE                 ; Untyped                                                     ;
; BYTEENA_ACLR_A                     ; NONE                 ; Untyped                                                     ;
; WIDTH_B                            ; 1                    ; Untyped                                                     ;
; WIDTHAD_B                          ; 1                    ; Untyped                                                     ;
; NUMWORDS_B                         ; 1                    ; Untyped                                                     ;
; INDATA_REG_B                       ; CLOCK1               ; Untyped                                                     ;
; WRCONTROL_WRADDRESS_REG_B          ; CLOCK1               ; Untyped                                                     ;
; RDCONTROL_REG_B                    ; CLOCK1               ; Untyped                                                     ;
; ADDRESS_REG_B                      ; CLOCK1               ; Untyped                                                     ;
; OUTDATA_REG_B                      ; UNREGISTERED         ; Untyped                                                     ;
; BYTEENA_REG_B                      ; CLOCK1               ; Untyped                                                     ;
; INDATA_ACLR_B                      ; NONE                 ; Untyped                                                     ;
; WRCONTROL_ACLR_B                   ; NONE                 ; Untyped                                                     ;
; ADDRESS_ACLR_B                     ; NONE                 ; Untyped                                                     ;
; OUTDATA_ACLR_B                     ; NONE                 ; Untyped                                                     ;
; RDCONTROL_ACLR_B                   ; NONE                 ; Untyped                                                     ;
; BYTEENA_ACLR_B                     ; NONE                 ; Untyped                                                     ;
; WIDTH_BYTEENA_A                    ; 1                    ; Signed Integer                                              ;
; WIDTH_BYTEENA_B                    ; 1                    ; Untyped                                                     ;
; RAM_BLOCK_TYPE                     ; AUTO                 ; Untyped                                                     ;
; BYTE_SIZE                          ; 8                    ; Untyped                                                     ;
; READ_DURING_WRITE_MODE_MIXED_PORTS ; DONT_CARE            ; Untyped                                                     ;
; READ_DURING_WRITE_MODE_PORT_A      ; NEW_DATA_NO_NBE_READ ; Untyped                                                     ;
; READ_DURING_WRITE_MODE_PORT_B      ; NEW_DATA_NO_NBE_READ ; Untyped                                                     ;
; INIT_FILE                          ; UNUSED               ; Untyped                                                     ;
; INIT_FILE_LAYOUT                   ; PORT_A               ; Untyped                                                     ;
; MAXIMUM_DEPTH                      ; 0                    ; Untyped                                                     ;
; CLOCK_ENABLE_INPUT_A               ; BYPASS               ; Untyped                                                     ;
; CLOCK_ENABLE_INPUT_B               ; NORMAL               ; Untyped                                                     ;
; CLOCK_ENABLE_OUTPUT_A              ; BYPASS               ; Untyped                                                     ;
; CLOCK_ENABLE_OUTPUT_B              ; NORMAL               ; Untyped                                                     ;
; CLOCK_ENABLE_CORE_A                ; USE_INPUT_CLKEN      ; Untyped                                                     ;
; CLOCK_ENABLE_CORE_B                ; USE_INPUT_CLKEN      ; Untyped                                                     ;
; ENABLE_ECC                         ; FALSE                ; Untyped                                                     ;
; ECC_PIPELINE_STAGE_ENABLED         ; FALSE                ; Untyped                                                     ;
; WIDTH_ECCSTATUS                    ; 3                    ; Untyped                                                     ;
; DEVICE_FAMILY                      ; Cyclone V            ; Untyped                                                     ;
; CBXI_PARAMETER                     ; altsyncram_lkl1      ; Untyped                                                     ;
+------------------------------------+----------------------+-------------------------------------------------------------+
Note: In order to hide this table in the UI and the text report file, please set the "Show Parameter Settings in Synthesis Report" option in "Analysis and Synthesis Settings -> More Settings" to "Off".


+-------------------------------------------------------------------------------------------------------------------------+
; Parameter Settings for User Entity Instance: Authentication:auth_inst|ROM_PSWD:pswd_ROM|altsyncram:altsyncram_component ;
+------------------------------------+----------------------+-------------------------------------------------------------+
; Parameter Name                     ; Value                ; Type                                                        ;
+------------------------------------+----------------------+-------------------------------------------------------------+
; BYTE_SIZE_BLOCK                    ; 8                    ; Untyped                                                     ;
; AUTO_CARRY_CHAINS                  ; ON                   ; AUTO_CARRY                                                  ;
; IGNORE_CARRY_BUFFERS               ; OFF                  ; IGNORE_CARRY                                                ;
; AUTO_CASCADE_CHAINS                ; ON                   ; AUTO_CASCADE                                                ;
; IGNORE_CASCADE_BUFFERS             ; OFF                  ; IGNORE_CASCADE                                              ;
; WIDTH_BYTEENA                      ; 1                    ; Untyped                                                     ;
; OPERATION_MODE                     ; ROM                  ; Untyped                                                     ;
; WIDTH_A                            ; 24                   ; Signed Integer                                              ;
; WIDTHAD_A                          ; 5                    ; Signed Integer                                              ;
; NUMWORDS_A                         ; 32                   ; Signed Integer                                              ;
; OUTDATA_REG_A                      ; CLOCK0               ; Untyped                                                     ;
; ADDRESS_ACLR_A                     ; NONE                 ; Untyped                                                     ;
; OUTDATA_ACLR_A                     ; NONE                 ; Untyped                                                     ;
; WRCONTROL_ACLR_A                   ; NONE                 ; Untyped                                                     ;
; INDATA_ACLR_A                      ; NONE                 ; Untyped                                                     ;
; BYTEENA_ACLR_A                     ; NONE                 ; Untyped                                                     ;
; WIDTH_B                            ; 1                    ; Untyped                                                     ;
; WIDTHAD_B                          ; 1                    ; Untyped                                                     ;
; NUMWORDS_B                         ; 1                    ; Untyped                                                     ;
; INDATA_REG_B                       ; CLOCK1               ; Untyped                                                     ;
; WRCONTROL_WRADDRESS_REG_B          ; CLOCK1               ; Untyped                                                     ;
; RDCONTROL_REG_B                    ; CLOCK1               ; Untyped                                                     ;
; ADDRESS_REG_B                      ; CLOCK1               ; Untyped                                                     ;
; OUTDATA_REG_B                      ; UNREGISTERED         ; Untyped                                                     ;
; BYTEENA_REG_B                      ; CLOCK1               ; Untyped                                                     ;
; INDATA_ACLR_B                      ; NONE                 ; Untyped                                                     ;
; WRCONTROL_ACLR_B                   ; NONE                 ; Untyped                                                     ;
; ADDRESS_ACLR_B                     ; NONE                 ; Untyped                                                     ;
; OUTDATA_ACLR_B                     ; NONE                 ; Untyped                                                     ;
; RDCONTROL_ACLR_B                   ; NONE                 ; Untyped                                                     ;
; BYTEENA_ACLR_B                     ; NONE                 ; Untyped                                                     ;
; WIDTH_BYTEENA_A                    ; 1                    ; Signed Integer                                              ;
; WIDTH_BYTEENA_B                    ; 1                    ; Untyped                                                     ;
; RAM_BLOCK_TYPE                     ; AUTO                 ; Untyped                                                     ;
; BYTE_SIZE                          ; 8                    ; Untyped                                                     ;
; READ_DURING_WRITE_MODE_MIXED_PORTS ; DONT_CARE            ; Untyped                                                     ;
; READ_DURING_WRITE_MODE_PORT_A      ; NEW_DATA_NO_NBE_READ ; Untyped                                                     ;
; READ_DURING_WRITE_MODE_PORT_B      ; NEW_DATA_NO_NBE_READ ; Untyped                                                     ;
; INIT_FILE                          ; ROM_PSWD.hex         ; Untyped                                                     ;
; INIT_FILE_LAYOUT                   ; PORT_A               ; Untyped                                                     ;
; MAXIMUM_DEPTH                      ; 0                    ; Untyped                                                     ;
; CLOCK_ENABLE_INPUT_A               ; BYPASS               ; Untyped                                                     ;
; CLOCK_ENABLE_INPUT_B               ; NORMAL               ; Untyped                                                     ;
; CLOCK_ENABLE_OUTPUT_A              ; BYPASS               ; Untyped                                                     ;
; CLOCK_ENABLE_OUTPUT_B              ; NORMAL               ; Untyped                                                     ;
; CLOCK_ENABLE_CORE_A                ; USE_INPUT_CLKEN      ; Untyped                                                     ;
; CLOCK_ENABLE_CORE_B                ; USE_INPUT_CLKEN      ; Untyped                                                     ;
; ENABLE_ECC                         ; FALSE                ; Untyped                                                     ;
; ECC_PIPELINE_STAGE_ENABLED         ; FALSE                ; Untyped                                                     ;
; WIDTH_ECCSTATUS                    ; 3                    ; Untyped                                                     ;
; DEVICE_FAMILY                      ; Cyclone V            ; Untyped                                                     ;
; CBXI_PARAMETER                     ; altsyncram_nlf1      ; Untyped                                                     ;
+------------------------------------+----------------------+-------------------------------------------------------------+
Note: In order to hide this table in the UI and the text report file, please set the "Show Parameter Settings in Synthesis Report" option in "Analysis and Synthesis Settings -> More Settings" to "Off".


+-----------------------------------------------------------------------+
; Parameter Settings for User Entity Instance: GameController:game_inst ;
+----------------+-------+----------------------------------------------+
; Parameter Name ; Value ; Type                                         ;
+----------------+-------+----------------------------------------------+
; loggedOut      ; 0     ; Signed Integer                               ;
; preGame        ; 1     ; Signed Integer                               ;
; gameRun        ; 2     ; Signed Integer                               ;
; gameOver       ; 3     ; Signed Integer                               ;
+----------------+-------+----------------------------------------------+
Note: In order to hide this table in the UI and the text report file, please set the "Show Parameter Settings in Synthesis Report" option in "Analysis and Synthesis Settings -> More Settings" to "Off".


+--------------------------------------------------------------------------------------+
; Parameter Settings for User Entity Instance: GameController:game_inst|Levels:Levels1 ;
+----------------+-------+-------------------------------------------------------------+
; Parameter Name ; Value ; Type                                                        ;
+----------------+-------+-------------------------------------------------------------+
; IDLE           ; 00    ; Unsigned Binary                                             ;
; LEVEL1         ; 01    ; Unsigned Binary                                             ;
; LEVEL2         ; 10    ; Unsigned Binary                                             ;
; LEVEL3         ; 11    ; Unsigned Binary                                             ;
+----------------+-------+-------------------------------------------------------------+
Note: In order to hide this table in the UI and the text report file, please set the "Show Parameter Settings in Synthesis Report" option in "Analysis and Synthesis Settings -> More Settings" to "Off".


+--------------------------------------------------------------------------------------------------+
; Parameter Settings for User Entity Instance: GameController:game_inst|ScoreTracker:ScoreTracker1 ;
+----------------+-------+-------------------------------------------------------------------------+
; Parameter Name ; Value ; Type                                                                    ;
+----------------+-------+-------------------------------------------------------------------------+
; RAM_INIT       ; 0     ; Signed Integer                                                          ;
; WAIT_FOR_SCORE ; 1     ; Signed Integer                                                          ;
; FETCH_RAM      ; 2     ; Signed Integer                                                          ;
; RAM_CYCLE1     ; 3     ; Signed Integer                                                          ;
; RAM_CYCLE2     ; 4     ; Signed Integer                                                          ;
; CATCH_RAM      ; 5     ; Signed Integer                                                          ;
; COMPARE_SCORES ; 6     ; Signed Integer                                                          ;
; UPDATE_RAM     ; 7     ; Signed Integer                                                          ;
; CHECK_GLOBAL   ; 8     ; Signed Integer                                                          ;
; UPDATE_GLOBAL  ; 9     ; Signed Integer                                                          ;
; DONE           ; 10    ; Signed Integer                                                          ;
+----------------+-------+-------------------------------------------------------------------------+
Note: In order to hide this table in the UI and the text report file, please set the "Show Parameter Settings in Synthesis Report" option in "Analysis and Synthesis Settings -> More Settings" to "Off".


+-----------------------------------------------------------------------------------------------------------------------------------------------------+
; Parameter Settings for User Entity Instance: GameController:game_inst|ScoreTracker:ScoreTracker1|RAM_Score:ScoreRAM|altsyncram:altsyncram_component ;
+------------------------------------+----------------------+-----------------------------------------------------------------------------------------+
; Parameter Name                     ; Value                ; Type                                                                                    ;
+------------------------------------+----------------------+-----------------------------------------------------------------------------------------+
; BYTE_SIZE_BLOCK                    ; 8                    ; Untyped                                                                                 ;
; AUTO_CARRY_CHAINS                  ; ON                   ; AUTO_CARRY                                                                              ;
; IGNORE_CARRY_BUFFERS               ; OFF                  ; IGNORE_CARRY                                                                            ;
; AUTO_CASCADE_CHAINS                ; ON                   ; AUTO_CASCADE                                                                            ;
; IGNORE_CASCADE_BUFFERS             ; OFF                  ; IGNORE_CASCADE                                                                          ;
; WIDTH_BYTEENA                      ; 1                    ; Untyped                                                                                 ;
; OPERATION_MODE                     ; SINGLE_PORT          ; Untyped                                                                                 ;
; WIDTH_A                            ; 7                    ; Signed Integer                                                                          ;
; WIDTHAD_A                          ; 6                    ; Signed Integer                                                                          ;
; NUMWORDS_A                         ; 64                   ; Signed Integer                                                                          ;
; OUTDATA_REG_A                      ; CLOCK0               ; Untyped                                                                                 ;
; ADDRESS_ACLR_A                     ; NONE                 ; Untyped                                                                                 ;
; OUTDATA_ACLR_A                     ; NONE                 ; Untyped                                                                                 ;
; WRCONTROL_ACLR_A                   ; NONE                 ; Untyped                                                                                 ;
; INDATA_ACLR_A                      ; NONE                 ; Untyped                                                                                 ;
; BYTEENA_ACLR_A                     ; NONE                 ; Untyped                                                                                 ;
; WIDTH_B                            ; 1                    ; Untyped                                                                                 ;
; WIDTHAD_B                          ; 1                    ; Untyped                                                                                 ;
; NUMWORDS_B                         ; 1                    ; Untyped                                                                                 ;
; INDATA_REG_B                       ; CLOCK1               ; Untyped                                                                                 ;
; WRCONTROL_WRADDRESS_REG_B          ; CLOCK1               ; Untyped                                                                                 ;
; RDCONTROL_REG_B                    ; CLOCK1               ; Untyped                                                                                 ;
; ADDRESS_REG_B                      ; CLOCK1               ; Untyped                                                                                 ;
; OUTDATA_REG_B                      ; UNREGISTERED         ; Untyped                                                                                 ;
; BYTEENA_REG_B                      ; CLOCK1               ; Untyped                                                                                 ;
; INDATA_ACLR_B                      ; NONE                 ; Untyped                                                                                 ;
; WRCONTROL_ACLR_B                   ; NONE                 ; Untyped                                                                                 ;
; ADDRESS_ACLR_B                     ; NONE                 ; Untyped                                                                                 ;
; OUTDATA_ACLR_B                     ; NONE                 ; Untyped                                                                                 ;
; RDCONTROL_ACLR_B                   ; NONE                 ; Untyped                                                                                 ;
; BYTEENA_ACLR_B                     ; NONE                 ; Untyped                                                                                 ;
; WIDTH_BYTEENA_A                    ; 1                    ; Signed Integer                                                                          ;
; WIDTH_BYTEENA_B                    ; 1                    ; Untyped                                                                                 ;
; RAM_BLOCK_TYPE                     ; AUTO                 ; Untyped                                                                                 ;
; BYTE_SIZE                          ; 8                    ; Untyped                                                                                 ;
; READ_DURING_WRITE_MODE_MIXED_PORTS ; DONT_CARE            ; Untyped                                                                                 ;
; READ_DURING_WRITE_MODE_PORT_A      ; NEW_DATA_NO_NBE_READ ; Untyped                                                                                 ;
; READ_DURING_WRITE_MODE_PORT_B      ; NEW_DATA_NO_NBE_READ ; Untyped                                                                                 ;
; INIT_FILE                          ; RAM_Score.hex        ; Untyped                                                                                 ;
; INIT_FILE_LAYOUT                   ; PORT_A               ; Untyped                                                                                 ;
; MAXIMUM_DEPTH                      ; 0                    ; Untyped                                                                                 ;
; CLOCK_ENABLE_INPUT_A               ; BYPASS               ; Untyped                                                                                 ;
; CLOCK_ENABLE_INPUT_B               ; NORMAL               ; Untyped                                                                                 ;
; CLOCK_ENABLE_OUTPUT_A              ; BYPASS               ; Untyped                                                                                 ;
; CLOCK_ENABLE_OUTPUT_B              ; NORMAL               ; Untyped                                                                                 ;
; CLOCK_ENABLE_CORE_A                ; USE_INPUT_CLKEN      ; Untyped                                                                                 ;
; CLOCK_ENABLE_CORE_B                ; USE_INPUT_CLKEN      ; Untyped                                                                                 ;
; ENABLE_ECC                         ; FALSE                ; Untyped                                                                                 ;
; ECC_PIPELINE_STAGE_ENABLED         ; FALSE                ; Untyped                                                                                 ;
; WIDTH_ECCSTATUS                    ; 3                    ; Untyped                                                                                 ;
; DEVICE_FAMILY                      ; Cyclone V            ; Untyped                                                                                 ;
; CBXI_PARAMETER                     ; altsyncram_evn1      ; Untyped                                                                                 ;
+------------------------------------+----------------------+-----------------------------------------------------------------------------------------+
Note: In order to hide this table in the UI and the text report file, please set the "Show Parameter Settings in Synthesis Report" option in "Analysis and Synthesis Settings -> More Settings" to "Off".


+-----------------------------------------------------------------------------+
; Parameter Settings for User Entity Instance: DisplayController:display_inst ;
+----------------+-----------+------------------------------------------------+
; Parameter Name ; Value     ; Type                                           ;
+----------------+-----------+------------------------------------------------+
; IDLE           ; 0         ; Signed Integer                                 ;
; GAMING         ; 1         ; Signed Integer                                 ;
; FLASH          ; 2         ; Signed Integer                                 ;
; FINAL          ; 3         ; Signed Integer                                 ;
; FLASH_INTERVAL ; 25000000  ; Signed Integer                                 ;
; FLASH_DURATION ; 200000000 ; Signed Integer                                 ;
; FLASH_CYCLES   ; 4         ; Signed Integer                                 ;
+----------------+-----------+------------------------------------------------+
Note: In order to hide this table in the UI and the text report file, please set the "Show Parameter Settings in Synthesis Report" option in "Analysis and Synthesis Settings -> More Settings" to "Off".


+---------------------------------------------------------------------------------------------------------------------------+
; Parameter Settings for Inferred Entity Instance: DisplayController:display_inst|ScoreDisplay:scoreDisplay|lpm_divide:Div0 ;
+------------------------+----------------+---------------------------------------------------------------------------------+
; Parameter Name         ; Value          ; Type                                                                            ;
+------------------------+----------------+---------------------------------------------------------------------------------+
; LPM_WIDTHN             ; 7              ; Untyped                                                                         ;
; LPM_WIDTHD             ; 4              ; Untyped                                                                         ;
; LPM_NREPRESENTATION    ; UNSIGNED       ; Untyped                                                                         ;
; LPM_DREPRESENTATION    ; UNSIGNED       ; Untyped                                                                         ;
; LPM_PIPELINE           ; 0              ; Untyped                                                                         ;
; LPM_REMAINDERPOSITIVE  ; TRUE           ; Untyped                                                                         ;
; MAXIMIZE_SPEED         ; 5              ; Untyped                                                                         ;
; CBXI_PARAMETER         ; lpm_divide_4am ; Untyped                                                                         ;
; CARRY_CHAIN            ; MANUAL         ; Untyped                                                                         ;
; OPTIMIZE_FOR_SPEED     ; 5              ; Untyped                                                                         ;
; AUTO_CARRY_CHAINS      ; ON             ; AUTO_CARRY                                                                      ;
; IGNORE_CARRY_BUFFERS   ; OFF            ; IGNORE_CARRY                                                                    ;
; AUTO_CASCADE_CHAINS    ; ON             ; AUTO_CASCADE                                                                    ;
; IGNORE_CASCADE_BUFFERS ; OFF            ; IGNORE_CASCADE                                                                  ;
+------------------------+----------------+---------------------------------------------------------------------------------+
Note: In order to hide this table in the UI and the text report file, please set the "Show Parameter Settings in Synthesis Report" option in "Analysis and Synthesis Settings -> More Settings" to "Off".


+---------------------------------------------------------------------------------------------------------------------------+
; Parameter Settings for Inferred Entity Instance: DisplayController:display_inst|ScoreDisplay:scoreDisplay|lpm_divide:Mod0 ;
+------------------------+----------------+---------------------------------------------------------------------------------+
; Parameter Name         ; Value          ; Type                                                                            ;
+------------------------+----------------+---------------------------------------------------------------------------------+
; LPM_WIDTHN             ; 7              ; Untyped                                                                         ;
; LPM_WIDTHD             ; 4              ; Untyped                                                                         ;
; LPM_NREPRESENTATION    ; UNSIGNED       ; Untyped                                                                         ;
; LPM_DREPRESENTATION    ; UNSIGNED       ; Untyped                                                                         ;
; LPM_PIPELINE           ; 0              ; Untyped                                                                         ;
; LPM_REMAINDERPOSITIVE  ; TRUE           ; Untyped                                                                         ;
; MAXIMIZE_SPEED         ; 5              ; Untyped                                                                         ;
; CBXI_PARAMETER         ; lpm_divide_72m ; Untyped                                                                         ;
; CARRY_CHAIN            ; MANUAL         ; Untyped                                                                         ;
; OPTIMIZE_FOR_SPEED     ; 5              ; Untyped                                                                         ;
; AUTO_CARRY_CHAINS      ; ON             ; AUTO_CARRY                                                                      ;
; IGNORE_CARRY_BUFFERS   ; OFF            ; IGNORE_CARRY                                                                    ;
; AUTO_CASCADE_CHAINS    ; ON             ; AUTO_CASCADE                                                                    ;
; IGNORE_CASCADE_BUFFERS ; OFF            ; IGNORE_CASCADE                                                                  ;
+------------------------+----------------+---------------------------------------------------------------------------------+
Note: In order to hide this table in the UI and the text report file, please set the "Show Parameter Settings in Synthesis Report" option in "Analysis and Synthesis Settings -> More Settings" to "Off".


+-------------------------------------------------------------------------------------------------+
; Parameter Settings for Inferred Entity Instance: DisplayController:display_inst|lpm_divide:Div0 ;
+------------------------+----------------+-------------------------------------------------------+
; Parameter Name         ; Value          ; Type                                                  ;
+------------------------+----------------+-------------------------------------------------------+
; LPM_WIDTHN             ; 32             ; Untyped                                               ;
; LPM_WIDTHD             ; 25             ; Untyped                                               ;
; LPM_NREPRESENTATION    ; UNSIGNED       ; Untyped                                               ;
; LPM_DREPRESENTATION    ; UNSIGNED       ; Untyped                                               ;
; LPM_PIPELINE           ; 0              ; Untyped                                               ;
; LPM_REMAINDERPOSITIVE  ; TRUE           ; Untyped                                               ;
; MAXIMIZE_SPEED         ; 5              ; Untyped                                               ;
; CBXI_PARAMETER         ; lpm_divide_5dm ; Untyped                                               ;
; CARRY_CHAIN            ; MANUAL         ; Untyped                                               ;
; OPTIMIZE_FOR_SPEED     ; 5              ; Untyped                                               ;
; AUTO_CARRY_CHAINS      ; ON             ; AUTO_CARRY                                            ;
; IGNORE_CARRY_BUFFERS   ; OFF            ; IGNORE_CARRY                                          ;
; AUTO_CASCADE_CHAINS    ; ON             ; AUTO_CASCADE                                          ;
; IGNORE_CASCADE_BUFFERS ; OFF            ; IGNORE_CASCADE                                        ;
+------------------------+----------------+-------------------------------------------------------+
Note: In order to hide this table in the UI and the text report file, please set the "Show Parameter Settings in Synthesis Report" option in "Analysis and Synthesis Settings -> More Settings" to "Off".


+---------------------------------------------------------------------------------------------------------------------------+
; Parameter Settings for Inferred Entity Instance: DisplayController:display_inst|ScoreDisplay:scoreDisplay|lpm_divide:Mod1 ;
+------------------------+----------------+---------------------------------------------------------------------------------+
; Parameter Name         ; Value          ; Type                                                                            ;
+------------------------+----------------+---------------------------------------------------------------------------------+
; LPM_WIDTHN             ; 7              ; Untyped                                                                         ;
; LPM_WIDTHD             ; 4              ; Untyped                                                                         ;
; LPM_NREPRESENTATION    ; UNSIGNED       ; Untyped                                                                         ;
; LPM_DREPRESENTATION    ; UNSIGNED       ; Untyped                                                                         ;
; LPM_PIPELINE           ; 0              ; Untyped                                                                         ;
; LPM_REMAINDERPOSITIVE  ; TRUE           ; Untyped                                                                         ;
; MAXIMIZE_SPEED         ; 5              ; Untyped                                                                         ;
; CBXI_PARAMETER         ; lpm_divide_72m ; Untyped                                                                         ;
; CARRY_CHAIN            ; MANUAL         ; Untyped                                                                         ;
; OPTIMIZE_FOR_SPEED     ; 5              ; Untyped                                                                         ;
; AUTO_CARRY_CHAINS      ; ON             ; AUTO_CARRY                                                                      ;
; IGNORE_CARRY_BUFFERS   ; OFF            ; IGNORE_CARRY                                                                    ;
; AUTO_CASCADE_CHAINS    ; ON             ; AUTO_CASCADE                                                                    ;
; IGNORE_CASCADE_BUFFERS ; OFF            ; IGNORE_CASCADE                                                                  ;
+------------------------+----------------+---------------------------------------------------------------------------------+
Note: In order to hide this table in the UI and the text report file, please set the "Show Parameter Settings in Synthesis Report" option in "Analysis and Synthesis Settings -> More Settings" to "Off".


+--------------------------------------------------------------------------------------------------------------------------+
; Parameter Settings for Inferred Entity Instance: DisplayController:display_inst|ScoreDisplay:bestDisplay|lpm_divide:Div0 ;
+------------------------+----------------+--------------------------------------------------------------------------------+
; Parameter Name         ; Value          ; Type                                                                           ;
+------------------------+----------------+--------------------------------------------------------------------------------+
; LPM_WIDTHN             ; 7              ; Untyped                                                                        ;
; LPM_WIDTHD             ; 4              ; Untyped                                                                        ;
; LPM_NREPRESENTATION    ; UNSIGNED       ; Untyped                                                                        ;
; LPM_DREPRESENTATION    ; UNSIGNED       ; Untyped                                                                        ;
; LPM_PIPELINE           ; 0              ; Untyped                                                                        ;
; LPM_REMAINDERPOSITIVE  ; TRUE           ; Untyped                                                                        ;
; MAXIMIZE_SPEED         ; 5              ; Untyped                                                                        ;
; CBXI_PARAMETER         ; lpm_divide_4am ; Untyped                                                                        ;
; CARRY_CHAIN            ; MANUAL         ; Untyped                                                                        ;
; OPTIMIZE_FOR_SPEED     ; 5              ; Untyped                                                                        ;
; AUTO_CARRY_CHAINS      ; ON             ; AUTO_CARRY                                                                     ;
; IGNORE_CARRY_BUFFERS   ; OFF            ; IGNORE_CARRY                                                                   ;
; AUTO_CASCADE_CHAINS    ; ON             ; AUTO_CASCADE                                                                   ;
; IGNORE_CASCADE_BUFFERS ; OFF            ; IGNORE_CASCADE                                                                 ;
+------------------------+----------------+--------------------------------------------------------------------------------+
Note: In order to hide this table in the UI and the text report file, please set the "Show Parameter Settings in Synthesis Report" option in "Analysis and Synthesis Settings -> More Settings" to "Off".


+--------------------------------------------------------------------------------------------------------------------------+
; Parameter Settings for Inferred Entity Instance: DisplayController:display_inst|ScoreDisplay:bestDisplay|lpm_divide:Mod0 ;
+------------------------+----------------+--------------------------------------------------------------------------------+
; Parameter Name         ; Value          ; Type                                                                           ;
+------------------------+----------------+--------------------------------------------------------------------------------+
; LPM_WIDTHN             ; 7              ; Untyped                                                                        ;
; LPM_WIDTHD             ; 4              ; Untyped                                                                        ;
; LPM_NREPRESENTATION    ; UNSIGNED       ; Untyped                                                                        ;
; LPM_DREPRESENTATION    ; UNSIGNED       ; Untyped                                                                        ;
; LPM_PIPELINE           ; 0              ; Untyped                                                                        ;
; LPM_REMAINDERPOSITIVE  ; TRUE           ; Untyped                                                                        ;
; MAXIMIZE_SPEED         ; 5              ; Untyped                                                                        ;
; CBXI_PARAMETER         ; lpm_divide_72m ; Untyped                                                                        ;
; CARRY_CHAIN            ; MANUAL         ; Untyped                                                                        ;
; OPTIMIZE_FOR_SPEED     ; 5              ; Untyped                                                                        ;
; AUTO_CARRY_CHAINS      ; ON             ; AUTO_CARRY                                                                     ;
; IGNORE_CARRY_BUFFERS   ; OFF            ; IGNORE_CARRY                                                                   ;
; AUTO_CASCADE_CHAINS    ; ON             ; AUTO_CASCADE                                                                   ;
; IGNORE_CASCADE_BUFFERS ; OFF            ; IGNORE_CASCADE                                                                 ;
+------------------------+----------------+--------------------------------------------------------------------------------+
Note: In order to hide this table in the UI and the text report file, please set the "Show Parameter Settings in Synthesis Report" option in "Analysis and Synthesis Settings -> More Settings" to "Off".


+--------------------------------------------------------------------------------------------------------------------------+
; Parameter Settings for Inferred Entity Instance: DisplayController:display_inst|ScoreDisplay:bestDisplay|lpm_divide:Mod1 ;
+------------------------+----------------+--------------------------------------------------------------------------------+
; Parameter Name         ; Value          ; Type                                                                           ;
+------------------------+----------------+--------------------------------------------------------------------------------+
; LPM_WIDTHN             ; 7              ; Untyped                                                                        ;
; LPM_WIDTHD             ; 4              ; Untyped                                                                        ;
; LPM_NREPRESENTATION    ; UNSIGNED       ; Untyped                                                                        ;
; LPM_DREPRESENTATION    ; UNSIGNED       ; Untyped                                                                        ;
; LPM_PIPELINE           ; 0              ; Untyped                                                                        ;
; LPM_REMAINDERPOSITIVE  ; TRUE           ; Untyped                                                                        ;
; MAXIMIZE_SPEED         ; 5              ; Untyped                                                                        ;
; CBXI_PARAMETER         ; lpm_divide_72m ; Untyped                                                                        ;
; CARRY_CHAIN            ; MANUAL         ; Untyped                                                                        ;
; OPTIMIZE_FOR_SPEED     ; 5              ; Untyped                                                                        ;
; AUTO_CARRY_CHAINS      ; ON             ; AUTO_CARRY                                                                     ;
; IGNORE_CARRY_BUFFERS   ; OFF            ; IGNORE_CARRY                                                                   ;
; AUTO_CASCADE_CHAINS    ; ON             ; AUTO_CASCADE                                                                   ;
; IGNORE_CASCADE_BUFFERS ; OFF            ; IGNORE_CASCADE                                                                 ;
+------------------------+----------------+--------------------------------------------------------------------------------+
Note: In order to hide this table in the UI and the text report file, please set the "Show Parameter Settings in Synthesis Report" option in "Analysis and Synthesis Settings -> More Settings" to "Off".


+----------------------------------------------------------------------------------------------------------------------------------------------------+
; altsyncram Parameter Settings by Entity Instance                                                                                                   ;
+-------------------------------------------+--------------------------------------------------------------------------------------------------------+
; Name                                      ; Value                                                                                                  ;
+-------------------------------------------+--------------------------------------------------------------------------------------------------------+
; Number of entity instances                ; 4                                                                                                      ;
; Entity Instance                           ; Authentication:auth_inst|PLAYER_ID_ROM:pid_ROM|altsyncram:altsyncram_component                         ;
;     -- OPERATION_MODE                     ; ROM                                                                                                    ;
;     -- WIDTH_A                            ; 16                                                                                                     ;
;     -- NUMWORDS_A                         ; 32                                                                                                     ;
;     -- OUTDATA_REG_A                      ; CLOCK0                                                                                                 ;
;     -- WIDTH_B                            ; 1                                                                                                      ;
;     -- NUMWORDS_B                         ; 1                                                                                                      ;
;     -- ADDRESS_REG_B                      ; CLOCK1                                                                                                 ;
;     -- OUTDATA_REG_B                      ; UNREGISTERED                                                                                           ;
;     -- RAM_BLOCK_TYPE                     ; AUTO                                                                                                   ;
;     -- READ_DURING_WRITE_MODE_MIXED_PORTS ; DONT_CARE                                                                                              ;
; Entity Instance                           ; Authentication:auth_inst|RAM_PSWD:pswd_RAM|altsyncram:altsyncram_component                             ;
;     -- OPERATION_MODE                     ; SINGLE_PORT                                                                                            ;
;     -- WIDTH_A                            ; 24                                                                                                     ;
;     -- NUMWORDS_A                         ; 32                                                                                                     ;
;     -- OUTDATA_REG_A                      ; CLOCK0                                                                                                 ;
;     -- WIDTH_B                            ; 1                                                                                                      ;
;     -- NUMWORDS_B                         ; 1                                                                                                      ;
;     -- ADDRESS_REG_B                      ; CLOCK1                                                                                                 ;
;     -- OUTDATA_REG_B                      ; UNREGISTERED                                                                                           ;
;     -- RAM_BLOCK_TYPE                     ; AUTO                                                                                                   ;
;     -- READ_DURING_WRITE_MODE_MIXED_PORTS ; DONT_CARE                                                                                              ;
; Entity Instance                           ; Authentication:auth_inst|ROM_PSWD:pswd_ROM|altsyncram:altsyncram_component                             ;
;     -- OPERATION_MODE                     ; ROM                                                                                                    ;
;     -- WIDTH_A                            ; 24                                                                                                     ;
;     -- NUMWORDS_A                         ; 32                                                                                                     ;
;     -- OUTDATA_REG_A                      ; CLOCK0                                                                                                 ;
;     -- WIDTH_B                            ; 1                                                                                                      ;
;     -- NUMWORDS_B                         ; 1                                                                                                      ;
;     -- ADDRESS_REG_B                      ; CLOCK1                                                                                                 ;
;     -- OUTDATA_REG_B                      ; UNREGISTERED                                                                                           ;
;     -- RAM_BLOCK_TYPE                     ; AUTO                                                                                                   ;
;     -- READ_DURING_WRITE_MODE_MIXED_PORTS ; DONT_CARE                                                                                              ;
; Entity Instance                           ; GameController:game_inst|ScoreTracker:ScoreTracker1|RAM_Score:ScoreRAM|altsyncram:altsyncram_component ;
;     -- OPERATION_MODE                     ; SINGLE_PORT                                                                                            ;
;     -- WIDTH_A                            ; 7                                                                                                      ;
;     -- NUMWORDS_A                         ; 64                                                                                                     ;
;     -- OUTDATA_REG_A                      ; CLOCK0                                                                                                 ;
;     -- WIDTH_B                            ; 1                                                                                                      ;
;     -- NUMWORDS_B                         ; 1                                                                                                      ;
;     -- ADDRESS_REG_B                      ; CLOCK1                                                                                                 ;
;     -- OUTDATA_REG_B                      ; UNREGISTERED                                                                                           ;
;     -- RAM_BLOCK_TYPE                     ; AUTO                                                                                                   ;
;     -- READ_DURING_WRITE_MODE_MIXED_PORTS ; DONT_CARE                                                                                              ;
+-------------------------------------------+--------------------------------------------------------------------------------------------------------+


+------------------------------------------------------------------------------------+
; Port Connectivity Checks: "DisplayController:display_inst|LetterDecoder:playY_dec" ;
+-----------------+-------+----------+-----------------------------------------------+
; Port            ; Type  ; Severity ; Details                                       ;
+-----------------+-------+----------+-----------------------------------------------+
; DecoderIn[4..3] ; Input ; Info     ; Stuck at VCC                                  ;
; DecoderIn[2..0] ; Input ; Info     ; Stuck at GND                                  ;
+-----------------+-------+----------+-----------------------------------------------+


+------------------------------------------------------------------------------------+
; Port Connectivity Checks: "DisplayController:display_inst|LetterDecoder:playA_dec" ;
+-----------+-------+----------+-----------------------------------------------------+
; Port      ; Type  ; Severity ; Details                                             ;
+-----------+-------+----------+-----------------------------------------------------+
; DecoderIn ; Input ; Info     ; Stuck at GND                                        ;
+-----------+-------+----------+-----------------------------------------------------+


+------------------------------------------------------------------------------------+
; Port Connectivity Checks: "DisplayController:display_inst|LetterDecoder:playL_dec" ;
+-----------------+-------+----------+-----------------------------------------------+
; Port            ; Type  ; Severity ; Details                                       ;
+-----------------+-------+----------+-----------------------------------------------+
; DecoderIn[1..0] ; Input ; Info     ; Stuck at VCC                                  ;
; DecoderIn[4]    ; Input ; Info     ; Stuck at GND                                  ;
; DecoderIn[3]    ; Input ; Info     ; Stuck at VCC                                  ;
; DecoderIn[2]    ; Input ; Info     ; Stuck at GND                                  ;
+-----------------+-------+----------+-----------------------------------------------+


+------------------------------------------------------------------------------------+
; Port Connectivity Checks: "DisplayController:display_inst|LetterDecoder:playP_dec" ;
+-----------------+-------+----------+-----------------------------------------------+
; Port            ; Type  ; Severity ; Details                                       ;
+-----------------+-------+----------+-----------------------------------------------+
; DecoderIn[3..0] ; Input ; Info     ; Stuck at VCC                                  ;
; DecoderIn[4]    ; Input ; Info     ; Stuck at GND                                  ;
+-----------------+-------+----------+-----------------------------------------------+


+------------------------------------------------------------------------------------------------+
; Port Connectivity Checks: "DisplayController:display_inst|DisplayManager:dm|LetterDecoder:LD5" ;
+--------------+-------+----------+--------------------------------------------------------------+
; Port         ; Type  ; Severity ; Details                                                      ;
+--------------+-------+----------+--------------------------------------------------------------+
; DecoderIn[3] ; Input ; Info     ; Stuck at VCC                                                 ;
+--------------+-------+----------+--------------------------------------------------------------+


+------------------------------------------------------------------------------------------------+
; Port Connectivity Checks: "DisplayController:display_inst|DisplayManager:dm|LetterDecoder:LD4" ;
+--------------+-------+----------+--------------------------------------------------------------+
; Port         ; Type  ; Severity ; Details                                                      ;
+--------------+-------+----------+--------------------------------------------------------------+
; DecoderIn[3] ; Input ; Info     ; Stuck at VCC                                                 ;
+--------------+-------+----------+--------------------------------------------------------------+


+------------------------------------------------------------------------------------------------+
; Port Connectivity Checks: "DisplayController:display_inst|DisplayManager:dm|LetterDecoder:LD3" ;
+--------------+-------+----------+--------------------------------------------------------------+
; Port         ; Type  ; Severity ; Details                                                      ;
+--------------+-------+----------+--------------------------------------------------------------+
; DecoderIn[3] ; Input ; Info     ; Stuck at VCC                                                 ;
+--------------+-------+----------+--------------------------------------------------------------+


+------------------------------------------------------------------------------------------------+
; Port Connectivity Checks: "DisplayController:display_inst|DisplayManager:dm|LetterDecoder:LD2" ;
+--------------+-------+----------+--------------------------------------------------------------+
; Port         ; Type  ; Severity ; Details                                                      ;
+--------------+-------+----------+--------------------------------------------------------------+
; DecoderIn[3] ; Input ; Info     ; Stuck at VCC                                                 ;
+--------------+-------+----------+--------------------------------------------------------------+


+---------------------------------------------------------------------------------+
; Port Connectivity Checks: "GameController:game_inst|ScoreTracker:ScoreTracker1" ;
+---------------+-------+----------+----------------------------------------------+
; Port          ; Type  ; Severity ; Details                                      ;
+---------------+-------+----------+----------------------------------------------+
; isGuest[2..1] ; Input ; Info     ; Stuck at GND                                 ;
+---------------+-------+----------+----------------------------------------------+


+-----------------------------------------------------------------------------------------------------------------------+
; Port Connectivity Checks: "GameController:game_inst"                                                                  ;
+-------------+--------+----------+-------------------------------------------------------------------------------------+
; Port        ; Type   ; Severity ; Details                                                                             ;
+-------------+--------+----------+-------------------------------------------------------------------------------------+
; timerLength ; Output ; Info     ; Connected to dangling logic. Logic that only feeds a dangling port will be removed. ;
; scoreValid  ; Output ; Info     ; Connected to dangling logic. Logic that only feeds a dangling port will be removed. ;
+-------------+--------+----------+-------------------------------------------------------------------------------------+


+------------------------------------------------------------------------------------------------------------------------+
; Port Connectivity Checks: "digitTimer:tens_timer"                                                                      ;
+--------------+--------+----------+-------------------------------------------------------------------------------------+
; Port         ; Type   ; Severity ; Details                                                                             ;
+--------------+--------+----------+-------------------------------------------------------------------------------------+
; BorrowUp     ; Output ; Info     ; Connected to dangling logic. Logic that only feeds a dangling port will be removed. ;
; NoBorrowUp   ; Input  ; Info     ; Stuck at VCC                                                                        ;
; NoBorrowDown ; Output ; Info     ; Connected to dangling logic. Logic that only feeds a dangling port will be removed. ;
+--------------+--------+----------+-------------------------------------------------------------------------------------+


+-------------------------------------------------------------------------------------------------------------------------+
; Port Connectivity Checks: "OneSecTimer:timer_tick|countTo10:CountTo10_1"                                                ;
+---------------+--------+----------+-------------------------------------------------------------------------------------+
; Port          ; Type   ; Severity ; Details                                                                             ;
+---------------+--------+----------+-------------------------------------------------------------------------------------+
; OneSecTimeOut ; Output ; Info     ; Connected to dangling logic. Logic that only feeds a dangling port will be removed. ;
+---------------+--------+----------+-------------------------------------------------------------------------------------+


+---------------------------------------------------------+
; Port Connectivity Checks: "Authentication:auth_inst"    ;
+------------+--------+----------+------------------------+
; Port       ; Type   ; Severity ; Details                ;
+------------+--------+----------+------------------------+
; reset_done ; Output ; Info     ; Explicitly unconnected ;
+------------+--------+----------+------------------------+


+-----------------------------------------------------+
; Post-Synthesis Netlist Statistics for Top Partition ;
+-----------------------+-----------------------------+
; Type                  ; Count                       ;
+-----------------------+-----------------------------+
; arriav_ff             ; 257                         ;
;     ENA               ; 63                          ;
;     ENA SCLR          ; 63                          ;
;     SCLR              ; 74                          ;
;     SLD               ; 3                           ;
;     plain             ; 54                          ;
; arriav_lcell_comb     ; 1018                        ;
;     arith             ; 380                         ;
;         0 data inputs ; 54                          ;
;         1 data inputs ; 89                          ;
;         2 data inputs ; 32                          ;
;         3 data inputs ; 125                         ;
;         4 data inputs ; 80                          ;
;     normal            ; 582                         ;
;         0 data inputs ; 1                           ;
;         1 data inputs ; 7                           ;
;         2 data inputs ; 256                         ;
;         3 data inputs ; 85                          ;
;         4 data inputs ; 112                         ;
;         5 data inputs ; 56                          ;
;         6 data inputs ; 65                          ;
;     shared            ; 56                          ;
;         0 data inputs ; 19                          ;
;         1 data inputs ; 37                          ;
; boundary_port         ; 54                          ;
; stratixv_ram_block    ; 40                          ;
;                       ;                             ;
; Max LUT depth         ; 30.90                       ;
; Average LUT depth     ; 14.85                       ;
+-----------------------+-----------------------------+


+-------------------------------+
; Elapsed Time Per Partition    ;
+----------------+--------------+
; Partition Name ; Elapsed Time ;
+----------------+--------------+
; Top            ; 00:00:02     ;
+----------------+--------------+


+-------------------------------+
; Analysis & Synthesis Messages ;
+-------------------------------+
Info: *******************************************************************
Info: Running Quartus Prime Analysis & Synthesis
    Info: Version 20.1.1 Build 720 11/11/2020 SJ Lite Edition
    Info: Processing started: Mon May 11 17:44:59 2026
Info: Command: quartus_map --read_settings_files=on --write_settings_files=off WhackAMole -c WhackAMole
Warning (18236): Number of processors has not been specified which may cause overloading on shared machines.  Set the global assignment NUM_PARALLEL_PROCESSORS in your QSF to an appropriate value for best performance.
Info (20030): Parallel compilation is enabled and will use 4 of the 4 processors detected
Info (12021): Found 1 design units, including 1 entities, in source file /add/advanceddigitaldesignfinal/src/one_ms_counter.v
    Info (12023): Found entity 1: One_ms_counter File: C:/ADD/AdvancedDigitalDesignFinal/src/One_ms_counter.v Line: 5
Info (12021): Found 1 design units, including 1 entities, in source file /add/advanceddigitaldesignfinal/src/buttonshaper.v
    Info (12023): Found entity 1: ButtonShaper File: C:/ADD/AdvancedDigitalDesignFinal/src/ButtonShaper.v Line: 8
Info (12021): Found 1 design units, including 1 entities, in source file /add/advanceddigitaldesignfinal/src/whackamole.v
    Info (12023): Found entity 1: WhackAMole File: C:/ADD/AdvancedDigitalDesignFinal/src/WhackAMole.v Line: 3
Info (12021): Found 1 design units, including 1 entities, in source file /add/advanceddigitaldesignfinal/src/timercontroller.v
    Info (12023): Found entity 1: TimerController File: C:/ADD/AdvancedDigitalDesignFinal/src/TimerController.v Line: 3
Info (12021): Found 1 design units, including 1 entities, in source file /add/advanceddigitaldesignfinal/src/scoretracker.v
    Info (12023): Found entity 1: ScoreTracker File: C:/ADD/AdvancedDigitalDesignFinal/src/ScoreTracker.v Line: 1
Info (12021): Found 1 design units, including 1 entities, in source file /add/advanceddigitaldesignfinal/src/scoredisplay.v
    Info (12023): Found entity 1: ScoreDisplay File: C:/ADD/AdvancedDigitalDesignFinal/src/ScoreDisplay.v Line: 3
Info (12021): Found 1 design units, including 1 entities, in source file /add/advanceddigitaldesignfinal/src/scorecounter.v
    Info (12023): Found entity 1: ScoreCounter File: C:/ADD/AdvancedDigitalDesignFinal/src/ScoreCounter.v Line: 1
Info (12021): Found 1 design units, including 1 entities, in source file /add/advanceddigitaldesignfinal/src/rom_pswd.v
    Info (12023): Found entity 1: ROM_PSWD File: C:/ADD/AdvancedDigitalDesignFinal/src/ROM_PSWD.v Line: 40
Info (12021): Found 1 design units, including 1 entities, in source file /add/advanceddigitaldesignfinal/src/ram_pswd.v
    Info (12023): Found entity 1: RAM_PSWD File: C:/ADD/AdvancedDigitalDesignFinal/src/RAM_PSWD.v Line: 40
Info (12021): Found 1 design units, including 1 entities, in source file /add/advanceddigitaldesignfinal/src/pswd_verification.v
    Info (12023): Found entity 1: pswd_verification File: C:/ADD/AdvancedDigitalDesignFinal/src/pswd_verification.v Line: 8
Info (12021): Found 1 design units, including 1 entities, in source file /add/advanceddigitaldesignfinal/src/pseudorng.v
    Info (12023): Found entity 1: pseudoRNG File: C:/ADD/AdvancedDigitalDesignFinal/src/PseudoRNG.v Line: 1
Info (12021): Found 1 design units, including 1 entities, in source file /add/advanceddigitaldesignfinal/src/playerdisplay.v
    Info (12023): Found entity 1: PlayerDisplay File: C:/ADD/AdvancedDigitalDesignFinal/src/PlayerDisplay.v Line: 3
Info (12021): Found 1 design units, including 1 entities, in source file /add/advanceddigitaldesignfinal/src/player_id_rom.v
    Info (12023): Found entity 1: PLAYER_ID_ROM File: C:/ADD/AdvancedDigitalDesignFinal/src/PLAYER_ID_ROM.v Line: 40
Info (12021): Found 1 design units, including 1 entities, in source file /add/advanceddigitaldesignfinal/src/onesectimer.v
    Info (12023): Found entity 1: OneSecTimer File: C:/ADD/AdvancedDigitalDesignFinal/src/OneSecTimer.v Line: 8
Info (12021): Found 1 design units, including 1 entities, in source file /add/advanceddigitaldesignfinal/src/onesecond_timer.v
    Info (12023): Found entity 1: OneSecond_Timer File: C:/ADD/AdvancedDigitalDesignFinal/src/OneSecond_Timer.v Line: 5
Info (12021): Found 1 design units, including 1 entities, in source file /add/advanceddigitaldesignfinal/src/onemillisecondtimer_lfsr.v
    Info (12023): Found entity 1: OneMillisecondTimer_LFSR File: C:/ADD/AdvancedDigitalDesignFinal/src/OneMillisecondTimer_LFSR.v Line: 8
Info (12021): Found 1 design units, including 1 entities, in source file /add/advanceddigitaldesignfinal/src/numberdecoder.v
    Info (12023): Found entity 1: NumberDecoder File: C:/ADD/AdvancedDigitalDesignFinal/src/NumberDecoder.v Line: 8
Info (12021): Found 1 design units, including 1 entities, in source file /add/advanceddigitaldesignfinal/src/loadregister.v
    Info (12023): Found entity 1: LoadRegister File: C:/ADD/AdvancedDigitalDesignFinal/src/LoadRegister.v Line: 8
Info (12021): Found 1 design units, including 1 entities, in source file /add/advanceddigitaldesignfinal/src/levels.v
    Info (12023): Found entity 1: Levels File: C:/ADD/AdvancedDigitalDesignFinal/src/Levels.v Line: 1
Info (12021): Found 1 design units, including 1 entities, in source file /add/advanceddigitaldesignfinal/src/letterdecoder.v
    Info (12023): Found entity 1: LetterDecoder File: C:/ADD/AdvancedDigitalDesignFinal/src/LetterDecoder.v Line: 1
Info (12021): Found 1 design units, including 1 entities, in source file /add/advanceddigitaldesignfinal/src/id_verification.v
    Info (12023): Found entity 1: id_verification File: C:/ADD/AdvancedDigitalDesignFinal/src/id_verification.v Line: 8
Info (12021): Found 1 design units, including 1 entities, in source file /add/advanceddigitaldesignfinal/src/gamecontroller.v
    Info (12023): Found entity 1: GameController File: C:/ADD/AdvancedDigitalDesignFinal/src/GameController.v Line: 4
Info (12021): Found 1 design units, including 1 entities, in source file /add/advanceddigitaldesignfinal/src/displaymanager.v
    Info (12023): Found entity 1: DisplayManager File: C:/ADD/AdvancedDigitalDesignFinal/src/DisplayManager.v Line: 2
Info (12021): Found 1 design units, including 1 entities, in source file /add/advanceddigitaldesignfinal/src/displaycontroller.v
    Info (12023): Found entity 1: DisplayController File: C:/ADD/AdvancedDigitalDesignFinal/src/DisplayController.v Line: 3
Info (12021): Found 1 design units, including 1 entities, in source file /add/advanceddigitaldesignfinal/src/digittimer.v
    Info (12023): Found entity 1: digitTimer File: C:/ADD/AdvancedDigitalDesignFinal/src/digitTimer.v Line: 8
Info (12021): Found 1 design units, including 1 entities, in source file /add/advanceddigitaldesignfinal/src/countto100.v
    Info (12023): Found entity 1: countTo100 File: C:/ADD/AdvancedDigitalDesignFinal/src/countTo100.v Line: 5
Info (12021): Found 1 design units, including 1 entities, in source file /add/advanceddigitaldesignfinal/src/countto10.v
    Info (12023): Found entity 1: countTo10 File: C:/ADD/AdvancedDigitalDesignFinal/src/countTo10.v Line: 5
Info (12021): Found 1 design units, including 1 entities, in source file /add/advanceddigitaldesignfinal/src/authentication.v
    Info (12023): Found entity 1: Authentication File: C:/ADD/AdvancedDigitalDesignFinal/src/Authentication.v Line: 8
Info (12021): Found 1 design units, including 1 entities, in source file ram_score.v
    Info (12023): Found entity 1: RAM_Score File: C:/ADD/AdvancedDigitalDesignFinal/syn/RAM_Score.v Line: 40
Info (15248): File "C:/ADD/AdvancedDigitalDesignFinal/syn/PLAYER_ID_ROM.v" is a duplicate of already analyzed file "C:/ADD/AdvancedDigitalDesignFinal/src/PLAYER_ID_ROM.v" (same filename, same library name and same md5 digest). Skipping analysis of this file.
Info (12021): Found 0 design units, including 0 entities, in source file player_id_rom.v
Info (15248): File "C:/ADD/AdvancedDigitalDesignFinal/syn/ROM_PSWD.v" is a duplicate of already analyzed file "C:/ADD/AdvancedDigitalDesignFinal/src/ROM_PSWD.v" (same filename, same library name and same md5 digest). Skipping analysis of this file.
Info (12021): Found 0 design units, including 0 entities, in source file rom_pswd.v
Info (15248): File "C:/ADD/AdvancedDigitalDesignFinal/syn/RAM_PSWD.v" is a duplicate of already analyzed file "C:/ADD/AdvancedDigitalDesignFinal/src/RAM_PSWD.v" (same filename, same library name and same md5 digest). Skipping analysis of this file.
Info (12021): Found 0 design units, including 0 entities, in source file ram_pswd.v
Info (12127): Elaborating entity "WhackAMole" for the top level hierarchy
Info (12128): Elaborating entity "ButtonShaper" for hierarchy "ButtonShaper:bs0" File: C:/ADD/AdvancedDigitalDesignFinal/src/WhackAMole.v Line: 46
Info (12128): Elaborating entity "Authentication" for hierarchy "Authentication:auth_inst" File: C:/ADD/AdvancedDigitalDesignFinal/src/WhackAMole.v Line: 64
Info (12128): Elaborating entity "id_verification" for hierarchy "Authentication:auth_inst|id_verification:id_verify" File: C:/ADD/AdvancedDigitalDesignFinal/src/Authentication.v Line: 27
Info (12128): Elaborating entity "pswd_verification" for hierarchy "Authentication:auth_inst|pswd_verification:pw_verify" File: C:/ADD/AdvancedDigitalDesignFinal/src/Authentication.v Line: 30
Info (12128): Elaborating entity "PLAYER_ID_ROM" for hierarchy "Authentication:auth_inst|PLAYER_ID_ROM:pid_ROM" File: C:/ADD/AdvancedDigitalDesignFinal/src/Authentication.v Line: 32
Info (12128): Elaborating entity "altsyncram" for hierarchy "Authentication:auth_inst|PLAYER_ID_ROM:pid_ROM|altsyncram:altsyncram_component" File: C:/ADD/AdvancedDigitalDesignFinal/src/PLAYER_ID_ROM.v Line: 82
Info (12130): Elaborated megafunction instantiation "Authentication:auth_inst|PLAYER_ID_ROM:pid_ROM|altsyncram:altsyncram_component" File: C:/ADD/AdvancedDigitalDesignFinal/src/PLAYER_ID_ROM.v Line: 82
Info (12133): Instantiated megafunction "Authentication:auth_inst|PLAYER_ID_ROM:pid_ROM|altsyncram:altsyncram_component" with the following parameter: File: C:/ADD/AdvancedDigitalDesignFinal/src/PLAYER_ID_ROM.v Line: 82
    Info (12134): Parameter "address_aclr_a" = "NONE"
    Info (12134): Parameter "clock_enable_input_a" = "BYPASS"
    Info (12134): Parameter "clock_enable_output_a" = "BYPASS"
    Info (12134): Parameter "init_file" = "PLAYER_ID_ROM.hex"
    Info (12134): Parameter "intended_device_family" = "Cyclone V"
    Info (12134): Parameter "lpm_hint" = "ENABLE_RUNTIME_MOD=NO"
    Info (12134): Parameter "lpm_type" = "altsyncram"
    Info (12134): Parameter "numwords_a" = "32"
    Info (12134): Parameter "operation_mode" = "ROM"
    Info (12134): Parameter "outdata_aclr_a" = "NONE"
    Info (12134): Parameter "outdata_reg_a" = "CLOCK0"
    Info (12134): Parameter "widthad_a" = "5"
    Info (12134): Parameter "width_a" = "16"
    Info (12134): Parameter "width_byteena_a" = "1"
Info (12021): Found 1 design units, including 1 entities, in source file db/altsyncram_j5g1.tdf
    Info (12023): Found entity 1: altsyncram_j5g1 File: C:/ADD/AdvancedDigitalDesignFinal/syn/db/altsyncram_j5g1.tdf Line: 28
Info (12128): Elaborating entity "altsyncram_j5g1" for hierarchy "Authentication:auth_inst|PLAYER_ID_ROM:pid_ROM|altsyncram:altsyncram_component|altsyncram_j5g1:auto_generated" File: c:/intelfpga_lite/20.1/quartus/libraries/megafunctions/altsyncram.tdf Line: 792
Info (12128): Elaborating entity "RAM_PSWD" for hierarchy "Authentication:auth_inst|RAM_PSWD:pswd_RAM" File: C:/ADD/AdvancedDigitalDesignFinal/src/Authentication.v Line: 34
Info (12128): Elaborating entity "altsyncram" for hierarchy "Authentication:auth_inst|RAM_PSWD:pswd_RAM|altsyncram:altsyncram_component" File: C:/ADD/AdvancedDigitalDesignFinal/src/RAM_PSWD.v Line: 86
Info (12130): Elaborated megafunction instantiation "Authentication:auth_inst|RAM_PSWD:pswd_RAM|altsyncram:altsyncram_component" File: C:/ADD/AdvancedDigitalDesignFinal/src/RAM_PSWD.v Line: 86
Info (12133): Instantiated megafunction "Authentication:auth_inst|RAM_PSWD:pswd_RAM|altsyncram:altsyncram_component" with the following parameter: File: C:/ADD/AdvancedDigitalDesignFinal/src/RAM_PSWD.v Line: 86
    Info (12134): Parameter "clock_enable_input_a" = "BYPASS"
    Info (12134): Parameter "clock_enable_output_a" = "BYPASS"
    Info (12134): Parameter "intended_device_family" = "Cyclone V"
    Info (12134): Parameter "lpm_hint" = "ENABLE_RUNTIME_MOD=NO"
    Info (12134): Parameter "lpm_type" = "altsyncram"
    Info (12134): Parameter "numwords_a" = "32"
    Info (12134): Parameter "operation_mode" = "SINGLE_PORT"
    Info (12134): Parameter "outdata_aclr_a" = "NONE"
    Info (12134): Parameter "outdata_reg_a" = "CLOCK0"
    Info (12134): Parameter "power_up_uninitialized" = "FALSE"
    Info (12134): Parameter "read_during_write_mode_port_a" = "NEW_DATA_NO_NBE_READ"
    Info (12134): Parameter "widthad_a" = "5"
    Info (12134): Parameter "width_a" = "24"
    Info (12134): Parameter "width_byteena_a" = "1"
Info (12021): Found 1 design units, including 1 entities, in source file db/altsyncram_lkl1.tdf
    Info (12023): Found entity 1: altsyncram_lkl1 File: C:/ADD/AdvancedDigitalDesignFinal/syn/db/altsyncram_lkl1.tdf Line: 28
Info (12128): Elaborating entity "altsyncram_lkl1" for hierarchy "Authentication:auth_inst|RAM_PSWD:pswd_RAM|altsyncram:altsyncram_component|altsyncram_lkl1:auto_generated" File: c:/intelfpga_lite/20.1/quartus/libraries/megafunctions/altsyncram.tdf Line: 792
Info (12128): Elaborating entity "ROM_PSWD" for hierarchy "Authentication:auth_inst|ROM_PSWD:pswd_ROM" File: C:/ADD/AdvancedDigitalDesignFinal/src/Authentication.v Line: 35
Info (12128): Elaborating entity "altsyncram" for hierarchy "Authentication:auth_inst|ROM_PSWD:pswd_ROM|altsyncram:altsyncram_component" File: C:/ADD/AdvancedDigitalDesignFinal/src/ROM_PSWD.v Line: 82
Info (12130): Elaborated megafunction instantiation "Authentication:auth_inst|ROM_PSWD:pswd_ROM|altsyncram:altsyncram_component" File: C:/ADD/AdvancedDigitalDesignFinal/src/ROM_PSWD.v Line: 82
Info (12133): Instantiated megafunction "Authentication:auth_inst|ROM_PSWD:pswd_ROM|altsyncram:altsyncram_component" with the following parameter: File: C:/ADD/AdvancedDigitalDesignFinal/src/ROM_PSWD.v Line: 82
    Info (12134): Parameter "address_aclr_a" = "NONE"
    Info (12134): Parameter "clock_enable_input_a" = "BYPASS"
    Info (12134): Parameter "clock_enable_output_a" = "BYPASS"
    Info (12134): Parameter "init_file" = "ROM_PSWD.hex"
    Info (12134): Parameter "intended_device_family" = "Cyclone V"
    Info (12134): Parameter "lpm_hint" = "ENABLE_RUNTIME_MOD=NO"
    Info (12134): Parameter "lpm_type" = "altsyncram"
    Info (12134): Parameter "numwords_a" = "32"
    Info (12134): Parameter "operation_mode" = "ROM"
    Info (12134): Parameter "outdata_aclr_a" = "NONE"
    Info (12134): Parameter "outdata_reg_a" = "CLOCK0"
    Info (12134): Parameter "widthad_a" = "5"
    Info (12134): Parameter "width_a" = "24"
    Info (12134): Parameter "width_byteena_a" = "1"
Info (12021): Found 1 design units, including 1 entities, in source file db/altsyncram_nlf1.tdf
    Info (12023): Found entity 1: altsyncram_nlf1 File: C:/ADD/AdvancedDigitalDesignFinal/syn/db/altsyncram_nlf1.tdf Line: 28
Info (12128): Elaborating entity "altsyncram_nlf1" for hierarchy "Authentication:auth_inst|ROM_PSWD:pswd_ROM|altsyncram:altsyncram_component|altsyncram_nlf1:auto_generated" File: c:/intelfpga_lite/20.1/quartus/libraries/megafunctions/altsyncram.tdf Line: 792
Info (12128): Elaborating entity "OneSecTimer" for hierarchy "OneSecTimer:timer_tick" File: C:/ADD/AdvancedDigitalDesignFinal/src/WhackAMole.v Line: 74
Info (12128): Elaborating entity "countTo10" for hierarchy "OneSecTimer:timer_tick|countTo10:CountTo10_1" File: C:/ADD/AdvancedDigitalDesignFinal/src/OneSecTimer.v Line: 13
Warning (10230): Verilog HDL assignment warning at countTo10.v(22): truncated value with size 32 to match size of target (4) File: C:/ADD/AdvancedDigitalDesignFinal/src/countTo10.v Line: 22
Info (12128): Elaborating entity "countTo100" for hierarchy "OneSecTimer:timer_tick|countTo10:CountTo10_1|countTo100:u_100" File: C:/ADD/AdvancedDigitalDesignFinal/src/countTo10.v Line: 12
Warning (10230): Verilog HDL assignment warning at countTo100.v(22): truncated value with size 32 to match size of target (7) File: C:/ADD/AdvancedDigitalDesignFinal/src/countTo100.v Line: 22
Info (12128): Elaborating entity "One_ms_counter" for hierarchy "OneSecTimer:timer_tick|countTo10:CountTo10_1|countTo100:u_100|One_ms_counter:u_ms" File: C:/ADD/AdvancedDigitalDesignFinal/src/countTo100.v Line: 12
Warning (10230): Verilog HDL assignment warning at One_ms_counter.v(19): truncated value with size 32 to match size of target (16) File: C:/ADD/AdvancedDigitalDesignFinal/src/One_ms_counter.v Line: 19
Info (12128): Elaborating entity "digitTimer" for hierarchy "digitTimer:ones_timer" File: C:/ADD/AdvancedDigitalDesignFinal/src/WhackAMole.v Line: 85
Info (12128): Elaborating entity "GameController" for hierarchy "GameController:game_inst" File: C:/ADD/AdvancedDigitalDesignFinal/src/WhackAMole.v Line: 125
Warning (10230): Verilog HDL assignment warning at GameController.v(56): truncated value with size 32 to match size of target (1) File: C:/ADD/AdvancedDigitalDesignFinal/src/GameController.v Line: 56
Warning (10230): Verilog HDL assignment warning at GameController.v(59): truncated value with size 3 to match size of target (1) File: C:/ADD/AdvancedDigitalDesignFinal/src/GameController.v Line: 59
Warning (10230): Verilog HDL assignment warning at GameController.v(110): truncated value with size 3 to match size of target (2) File: C:/ADD/AdvancedDigitalDesignFinal/src/GameController.v Line: 110
Warning (10230): Verilog HDL assignment warning at GameController.v(115): truncated value with size 3 to match size of target (2) File: C:/ADD/AdvancedDigitalDesignFinal/src/GameController.v Line: 115
Warning (10230): Verilog HDL assignment warning at GameController.v(122): truncated value with size 3 to match size of target (2) File: C:/ADD/AdvancedDigitalDesignFinal/src/GameController.v Line: 122
Warning (10230): Verilog HDL assignment warning at GameController.v(127): truncated value with size 3 to match size of target (2) File: C:/ADD/AdvancedDigitalDesignFinal/src/GameController.v Line: 127
Warning (10230): Verilog HDL assignment warning at GameController.v(216): truncated value with size 32 to match size of target (3) File: C:/ADD/AdvancedDigitalDesignFinal/src/GameController.v Line: 216
Info (12128): Elaborating entity "pseudoRNG" for hierarchy "GameController:game_inst|pseudoRNG:pseudoRNG1" File: C:/ADD/AdvancedDigitalDesignFinal/src/GameController.v Line: 43
Info (12128): Elaborating entity "Levels" for hierarchy "GameController:game_inst|Levels:Levels1" File: C:/ADD/AdvancedDigitalDesignFinal/src/GameController.v Line: 45
Warning (10270): Verilog HDL Case Statement warning at Levels.v(40): incomplete case statement has no default case item File: C:/ADD/AdvancedDigitalDesignFinal/src/Levels.v Line: 40
Info (10264): Verilog HDL Case Statement information at Levels.v(40): all case item expressions in this case statement are onehot File: C:/ADD/AdvancedDigitalDesignFinal/src/Levels.v Line: 40
Warning (10240): Verilog HDL Always Construct warning at Levels.v(40): inferring latch(es) for variable "spawn_duration", which holds its previous value in one or more paths through the always construct File: C:/ADD/AdvancedDigitalDesignFinal/src/Levels.v Line: 40
Warning (10230): Verilog HDL assignment warning at Levels.v(89): truncated value with size 32 to match size of target (3) File: C:/ADD/AdvancedDigitalDesignFinal/src/Levels.v Line: 89
Warning (10230): Verilog HDL assignment warning at Levels.v(138): truncated value with size 32 to match size of target (3) File: C:/ADD/AdvancedDigitalDesignFinal/src/Levels.v Line: 138
Warning (10230): Verilog HDL assignment warning at Levels.v(200): truncated value with size 32 to match size of target (3) File: C:/ADD/AdvancedDigitalDesignFinal/src/Levels.v Line: 200
Info (10041): Inferred latch for "spawn_duration[0]" at Levels.v(40) File: C:/ADD/AdvancedDigitalDesignFinal/src/Levels.v Line: 40
Info (10041): Inferred latch for "spawn_duration[1]" at Levels.v(40) File: C:/ADD/AdvancedDigitalDesignFinal/src/Levels.v Line: 40
Info (10041): Inferred latch for "spawn_duration[2]" at Levels.v(40) File: C:/ADD/AdvancedDigitalDesignFinal/src/Levels.v Line: 40
Info (12128): Elaborating entity "OneSecond_Timer" for hierarchy "GameController:game_inst|Levels:Levels1|OneSecond_Timer:timer" File: C:/ADD/AdvancedDigitalDesignFinal/src/Levels.v Line: 33
Info (12128): Elaborating entity "ScoreCounter" for hierarchy "GameController:game_inst|ScoreCounter:ScoreCounter1" File: C:/ADD/AdvancedDigitalDesignFinal/src/GameController.v Line: 48
Warning (10230): Verilog HDL assignment warning at ScoreCounter.v(18): truncated value with size 32 to match size of target (9) File: C:/ADD/AdvancedDigitalDesignFinal/src/ScoreCounter.v Line: 18
Warning (10230): Verilog HDL assignment warning at ScoreCounter.v(19): truncated value with size 32 to match size of target (9) File: C:/ADD/AdvancedDigitalDesignFinal/src/ScoreCounter.v Line: 19
Warning (10230): Verilog HDL assignment warning at ScoreCounter.v(22): truncated value with size 32 to match size of target (9) File: C:/ADD/AdvancedDigitalDesignFinal/src/ScoreCounter.v Line: 22
Warning (10230): Verilog HDL assignment warning at ScoreCounter.v(23): truncated value with size 32 to match size of target (9) File: C:/ADD/AdvancedDigitalDesignFinal/src/ScoreCounter.v Line: 23
Warning (10230): Verilog HDL assignment warning at ScoreCounter.v(26): truncated value with size 32 to match size of target (9) File: C:/ADD/AdvancedDigitalDesignFinal/src/ScoreCounter.v Line: 26
Warning (10230): Verilog HDL assignment warning at ScoreCounter.v(27): truncated value with size 32 to match size of target (9) File: C:/ADD/AdvancedDigitalDesignFinal/src/ScoreCounter.v Line: 27
Info (12128): Elaborating entity "ScoreTracker" for hierarchy "GameController:game_inst|ScoreTracker:ScoreTracker1" File: C:/ADD/AdvancedDigitalDesignFinal/src/GameController.v Line: 52
Info (12128): Elaborating entity "RAM_Score" for hierarchy "GameController:game_inst|ScoreTracker:ScoreTracker1|RAM_Score:ScoreRAM" File: C:/ADD/AdvancedDigitalDesignFinal/src/ScoreTracker.v Line: 27
Info (12128): Elaborating entity "altsyncram" for hierarchy "GameController:game_inst|ScoreTracker:ScoreTracker1|RAM_Score:ScoreRAM|altsyncram:altsyncram_component" File: C:/ADD/AdvancedDigitalDesignFinal/syn/RAM_Score.v Line: 86
Info (12130): Elaborated megafunction instantiation "GameController:game_inst|ScoreTracker:ScoreTracker1|RAM_Score:ScoreRAM|altsyncram:altsyncram_component" File: C:/ADD/AdvancedDigitalDesignFinal/syn/RAM_Score.v Line: 86
Info (12133): Instantiated megafunction "GameController:game_inst|ScoreTracker:ScoreTracker1|RAM_Score:ScoreRAM|altsyncram:altsyncram_component" with the following parameter: File: C:/ADD/AdvancedDigitalDesignFinal/syn/RAM_Score.v Line: 86
    Info (12134): Parameter "clock_enable_input_a" = "BYPASS"
    Info (12134): Parameter "clock_enable_output_a" = "BYPASS"
    Info (12134): Parameter "init_file" = "RAM_Score.hex"
    Info (12134): Parameter "intended_device_family" = "Cyclone V"
    Info (12134): Parameter "lpm_hint" = "ENABLE_RUNTIME_MOD=NO"
    Info (12134): Parameter "lpm_type" = "altsyncram"
    Info (12134): Parameter "numwords_a" = "64"
    Info (12134): Parameter "operation_mode" = "SINGLE_PORT"
    Info (12134): Parameter "outdata_aclr_a" = "NONE"
    Info (12134): Parameter "outdata_reg_a" = "CLOCK0"
    Info (12134): Parameter "power_up_uninitialized" = "FALSE"
    Info (12134): Parameter "read_during_write_mode_port_a" = "NEW_DATA_NO_NBE_READ"
    Info (12134): Parameter "widthad_a" = "6"
    Info (12134): Parameter "width_a" = "7"
    Info (12134): Parameter "width_byteena_a" = "1"
Info (12021): Found 1 design units, including 1 entities, in source file db/altsyncram_evn1.tdf
    Info (12023): Found entity 1: altsyncram_evn1 File: C:/ADD/AdvancedDigitalDesignFinal/syn/db/altsyncram_evn1.tdf Line: 28
Info (12128): Elaborating entity "altsyncram_evn1" for hierarchy "GameController:game_inst|ScoreTracker:ScoreTracker1|RAM_Score:ScoreRAM|altsyncram:altsyncram_component|altsyncram_evn1:auto_generated" File: c:/intelfpga_lite/20.1/quartus/libraries/megafunctions/altsyncram.tdf Line: 792
Info (12128): Elaborating entity "DisplayController" for hierarchy "DisplayController:display_inst" File: C:/ADD/AdvancedDigitalDesignFinal/src/WhackAMole.v Line: 147
Warning (10230): Verilog HDL assignment warning at DisplayController.v(112): truncated value with size 32 to match size of target (1) File: C:/ADD/AdvancedDigitalDesignFinal/src/DisplayController.v Line: 112
Info (12128): Elaborating entity "ScoreDisplay" for hierarchy "DisplayController:display_inst|ScoreDisplay:scoreDisplay" File: C:/ADD/AdvancedDigitalDesignFinal/src/DisplayController.v Line: 39
Warning (10230): Verilog HDL assignment warning at ScoreDisplay.v(10): truncated value with size 32 to match size of target (4) File: C:/ADD/AdvancedDigitalDesignFinal/src/ScoreDisplay.v Line: 10
Warning (10230): Verilog HDL assignment warning at ScoreDisplay.v(11): truncated value with size 32 to match size of target (4) File: C:/ADD/AdvancedDigitalDesignFinal/src/ScoreDisplay.v Line: 11
Info (12128): Elaborating entity "NumberDecoder" for hierarchy "DisplayController:display_inst|ScoreDisplay:scoreDisplay|NumberDecoder:TensDecoder" File: C:/ADD/AdvancedDigitalDesignFinal/src/ScoreDisplay.v Line: 14
Info (12128): Elaborating entity "PlayerDisplay" for hierarchy "DisplayController:display_inst|PlayerDisplay:playerDisplay" File: C:/ADD/AdvancedDigitalDesignFinal/src/DisplayController.v Line: 45
Info (12128): Elaborating entity "LetterDecoder" for hierarchy "DisplayController:display_inst|LetterDecoder:winnerDecoder" File: C:/ADD/AdvancedDigitalDesignFinal/src/DisplayController.v Line: 48
Info (12128): Elaborating entity "DisplayManager" for hierarchy "DisplayController:display_inst|DisplayManager:dm" File: C:/ADD/AdvancedDigitalDesignFinal/src/DisplayController.v Line: 56
Warning (14284): Synthesized away the following node(s):
    Warning (14285): Synthesized away the following RAM node(s):
        Warning (14320): Synthesized away node "Authentication:auth_inst|RAM_PSWD:pswd_RAM|altsyncram:altsyncram_component|altsyncram_lkl1:auto_generated|q_a[23]" File: C:/ADD/AdvancedDigitalDesignFinal/syn/db/altsyncram_lkl1.tdf Line: 566
        Warning (14320): Synthesized away node "Authentication:auth_inst|RAM_PSWD:pswd_RAM|altsyncram:altsyncram_component|altsyncram_lkl1:auto_generated|q_a[22]" File: C:/ADD/AdvancedDigitalDesignFinal/syn/db/altsyncram_lkl1.tdf Line: 543
        Warning (14320): Synthesized away node "Authentication:auth_inst|RAM_PSWD:pswd_RAM|altsyncram:altsyncram_component|altsyncram_lkl1:auto_generated|q_a[21]" File: C:/ADD/AdvancedDigitalDesignFinal/syn/db/altsyncram_lkl1.tdf Line: 520
        Warning (14320): Synthesized away node "Authentication:auth_inst|RAM_PSWD:pswd_RAM|altsyncram:altsyncram_component|altsyncram_lkl1:auto_generated|q_a[20]" File: C:/ADD/AdvancedDigitalDesignFinal/syn/db/altsyncram_lkl1.tdf Line: 497
        Warning (14320): Synthesized away node "Authentication:auth_inst|RAM_PSWD:pswd_RAM|altsyncram:altsyncram_component|altsyncram_lkl1:auto_generated|q_a[19]" File: C:/ADD/AdvancedDigitalDesignFinal/syn/db/altsyncram_lkl1.tdf Line: 474
        Warning (14320): Synthesized away node "Authentication:auth_inst|RAM_PSWD:pswd_RAM|altsyncram:altsyncram_component|altsyncram_lkl1:auto_generated|q_a[18]" File: C:/ADD/AdvancedDigitalDesignFinal/syn/db/altsyncram_lkl1.tdf Line: 451
        Warning (14320): Synthesized away node "Authentication:auth_inst|RAM_PSWD:pswd_RAM|altsyncram:altsyncram_component|altsyncram_lkl1:auto_generated|q_a[17]" File: C:/ADD/AdvancedDigitalDesignFinal/syn/db/altsyncram_lkl1.tdf Line: 428
        Warning (14320): Synthesized away node "Authentication:auth_inst|RAM_PSWD:pswd_RAM|altsyncram:altsyncram_component|altsyncram_lkl1:auto_generated|q_a[16]" File: C:/ADD/AdvancedDigitalDesignFinal/syn/db/altsyncram_lkl1.tdf Line: 405
        Warning (14320): Synthesized away node "Authentication:auth_inst|RAM_PSWD:pswd_RAM|altsyncram:altsyncram_component|altsyncram_lkl1:auto_generated|q_a[15]" File: C:/ADD/AdvancedDigitalDesignFinal/syn/db/altsyncram_lkl1.tdf Line: 382
        Warning (14320): Synthesized away node "Authentication:auth_inst|RAM_PSWD:pswd_RAM|altsyncram:altsyncram_component|altsyncram_lkl1:auto_generated|q_a[14]" File: C:/ADD/AdvancedDigitalDesignFinal/syn/db/altsyncram_lkl1.tdf Line: 359
        Warning (14320): Synthesized away node "Authentication:auth_inst|RAM_PSWD:pswd_RAM|altsyncram:altsyncram_component|altsyncram_lkl1:auto_generated|q_a[13]" File: C:/ADD/AdvancedDigitalDesignFinal/syn/db/altsyncram_lkl1.tdf Line: 336
        Warning (14320): Synthesized away node "Authentication:auth_inst|RAM_PSWD:pswd_RAM|altsyncram:altsyncram_component|altsyncram_lkl1:auto_generated|q_a[12]" File: C:/ADD/AdvancedDigitalDesignFinal/syn/db/altsyncram_lkl1.tdf Line: 313
        Warning (14320): Synthesized away node "Authentication:auth_inst|RAM_PSWD:pswd_RAM|altsyncram:altsyncram_component|altsyncram_lkl1:auto_generated|q_a[11]" File: C:/ADD/AdvancedDigitalDesignFinal/syn/db/altsyncram_lkl1.tdf Line: 290
        Warning (14320): Synthesized away node "Authentication:auth_inst|RAM_PSWD:pswd_RAM|altsyncram:altsyncram_component|altsyncram_lkl1:auto_generated|q_a[10]" File: C:/ADD/AdvancedDigitalDesignFinal/syn/db/altsyncram_lkl1.tdf Line: 267
        Warning (14320): Synthesized away node "Authentication:auth_inst|RAM_PSWD:pswd_RAM|altsyncram:altsyncram_component|altsyncram_lkl1:auto_generated|q_a[9]" File: C:/ADD/AdvancedDigitalDesignFinal/syn/db/altsyncram_lkl1.tdf Line: 244
        Warning (14320): Synthesized away node "Authentication:auth_inst|RAM_PSWD:pswd_RAM|altsyncram:altsyncram_component|altsyncram_lkl1:auto_generated|q_a[8]" File: C:/ADD/AdvancedDigitalDesignFinal/syn/db/altsyncram_lkl1.tdf Line: 221
        Warning (14320): Synthesized away node "Authentication:auth_inst|RAM_PSWD:pswd_RAM|altsyncram:altsyncram_component|altsyncram_lkl1:auto_generated|q_a[7]" File: C:/ADD/AdvancedDigitalDesignFinal/syn/db/altsyncram_lkl1.tdf Line: 198
        Warning (14320): Synthesized away node "Authentication:auth_inst|RAM_PSWD:pswd_RAM|altsyncram:altsyncram_component|altsyncram_lkl1:auto_generated|q_a[6]" File: C:/ADD/AdvancedDigitalDesignFinal/syn/db/altsyncram_lkl1.tdf Line: 175
        Warning (14320): Synthesized away node "Authentication:auth_inst|RAM_PSWD:pswd_RAM|altsyncram:altsyncram_component|altsyncram_lkl1:auto_generated|q_a[5]" File: C:/ADD/AdvancedDigitalDesignFinal/syn/db/altsyncram_lkl1.tdf Line: 152
        Warning (14320): Synthesized away node "Authentication:auth_inst|RAM_PSWD:pswd_RAM|altsyncram:altsyncram_component|altsyncram_lkl1:auto_generated|q_a[4]" File: C:/ADD/AdvancedDigitalDesignFinal/syn/db/altsyncram_lkl1.tdf Line: 129
        Warning (14320): Synthesized away node "Authentication:auth_inst|RAM_PSWD:pswd_RAM|altsyncram:altsyncram_component|altsyncram_lkl1:auto_generated|q_a[3]" File: C:/ADD/AdvancedDigitalDesignFinal/syn/db/altsyncram_lkl1.tdf Line: 106
        Warning (14320): Synthesized away node "Authentication:auth_inst|RAM_PSWD:pswd_RAM|altsyncram:altsyncram_component|altsyncram_lkl1:auto_generated|q_a[2]" File: C:/ADD/AdvancedDigitalDesignFinal/syn/db/altsyncram_lkl1.tdf Line: 83
        Warning (14320): Synthesized away node "Authentication:auth_inst|RAM_PSWD:pswd_RAM|altsyncram:altsyncram_component|altsyncram_lkl1:auto_generated|q_a[1]" File: C:/ADD/AdvancedDigitalDesignFinal/syn/db/altsyncram_lkl1.tdf Line: 60
        Warning (14320): Synthesized away node "Authentication:auth_inst|RAM_PSWD:pswd_RAM|altsyncram:altsyncram_component|altsyncram_lkl1:auto_generated|q_a[0]" File: C:/ADD/AdvancedDigitalDesignFinal/syn/db/altsyncram_lkl1.tdf Line: 37
Info (278001): Inferred 7 megafunctions from design logic
    Info (278004): Inferred divider/modulo megafunction ("lpm_divide") from the following logic: "DisplayController:display_inst|ScoreDisplay:scoreDisplay|Div0" File: C:/ADD/AdvancedDigitalDesignFinal/src/ScoreDisplay.v Line: 10
    Info (278004): Inferred divider/modulo megafunction ("lpm_divide") from the following logic: "DisplayController:display_inst|ScoreDisplay:scoreDisplay|Mod0" File: C:/ADD/AdvancedDigitalDesignFinal/src/ScoreDisplay.v Line: 10
    Info (278004): Inferred divider/modulo megafunction ("lpm_divide") from the following logic: "DisplayController:display_inst|Div0" File: C:/ADD/AdvancedDigitalDesignFinal/src/DisplayController.v Line: 112
    Info (278004): Inferred divider/modulo megafunction ("lpm_divide") from the following logic: "DisplayController:display_inst|ScoreDisplay:scoreDisplay|Mod1" File: C:/ADD/AdvancedDigitalDesignFinal/src/ScoreDisplay.v Line: 11
    Info (278004): Inferred divider/modulo megafunction ("lpm_divide") from the following logic: "DisplayController:display_inst|ScoreDisplay:bestDisplay|Div0" File: C:/ADD/AdvancedDigitalDesignFinal/src/ScoreDisplay.v Line: 10
    Info (278004): Inferred divider/modulo megafunction ("lpm_divide") from the following logic: "DisplayController:display_inst|ScoreDisplay:bestDisplay|Mod0" File: C:/ADD/AdvancedDigitalDesignFinal/src/ScoreDisplay.v Line: 10
    Info (278004): Inferred divider/modulo megafunction ("lpm_divide") from the following logic: "DisplayController:display_inst|ScoreDisplay:bestDisplay|Mod1" File: C:/ADD/AdvancedDigitalDesignFinal/src/ScoreDisplay.v Line: 11
Info (12130): Elaborated megafunction instantiation "DisplayController:display_inst|ScoreDisplay:scoreDisplay|lpm_divide:Div0" File: C:/ADD/AdvancedDigitalDesignFinal/src/ScoreDisplay.v Line: 10
Info (12133): Instantiated megafunction "DisplayController:display_inst|ScoreDisplay:scoreDisplay|lpm_divide:Div0" with the following parameter: File: C:/ADD/AdvancedDigitalDesignFinal/src/ScoreDisplay.v Line: 10
    Info (12134): Parameter "LPM_WIDTHN" = "7"
    Info (12134): Parameter "LPM_WIDTHD" = "4"
    Info (12134): Parameter "LPM_NREPRESENTATION" = "UNSIGNED"
    Info (12134): Parameter "LPM_DREPRESENTATION" = "UNSIGNED"
Info (12021): Found 1 design units, including 1 entities, in source file db/lpm_divide_4am.tdf
    Info (12023): Found entity 1: lpm_divide_4am File: C:/ADD/AdvancedDigitalDesignFinal/syn/db/lpm_divide_4am.tdf Line: 25
Info (12021): Found 1 design units, including 1 entities, in source file db/sign_div_unsign_akh.tdf
    Info (12023): Found entity 1: sign_div_unsign_akh File: C:/ADD/AdvancedDigitalDesignFinal/syn/db/sign_div_unsign_akh.tdf Line: 25
Info (12021): Found 1 design units, including 1 entities, in source file db/alt_u_div_qse.tdf
    Info (12023): Found entity 1: alt_u_div_qse File: C:/ADD/AdvancedDigitalDesignFinal/syn/db/alt_u_div_qse.tdf Line: 23
Info (12130): Elaborated megafunction instantiation "DisplayController:display_inst|ScoreDisplay:scoreDisplay|lpm_divide:Mod0" File: C:/ADD/AdvancedDigitalDesignFinal/src/ScoreDisplay.v Line: 10
Info (12133): Instantiated megafunction "DisplayController:display_inst|ScoreDisplay:scoreDisplay|lpm_divide:Mod0" with the following parameter: File: C:/ADD/AdvancedDigitalDesignFinal/src/ScoreDisplay.v Line: 10
    Info (12134): Parameter "LPM_WIDTHN" = "7"
    Info (12134): Parameter "LPM_WIDTHD" = "4"
    Info (12134): Parameter "LPM_NREPRESENTATION" = "UNSIGNED"
    Info (12134): Parameter "LPM_DREPRESENTATION" = "UNSIGNED"
Info (12021): Found 1 design units, including 1 entities, in source file db/lpm_divide_72m.tdf
    Info (12023): Found entity 1: lpm_divide_72m File: C:/ADD/AdvancedDigitalDesignFinal/syn/db/lpm_divide_72m.tdf Line: 25
Info (12130): Elaborated megafunction instantiation "DisplayController:display_inst|lpm_divide:Div0" File: C:/ADD/AdvancedDigitalDesignFinal/src/DisplayController.v Line: 112
Info (12133): Instantiated megafunction "DisplayController:display_inst|lpm_divide:Div0" with the following parameter: File: C:/ADD/AdvancedDigitalDesignFinal/src/DisplayController.v Line: 112
    Info (12134): Parameter "LPM_WIDTHN" = "32"
    Info (12134): Parameter "LPM_WIDTHD" = "25"
    Info (12134): Parameter "LPM_NREPRESENTATION" = "UNSIGNED"
    Info (12134): Parameter "LPM_DREPRESENTATION" = "UNSIGNED"
Info (12021): Found 1 design units, including 1 entities, in source file db/lpm_divide_5dm.tdf
    Info (12023): Found entity 1: lpm_divide_5dm File: C:/ADD/AdvancedDigitalDesignFinal/syn/db/lpm_divide_5dm.tdf Line: 25
Info (12021): Found 1 design units, including 1 entities, in source file db/sign_div_unsign_bnh.tdf
    Info (12023): Found entity 1: sign_div_unsign_bnh File: C:/ADD/AdvancedDigitalDesignFinal/syn/db/sign_div_unsign_bnh.tdf Line: 25
Info (12021): Found 1 design units, including 1 entities, in source file db/alt_u_div_s2f.tdf
    Info (12023): Found entity 1: alt_u_div_s2f File: C:/ADD/AdvancedDigitalDesignFinal/syn/db/alt_u_div_s2f.tdf Line: 23
Warning (14284): Synthesized away the following node(s):
    Warning (14285): Synthesized away the following RAM node(s):
        Warning (14320): Synthesized away node "GameController:game_inst|ScoreTracker:ScoreTracker1|RAM_Score:ScoreRAM|altsyncram:altsyncram_component|altsyncram_evn1:auto_generated|q_a[0]" File: C:/ADD/AdvancedDigitalDesignFinal/syn/db/altsyncram_evn1.tdf Line: 37
        Warning (14320): Synthesized away node "GameController:game_inst|ScoreTracker:ScoreTracker1|RAM_Score:ScoreRAM|altsyncram:altsyncram_component|altsyncram_evn1:auto_generated|q_a[1]" File: C:/ADD/AdvancedDigitalDesignFinal/syn/db/altsyncram_evn1.tdf Line: 62
        Warning (14320): Synthesized away node "GameController:game_inst|ScoreTracker:ScoreTracker1|RAM_Score:ScoreRAM|altsyncram:altsyncram_component|altsyncram_evn1:auto_generated|q_a[2]" File: C:/ADD/AdvancedDigitalDesignFinal/syn/db/altsyncram_evn1.tdf Line: 87
        Warning (14320): Synthesized away node "GameController:game_inst|ScoreTracker:ScoreTracker1|RAM_Score:ScoreRAM|altsyncram:altsyncram_component|altsyncram_evn1:auto_generated|q_a[3]" File: C:/ADD/AdvancedDigitalDesignFinal/syn/db/altsyncram_evn1.tdf Line: 112
        Warning (14320): Synthesized away node "GameController:game_inst|ScoreTracker:ScoreTracker1|RAM_Score:ScoreRAM|altsyncram:altsyncram_component|altsyncram_evn1:auto_generated|q_a[4]" File: C:/ADD/AdvancedDigitalDesignFinal/syn/db/altsyncram_evn1.tdf Line: 137
        Warning (14320): Synthesized away node "GameController:game_inst|ScoreTracker:ScoreTracker1|RAM_Score:ScoreRAM|altsyncram:altsyncram_component|altsyncram_evn1:auto_generated|q_a[5]" File: C:/ADD/AdvancedDigitalDesignFinal/syn/db/altsyncram_evn1.tdf Line: 162
        Warning (14320): Synthesized away node "GameController:game_inst|ScoreTracker:ScoreTracker1|RAM_Score:ScoreRAM|altsyncram:altsyncram_component|altsyncram_evn1:auto_generated|q_a[6]" File: C:/ADD/AdvancedDigitalDesignFinal/syn/db/altsyncram_evn1.tdf Line: 187
Warning (13024): Output pins are stuck at VCC or GND
    Warning (13410): Pin "Display2[3]" is stuck at VCC File: C:/ADD/AdvancedDigitalDesignFinal/src/WhackAMole.v Line: 11
Info (286030): Timing-Driven Synthesis is running
Info (17049): 38 registers lost all their fanouts during netlist optimizations.
Info (17036): Removed 2 MSB VCC or GND address nodes from RAM block "Authentication:auth_inst|ROM_PSWD:pswd_ROM|altsyncram:altsyncram_component|altsyncram_nlf1:auto_generated|ALTSYNCRAM" File: C:/ADD/AdvancedDigitalDesignFinal/syn/db/altsyncram_nlf1.tdf Line: 32
Info (17036): Removed 2 MSB VCC or GND address nodes from RAM block "Authentication:auth_inst|PLAYER_ID_ROM:pid_ROM|altsyncram:altsyncram_component|altsyncram_j5g1:auto_generated|ALTSYNCRAM" File: C:/ADD/AdvancedDigitalDesignFinal/syn/db/altsyncram_j5g1.tdf Line: 32
Info (144001): Generated suppressed messages file C:/ADD/AdvancedDigitalDesignFinal/syn/output_files/WhackAMole.map.smsg
Info (16010): Generating hard_block partition "hard_block:auto_generated_inst"
    Info (16011): Adding 0 node(s), including 0 DDIO, 0 PLL, 0 transceiver and 0 LCELL
Info (21057): Implemented 1205 device resources after synthesis - the final resource count might be different
    Info (21058): Implemented 10 input pins
    Info (21059): Implemented 44 output pins
    Info (21061): Implemented 1111 logic cells
    Info (21064): Implemented 40 RAM segments
Info: Quartus Prime Analysis & Synthesis was successful. 0 errors, 62 warnings
    Info: Peak virtual memory: 4868 megabytes
    Info: Processing ended: Mon May 11 17:45:13 2026
    Info: Elapsed time: 00:00:14
    Info: Total CPU time (on all processors): 00:00:28


+------------------------------------------+
; Analysis & Synthesis Suppressed Messages ;
+------------------------------------------+
The suppressed messages can be found in C:/ADD/AdvancedDigitalDesignFinal/syn/output_files/WhackAMole.map.smsg.


